id,productDisplayName,articleType,subCategory,image_path,text_pred,img_pred,img_conf,audit
5214,Disney Kids Boy's White Mickey Abhoy Red Set of 2 Kidswear,Tshirts,Topwear,5214.jpg,Topwear,Topwear,0.99967265,OK
7816,Puma Women Corsica Mid L Shine Black Grey Shoe,Casual Shoes,Shoes,7816.jpg,Shoes,Shoes,0.9999987,OK
53149,Catwalk Women Red Heels,Heels,Shoes,53149.jpg,Shoes,Shoes,0.9999924,OK
49967,Hanes Men White Pack of Two Premium Bikini Briefs,Briefs,Innerwear,49967.jpg,Innerwear,Innerwear,0.9735754,OK
48786,Lucera Women Silver Pendant,Pendant,Jewellery,48786.jpg,Jewellery,Jewellery,0.81641,OK
58984,Colour Me Women Purple Deo,Deodorant,Fragrance,58984.jpg,Fragrance,Fragrance,0.99998057,OK
27625,Scullers Men Grey Shorts,Shorts,Bottomwear,27625.jpg,Bottomwear,Bottomwear,0.94574916,OK
26459,Puma Women Trinity White Checked Canvas Shoes,Casual Shoes,Shoes,26459.jpg,Shoes,Shoes,0.99636024,OK
7908,Proline Men Cream & Purple Striped Polo T-shirt,Tshirts,Topwear,7908.jpg,Topwear,Topwear,0.9999678,OK
46279,109F Women Blue & Green Polka Dot Print Tunic,Tunics,Topwear,46279.jpg,Topwear,Topwear,0.999997,OK
19549,United Colors of Benetton Men Solid Grey Sweatshirt,Sweatshirts,Topwear,19549.jpg,Topwear,Topwear,0.9985684,OK
8823,Spykar Men Range Solid Black Shirts,Shirts,Topwear,8823.jpg,Topwear,Topwear,0.9587021,OK
43355,Reebok Men Black Fuel Techno Sports Shoes,Sports Shoes,Shoes,43355.jpg,Shoes,Shoes,0.99713326,OK
34415,Myntra Men Soul Rebel Blue T-shirt,Tshirts,Topwear,34415.jpg,Topwear,Topwear,0.99977034,OK
50233,Stoln Women Black Sunglasses,Sunglasses,Eyewear,50233.jpg,Eyewear,Eyewear,0.9999958,OK
17241,U.S. Polo Assn. Men Stripes Raspberry Wine Polo Tshirt,Tshirts,Topwear,17241.jpg,Topwear,Topwear,0.9999684,OK
30258,Red Tape Men Brown Shoes,Casual Shoes,Shoes,30258.jpg,Shoes,Shoes,0.9971818,OK
57980,Doodle Girls White and Purple Printed Top,Tops,Topwear,57980.jpg,Topwear,Bags,0.9256926,ONE MODEL DISAGREES
18486,Puma Women Washed Blue Jeans,Jeans,Bottomwear,18486.jpg,Bottomwear,Bottomwear,0.99999595,OK
31720,Fabindia Girls Anusuya Silver Earrings,Earrings,Jewellery,31720.jpg,Jewellery,Jewellery,0.99999976,OK
50379,Vishudh Women Black & White Salwar and Dupatta,Salwar and Dupatta,Bottomwear,50379.jpg,Bottomwear,Topwear,0.5327912,ONE MODEL DISAGREES
18332,Fila Unisex Navy Blue & Red Ventos Backpacks,Backpacks,Bags,18332.jpg,Bags,Bags,1.0,OK
22253,ID Men Red Casual Shoes,Casual Shoes,Shoes,22253.jpg,Shoes,Shoes,0.9996001,OK
43289,Murcia Women Tribal Pink Handbag,Handbags,Bags,43289.jpg,Bags,Bags,1.0,OK
35827,Fila Men Cavier White Sports Shoes,Sports Shoes,Shoes,35827.jpg,Shoes,Shoes,0.999987,OK
37967,Clarks Women Un Swish Patent White Sandals,Heels,Shoes,37967.jpg,Shoes,Shoes,0.9996549,OK
7960,Puma Men's Large Logo Graphic Green T-shirt,Tshirts,Topwear,7960.jpg,Topwear,Topwear,0.9999995,OK
6462,Lotto Men's Leisure Black Shoe,Casual Shoes,Shoes,6462.jpg,Shoes,Shoes,0.999959,OK
8356,Doodle Boy's End Is Just Begining Black Kidswear,Tshirts,Topwear,8356.jpg,Topwear,Topwear,0.99993896,OK
57352,Amante Black T-Shirt Bra BGSC02,Bra,Innerwear,57352.jpg,Innerwear,Innerwear,0.99982136,OK
6166,Lee Men's City Stormy Grey T-shirt,Tshirts,Topwear,6166.jpg,Topwear,Topwear,0.9952903,OK
3986,Mr.Men Men's Strong Lemon Yellow T-shirt,Tshirts,Topwear,3986.jpg,Topwear,Topwear,0.99960214,OK
50916,Parx Men White Briefs,Briefs,Innerwear,50916.jpg,Innerwear,Innerwear,0.9999261,OK
14722,Scullers For Her Women Casual Shirt Black Shirts,Shirts,Topwear,14722.jpg,Topwear,Topwear,0.9999987,OK
29935,Police Men White Digital Watch PL12898JS-02A,Watches,Watches,29935.jpg,Watches,Watches,0.99999917,OK
53418,Alma Women Green Printed Kurta,Kurtas,Topwear,53418.jpg,Topwear,Topwear,0.9999976,OK
27218,Doodle Kids Boy Printed Blue Shorts,Shorts,Bottomwear,27218.jpg,Bottomwear,Bottomwear,0.9967572,OK
47617,Portia Women Black & White Flats,Flats,Shoes,47617.jpg,Shoes,Shoes,0.98802525,OK
33516,Cobblerz Women Cream-Coloured Peep Toes,Heels,Shoes,33516.jpg,Shoes,Shoes,0.9999802,OK
54329,Garfield Women Black String Briefs,Briefs,Innerwear,54329.jpg,Innerwear,Innerwear,0.99995184,OK
37710,John Players Men Printed Blue T-shirt,Tshirts,Topwear,37710.jpg,Topwear,Topwear,0.9999989,OK
59544,Lucera Silver Earrings,Earrings,Jewellery,59544.jpg,Jewellery,Jewellery,0.9999988,OK
28444,Kiara Women Green Handbag,Handbags,Bags,28444.jpg,Bags,Bags,0.9999975,OK
57150,Elle Women White Top,Tops,Topwear,57150.jpg,Topwear,Topwear,0.9993967,OK
20488,Baggit Women Black Ishqiya Taj Handbag,Handbags,Bags,20488.jpg,Bags,Bags,0.9999908,OK
29291,Wrangler Men Striped Green Shirt,Shirts,Topwear,29291.jpg,Topwear,Topwear,0.99891186,OK
5811,Puma Women's Pop White T-shirt,Tshirts,Topwear,5811.jpg,Topwear,Topwear,0.9995327,OK
16170,Enroute Men Leather Tan Formal Shoes,Formal Shoes,Shoes,16170.jpg,Shoes,Shoes,0.99184287,OK
29490,Giordano Women Silver Dial Watch,Watches,Watches,29490.jpg,Watches,Watches,1.0,OK
58104,Rreverie Silver Ring,Ring,Jewellery,58104.jpg,Jewellery,Jewellery,0.9997725,OK
6185,Lee Men's Hentry Smoke Grey T-shirt,Tshirts,Topwear,6185.jpg,Topwear,Topwear,0.9998839,OK
14732,Arrow Men Stripes Blue Shirts,Shirts,Topwear,14732.jpg,Topwear,Topwear,0.9999807,OK
16610,Genesis Men Solid Black Trouser,Trousers,Bottomwear,16610.jpg,Bottomwear,Bottomwear,0.99999154,OK
21299,Celine Dion Women Black Frame Sunglasses,Sunglasses,Eyewear,21299.jpg,Eyewear,Eyewear,0.99999905,OK
31792,Lee Women Apple Coral Top,Tops,Topwear,31792.jpg,Topwear,Topwear,0.9999337,OK
37793,John Players Men Blue Striped Shirt,Shirts,Topwear,37793.jpg,Topwear,Topwear,0.9999777,OK
4504,Lotto Men's Swing White Silver Shoe,Sports Shoes,Shoes,4504.jpg,Shoes,Shoes,0.99995005,OK
10630,Carlton London Men Casual Navy Blue Casual Shoes,Casual Shoes,Shoes,10630.jpg,Shoes,Shoes,0.9982179,OK
29994,Aspen Women Black Dial Watch,Watches,Watches,29994.jpg,Watches,Watches,1.0,OK
22355,John Players Men Solid Blue Shirt,Shirts,Topwear,22355.jpg,Topwear,Topwear,0.9999993,OK
15306,ADIDAS Men Vanquish 5 M Black Sports Shoes,Sports Shoes,Shoes,15306.jpg,Shoes,Shoes,0.998073,OK
42087,ADIDAS Men White Aztek Shoes,Sports Shoes,Shoes,42087.jpg,Shoes,Shoes,0.9998981,OK
13987,Puma Men 3.0 Mid Navy Blue Casual Shoes,Casual Shoes,Shoes,13987.jpg,Shoes,Shoes,0.9997501,OK
28899,Enamor Women Blue Mid-Rise Bikini Brief,Briefs,Innerwear,28899.jpg,Innerwear,Innerwear,0.99825436,OK
28529,Nike Women Day After Day Purple T-shirt,Tshirts,Topwear,28529.jpg,Topwear,Topwear,0.999969,OK
13582,Hanes Men Pack of 2 Half Contrast Piping Ringer T-shirts,Innerwear Vests,Innerwear,13582.jpg,Innerwear,Innerwear,0.98702294,OK
46656,Rasasi Women Royale Blue Deo,Deodorant,Fragrance,46656.jpg,Fragrance,Fragrance,0.99999774,OK
39324,Gini and Jony Girls Blue Shorts,Shorts,Bottomwear,39324.jpg,Bottomwear,Bottomwear,0.9997471,OK
21067,Clarks Men Gofor Life Brown Casual Shoe,Casual Shoes,Shoes,21067.jpg,Shoes,Shoes,0.9998518,OK
32572,ONLY Women Grey Top,Tops,Topwear,32572.jpg,Topwear,Topwear,0.99987817,OK
54718,Shree Women Purple and White Printed Kurta,Kurtas,Topwear,54718.jpg,Topwear,Topwear,0.99898726,OK
53809,Ayaany Women White Tunic,Tunics,Topwear,53809.jpg,Topwear,Topwear,0.9992894,OK
52680,Morellato Men Silver Dial Watch,Watches,Watches,52680.jpg,Watches,Watches,1.0,OK
39017,CASIO ENTICER Women White Dial Analogue Watch A625 ,Watches,Watches,39017.jpg,Watches,Watches,1.0,OK
10481,Flying Machine Men Ydc Blue Shirts,Shirts,Topwear,10481.jpg,Topwear,Topwear,0.99999225,OK
2154,Basics Men Red & Grey Polo T-shirt,Tshirts,Topwear,2154.jpg,Topwear,Topwear,0.9999869,OK
8814,Spykar Men Ranger Blue Black Check Shirts,Shirts,Topwear,8814.jpg,Topwear,Topwear,0.9996792,OK
8947,Indigo Nation Men ID Printed Grey Trousers,Trousers,Bottomwear,8947.jpg,Bottomwear,Bottomwear,0.99998116,OK
49764,Vishudh Black Leggings,Leggings,Bottomwear,49764.jpg,Bottomwear,Bottomwear,0.9999862,OK
59093,Peri Peri Women White Bra,Bra,Innerwear,59093.jpg,Innerwear,Innerwear,0.9999237,OK
57816,United Colors of Benetton Women Khaki Tunic,Tunics,Topwear,57816.jpg,Topwear,Topwear,0.98951155,OK
4637,ADIDAS Women Phantom Low White Red Grey Shoe,Sports Shoes,Shoes,4637.jpg,Shoes,Shoes,0.9998561,OK
44566,Coolers Men Brown Sandals,Sandals,Sandal,44566.jpg,Sandal,Sandal,0.96302587,OK
1941,Domyos Brown Bag,Handbags,Bags,1941.jpg,Bags,Bags,1.0,OK
19717,United Colors of Benetton Men Check Blue Shirt,Shirts,Topwear,19717.jpg,Topwear,Topwear,0.9999782,OK
11169,Scullers Men Stripes Green Sweaters,Sweaters,Topwear,11169.jpg,Topwear,Topwear,0.9999975,OK
59547,Lucera Silver Earrings,Earrings,Jewellery,59547.jpg,Jewellery,Jewellery,0.9999968,OK
24693,Locomotive Men Grey Printed T-Shirt,Tshirts,Topwear,24693.jpg,Topwear,Topwear,0.9999143,OK
5269,Wildcraft Unisex Green Printed Duffel Bag,Duffel Bag,Bags,5269.jpg,Bags,Bags,0.99999726,OK
14487,Flying Machine Men Casual Black Casual Shoes,Casual Shoes,Shoes,14487.jpg,Shoes,Shoes,0.9999956,OK
49363,Vans Men Beige Casual Shoes,Casual Shoes,Shoes,49363.jpg,Shoes,Shoes,0.9998048,OK
13637,Hanes Men Grey Premium Sleeveless Crew T-shirt,Innerwear Vests,Innerwear,13637.jpg,Innerwear,Innerwear,0.996983,OK
12169,Aurelia Women Voile Green Dupatta,Dupatta,Topwear,12169.jpg,Topwear,Topwear,0.99945563,OK
34096,Doodle Boys Printed Red T-shirt,Tshirts,Topwear,34096.jpg,Topwear,Topwear,0.99721414,OK
32780,Music Men Printed Grey T-shirt,Tshirts,Topwear,32780.jpg,Topwear,Topwear,0.9999975,OK
41435,Lee Cooper Men White Sports Shoes,Sports Shoes,Shoes,41435.jpg,Shoes,Shoes,0.99994636,OK
24836,New Balance Women Grey Sports Shoes,Sports Shoes,Shoes,24836.jpg,Shoes,Shoes,0.9998011,OK
58053,Rreverie Purple & Pink Earrings,Earrings,Jewellery,58053.jpg,Jewellery,Jewellery,0.99995387,OK
9216,Puma Men Benecio Canvas Black Casual Shoes,Casual Shoes,Shoes,9216.jpg,Shoes,Shoes,0.9975915,OK
5820,ADIDAS Women's Prt Yellow T-shirt,Tshirts,Topwear,5820.jpg,Topwear,Topwear,0.9987851,OK
16109,M tv Men My Fab Eyewear Brown Sunglasses,Sunglasses,Eyewear,16109.jpg,Eyewear,Eyewear,0.9999994,OK
1526,Puma Big Cat Backpack Black,Backpacks,Bags,1526.jpg,Bags,Bags,0.9999999,OK
24820,Carlton London Men Khaki Shoes,Casual Shoes,Shoes,24820.jpg,Shoes,Shoes,0.9997149,OK
7887,Proline Men Blue Track Pants,Track Pants,Bottomwear,7887.jpg,Bottomwear,Bottomwear,0.9999809,OK
18707,Hanes Women Pack of Three 100% Cotton Plain Hipsters,Briefs,Innerwear,18707.jpg,Innerwear,Innerwear,0.9999999,OK
21508,Kiara Black Women Casual Handbag,Handbags,Bags,21508.jpg,Bags,Bags,1.0,OK
24024,Locomotive Men Printed Black T-shirt,Tshirts,Topwear,24024.jpg,Topwear,Topwear,0.9999993,OK
20501,Baggit Women Pride Taj Purple Handbag,Handbags,Bags,20501.jpg,Bags,Bags,0.9999814,OK
26882,Jealous 21 Women Printed White T-shirt,Tshirts,Topwear,26882.jpg,Topwear,Topwear,0.99994695,OK
45642,Park Avenue Men Red Swank Brief,Briefs,Innerwear,45642.jpg,Innerwear,Innerwear,0.9999136,OK
58934,Tommy Hilfiger Men Black Dial Watch TH1790770-D,Watches,Watches,58934.jpg,Watches,Watches,1.0,OK
58518,Tonga Women Black & Red Top,Tops,Topwear,58518.jpg,Topwear,Topwear,0.9994165,OK
6712,Locomotive Men's Round Neck Blue T-shirt,Tshirts,Topwear,6712.jpg,Topwear,Topwear,0.9998896,OK
14773,Arrow Men Stripes Black Shirts,Shirts,Topwear,14773.jpg,Topwear,Topwear,0.9384704,OK
12480,Clarks Men Black Leather Formal Shoes,Formal Shoes,Shoes,12480.jpg,Shoes,Shoes,0.99997425,OK
9163,Locomotive Men Cael Blue Jeans,Jeans,Bottomwear,9163.jpg,Bottomwear,Bottomwear,0.9999902,OK
39516,Peter England Unisex Orange Laptop Bag,Laptop Bag,Bags,39516.jpg,Bags,Bags,1.0,OK
41606,Basics Men Beige Shirt,Shirts,Topwear,41606.jpg,Topwear,Topwear,0.99997866,OK
42626,Estelle Women Earrings,Earrings,Jewellery,42626.jpg,Jewellery,Jewellery,0.9999999,OK
22743,BIBA Women Printed Blue Kurta,Kurtas,Topwear,22743.jpg,Topwear,Topwear,0.9996711,OK
9527,ADIDAS Unisex 3S Black Backpacks,Backpacks,Bags,9527.jpg,Bags,Bags,0.99642247,OK
43545,Woodland Men Brown Sandals,Sandals,Sandal,43545.jpg,Sandal,Sandal,0.73596865,OK
50618,Chromozome Men Grey Brief,Briefs,Innerwear,50618.jpg,Innerwear,Innerwear,0.99984336,OK
52827,Adrika White Earrings,Earrings,Jewellery,52827.jpg,Jewellery,Jewellery,0.994558,OK
9765,Puma Men Ducati heritage Black Tshirts,Tshirts,Topwear,9765.jpg,Topwear,Topwear,0.9954698,OK
20554,Baggit Women Angel Hoor Green Mobile Pouch,Mobile Pouch,Bags,20554.jpg,Bags,Bags,0.99999774,OK
22643,Nike Men Printed Yellow T-shirt,Tshirts,Topwear,22643.jpg,Topwear,Topwear,0.9998412,OK
30906,Fabindia Women Reversible Jacket,Jackets,Topwear,30906.jpg,Topwear,Topwear,0.99923444,OK
3084,Probase Men's Cartoon Red T-shirt,Tshirts,Topwear,3084.jpg,Topwear,Topwear,0.9999827,OK
51675,Louis Philippe Men Gold Sunglasses,Sunglasses,Eyewear,51675.jpg,Eyewear,Eyewear,0.9997521,OK
7712,Puma Men's El Ace 2 Black Grey Purple Shoe,Sports Shoes,Shoes,7712.jpg,Shoes,Shoes,0.99932265,OK
33823,Puma Women Axis Grey Sports Shoes,Sports Shoes,Shoes,33823.jpg,Shoes,Shoes,0.99779296,OK
35808,Enroute Women Cream Flats,Heels,Shoes,35808.jpg,Shoes,Shoes,0.99990726,OK
40570,W Women Blue Kurta,Kurtas,Topwear,40570.jpg,Topwear,Topwear,0.9999988,OK
18757,Arrow Woman Kiro White Shirt,Shirts,Topwear,18757.jpg,Topwear,Topwear,0.99993634,OK
46399,ADIDAS Men Grey Olive Shorts,Shorts,Bottomwear,46399.jpg,Bottomwear,Bottomwear,0.99537235,OK
53557,Probase Black Printed Boxers,Boxers,Innerwear,53557.jpg,Innerwear,Innerwear,0.99862504,OK
17252,U.S. Polo Assn. Men Printed Navy Blue Tshirt,Tshirts,Topwear,17252.jpg,Topwear,Topwear,0.9993724,OK
31270,Puma Men Hamburg Graphic Navy Blue T-shirt,Tshirts,Topwear,31270.jpg,Topwear,Topwear,0.99580526,OK
21122,s.Oliver Men Check Maroon Shirt,Shirts,Topwear,21122.jpg,Topwear,Topwear,0.99996793,OK
14798,United Colors of Benetton Women Solid Coffee Brown Handbags,Handbags,Bags,14798.jpg,Bags,Bags,1.0,OK
23744,Ray-Ban Men High Street White Sunglasses,Sunglasses,Eyewear,23744.jpg,Eyewear,Eyewear,0.999998,OK
39121,Aneri Women Pink Leggings,Leggings,Bottomwear,39121.jpg,Bottomwear,Bottomwear,0.99985564,OK
19036,Catwalk Women Tan Heels,Heels,Shoes,19036.jpg,Shoes,Shoes,0.8056012,OK
37480,Esprit Women White Watch,Watches,Watches,37480.jpg,Watches,Watches,0.9999801,OK
33353,Homme Men Black Formal Oxford Shoes,Formal Shoes,Shoes,33353.jpg,Shoes,Shoes,0.9990256,OK
53791,Puma Men White T-shirt,Tshirts,Topwear,53791.jpg,Topwear,Topwear,0.9963403,OK
50746,Red Chief Men Black Formal Shoes,Formal Shoes,Shoes,50746.jpg,Shoes,Shoes,0.9999502,OK
25418,Nike Men Ballista White Sports Shoes,Sports Shoes,Shoes,25418.jpg,Shoes,Shoes,0.99997294,OK
2938,DUSG Women Crane Bamboo Top,Tops,Topwear,2938.jpg,Topwear,Topwear,0.9999995,OK
29756,Fossil Women Silver-Toned Dial Chronograph Watch ES2883,Watches,Watches,29756.jpg,Watches,Watches,1.0,OK
45646,Park Avenue Men Grey Briefs,Briefs,Innerwear,45646.jpg,Innerwear,Innerwear,0.9997763,OK
13785,Belmonte Men Solid Black Trousers,Trousers,Bottomwear,13785.jpg,Bottomwear,Bottomwear,0.9999976,OK
40021,ADIDAS Men Grey T-shirt,Tshirts,Topwear,40021.jpg,Topwear,Topwear,0.999959,OK
25149,Lino Perros Women Black Handbag,Handbags,Bags,25149.jpg,Bags,Bags,1.0,OK
22735,Nike Women Grey Lunarswift +3 Sports Shoes,Sports Shoes,Shoes,22735.jpg,Shoes,Shoes,0.9999888,OK
7979,Fila Men's Crew Neck White T-shirt,Tshirts,Topwear,7979.jpg,Topwear,Topwear,0.9999927,OK
58282,Baggit Women Purple & Black Sling Bag,Handbags,Bags,58282.jpg,Bags,Bags,0.92085755,OK
7215,Jealous 21 Women Band With Pink Top,Tops,Topwear,7215.jpg,Topwear,Topwear,0.9999981,OK
16951,Image Men Classic Eyewear Black Sunglasses,Sunglasses,Eyewear,16951.jpg,Eyewear,Eyewear,0.99999857,OK
1572,Kalenji Mens Essential Training Track Pants,Track Pants,Bottomwear,1572.jpg,Bottomwear,Bottomwear,0.99999523,OK
9040,Buckaroo Men Victor Brown Formal Shoes,Formal Shoes,Shoes,9040.jpg,Shoes,Shoes,0.9999807,OK
7179,Jealous 21 Women Blue Jegging,Jeans,Bottomwear,7179.jpg,Bottomwear,Bottomwear,0.99999964,OK
32930,Van Heusen Woman Black Shirt,Shirts,Topwear,32930.jpg,Topwear,Topwear,0.99999857,OK
13282,Gini and Jony Kids Solid Black Capris,Capris,Bottomwear,13282.jpg,Bottomwear,Bottomwear,1.0,OK
7507,Nike Women As Be Strong Grey Capri,Capris,Bottomwear,7507.jpg,Bottomwear,Bottomwear,0.99999475,OK
7192,Jealous 21 Women Brown Jeggings,Jeans,Bottomwear,7192.jpg,Bottomwear,Bottomwear,0.9999989,OK
28581,ADIDAS Originals Men Black Dial Watch ADH2653,Watches,Watches,28581.jpg,Watches,Watches,0.9991266,OK
35260,Lee Women Jennifer Blue Top,Tops,Topwear,35260.jpg,Topwear,Topwear,0.99999964,OK
16940,Image Women Classic Eyewear Green Sunglasses,Sunglasses,Eyewear,16940.jpg,Eyewear,Eyewear,0.9999881,OK
11003,Puma Men Fluctuation Red Dial Watch,Watches,Watches,11003.jpg,Watches,Watches,0.5350792,OK
8590,Scullers Men Purple Shirt,Shirts,Topwear,8590.jpg,Topwear,Topwear,0.99985933,OK
26140,John Miller Men Striped Black Trousers,Trousers,Bottomwear,26140.jpg,Bottomwear,Bottomwear,0.9999887,OK
51396,Myntra Men Navy Blue Check Shorts,Shorts,Bottomwear,51396.jpg,Bottomwear,Bottomwear,0.9999912,OK
27742,Murcia Women Brown Sling bag,Handbags,Bags,27742.jpg,Bags,Bags,1.0,OK
48587,Lucera Women Silver Bracelet,Bracelet,Jewellery,48587.jpg,Jewellery,Jewellery,0.99997556,OK
36073,OTLS Unisex Khaki Gym Bag,Duffel Bag,Bags,36073.jpg,Bags,Bags,0.99994624,OK
15852,Warner Bros Kids Unisex TJ Dance Canvas Grey Casual Shoes,Casual Shoes,Shoes,15852.jpg,Shoes,Shoes,0.8347066,OK
9062,Mark Taylor Men Pink Striped Shirt,Shirts,Topwear,9062.jpg,Topwear,Topwear,0.9886203,OK
11298,Wrangler Men Blue Floyd Jeans,Jeans,Bottomwear,11298.jpg,Bottomwear,Bottomwear,0.9997956,OK
15064,Franco Leone Men Brown Formal Shoes,Formal Shoes,Shoes,15064.jpg,Shoes,Shoes,0.998899,OK
58973,Colour Me Women Pink Perfume,Perfume and Body Mist,Fragrance,58973.jpg,Fragrance,Fragrance,0.9999987,OK
51367,Spykar Women Navy Blue Jeans,Jeans,Bottomwear,51367.jpg,Bottomwear,Bottomwear,0.9999964,OK
47079,Shree Women Purple & Green Patiala,Patiala,Bottomwear,47079.jpg,Bottomwear,Bottomwear,0.94211173,OK
46280,109F Women Multicoloured Printed Tunic,Tunics,Topwear,46280.jpg,Topwear,Topwear,0.9836483,OK
2298,Nike Mens Core Cotton Red T-shirt,Tshirts,Topwear,2298.jpg,Topwear,Topwear,0.999912,OK
18743,Arrow Woman Cameron Orange Top,Tops,Topwear,18743.jpg,Topwear,Topwear,0.9999789,OK
20492,Baggit Women Posh Taj Black Handbag,Handbags,Bags,20492.jpg,Bags,Bags,1.0,OK
15471,Puma Women TP Graphic Green Tshirts,Tshirts,Topwear,15471.jpg,Topwear,Topwear,0.9999993,OK
3586,Converse Men Black All Star Canvas Mono Hi Casual Shoes,Casual Shoes,Shoes,3586.jpg,Shoes,Shoes,0.9994357,OK
17126,Lino Perros Women Front Pocket Brown Handbag,Handbags,Bags,17126.jpg,Bags,Bags,0.9999963,OK
20165,Wrangler Men Biker White Shirt,Shirts,Topwear,20165.jpg,Topwear,Topwear,0.9997038,OK
50208,Stoln Women Black Sunglasses,Sunglasses,Eyewear,50208.jpg,Eyewear,Eyewear,0.9999957,OK
4391,Free Authority Men's Bikes Grey Violet T-shirt,Tshirts,Topwear,4391.jpg,Topwear,Topwear,0.9998888,OK
6008,Highlander Men Yellow Black Checked Shirt,Shirts,Topwear,6008.jpg,Topwear,Topwear,0.998719,OK
3439,Delhi Daredevils Mens Match Jersey,Tshirts,Topwear,3439.jpg,Topwear,Topwear,0.9905634,OK
28166,Ray-Ban Men Aviator Gold Sunglasses,Sunglasses,Eyewear,28166.jpg,Eyewear,Eyewear,0.9999901,OK
47624,Portia Women Maroon Flats,Heels,Shoes,47624.jpg,Shoes,Shoes,0.99856585,OK
54146,Femella Women Black Top,Tops,Topwear,54146.jpg,Topwear,Topwear,0.9995234,OK
11704,Lee Men Check Navy Blue Shirts,Shirts,Topwear,11704.jpg,Topwear,Topwear,0.99998975,OK
23852,ADIDAS Men Black Talus Runner Sports Shoes,Sports Shoes,Shoes,23852.jpg,Shoes,Shoes,0.98884684,OK
19593,United Colors of Benetton Women Printed Brown Top,Tops,Topwear,19593.jpg,Topwear,Topwear,0.9999678,OK
14005,Nike Men Solid Red Jerseys,Tshirts,Topwear,14005.jpg,Topwear,Topwear,0.99994254,OK
7178,Jealous 21 Women Medium Dark Blue Jegging,Track Pants,Bottomwear,7178.jpg,Bottomwear,Bottomwear,0.99999225,OK
10448,Flying Machine Men Grey Polo Tshirts,Tshirts,Topwear,10448.jpg,Topwear,Topwear,0.99997354,OK
54913,Do u speak green Men Printed Beige Sweatshirt,Sweatshirts,Topwear,54913.jpg,Topwear,Topwear,0.99999094,OK
24753,Spykar Women Blue Slim Fit Jeans,Jeans,Bottomwear,24753.jpg,Bottomwear,Bottomwear,0.9999434,OK
40394,Tonga Women Pink Printed Top,Tops,Topwear,40394.jpg,Topwear,Topwear,0.9999875,OK
36774,Maxima Men White Dial Attivo Watch,Watches,Watches,36774.jpg,Watches,Watches,1.0,OK
28703,W Women Printed Pink Kurta,Kurtas,Topwear,28703.jpg,Topwear,Topwear,0.9987404,OK
37803,John Players Men Navy Blue Cotton Linen Shirt,Shirts,Topwear,37803.jpg,Topwear,Topwear,0.999546,OK
11052,Scullers Men Check White Shirts,Shirts,Topwear,11052.jpg,Topwear,Topwear,0.99910456,OK
27398,Jockey Pink Solid Non-Wired Non-Padded Cross Over Bra 1242-0105,Bra,Innerwear,27398.jpg,Innerwear,Innerwear,0.99958116,OK
38282,DC Comics Boys Red T-shirt,Tshirts,Topwear,38282.jpg,Topwear,Topwear,0.99997914,OK
12147,Aurelia Women Solid Green Kurtis,Kurtis,Topwear,12147.jpg,Topwear,Topwear,0.9994301,OK
6904,Tantra Women's Cool Orange T-shirt,Tshirts,Topwear,6904.jpg,Topwear,Topwear,0.9999999,OK
49065,Lino Perros Women Black Handbag,Handbags,Bags,49065.jpg,Bags,Bags,0.9999988,OK
44993,Maxima Men Digital Multifunction Watch,Watches,Watches,44993.jpg,Watches,Watches,0.99999905,OK
19765,Ice Unisex Stone Black Watch,Watches,Watches,19765.jpg,Watches,Watches,1.0,OK
31897,Heart 2 Heart Women Green Briefs H2H-1-2011,Briefs,Innerwear,31897.jpg,Innerwear,Innerwear,0.99760985,OK
10371,United Colors of Benetton Men Printed Black Sweatshirt,Sweatshirts,Topwear,10371.jpg,Topwear,Topwear,0.99997246,OK
58035,Rreverie Women Silver Earrings,Earrings,Jewellery,58035.jpg,Jewellery,Jewellery,0.99995494,OK
26308,Proline Men Pack of 3 T-Shirts,Tshirts,Topwear,26308.jpg,Topwear,Topwear,0.9988134,OK
29126,Vogue Women Purple Sunglasses,Sunglasses,Eyewear,29126.jpg,Eyewear,Eyewear,0.9999999,OK
4188,Disney Kids Boy's Blue Stripes Little Captain Kidswear,Tshirts,Topwear,4188.jpg,Topwear,Topwear,0.9990355,OK
33928,Citizen Women Brown Dial Watch,Watches,Watches,33928.jpg,Watches,Watches,0.9999937,OK
8285,Mr.Men Men's Charcoal Grey T-shirt,Tshirts,Topwear,8285.jpg,Topwear,Topwear,0.9999901,OK
52536,Pepe Jeans Women Grey Jeans,Jeans,Bottomwear,52536.jpg,Bottomwear,Bottomwear,0.9991572,OK
11778,Lee Men Solid Grey Tshirts,Tshirts,Topwear,11778.jpg,Topwear,Topwear,0.9999026,OK
32736,FILA Men Smash III Black Sports Shoes,Sports Shoes,Shoes,32736.jpg,Shoes,Shoes,0.9533975,OK
18416,Skechers Men USA White Shoe,Casual Shoes,Shoes,18416.jpg,Shoes,Shoes,0.9998443,OK
12257,Genesis Red Striped Formal Shirt,Shirts,Topwear,12257.jpg,Topwear,Topwear,0.99192226,OK
46595,Catwalk Women Pink Flats,Heels,Shoes,46595.jpg,Shoes,Shoes,0.99984086,OK
48822,Lucera Women Silver Pendant,Pendant,Jewellery,48822.jpg,Jewellery,Jewellery,0.99999475,OK
32951,ADIDAS Neo Men Court Sequence Mid Brown Shoes,Casual Shoes,Shoes,32951.jpg,Shoes,Shoes,0.99999225,OK
15804,Facit Men Fusion Brie Grey Briefs,Briefs,Innerwear,15804.jpg,Innerwear,Innerwear,0.99994075,OK
47580,Portia Women White Sandals,Heels,Shoes,47580.jpg,Shoes,Shoes,0.9987299,OK
30673,Park Avenue Men Gold Sunglasses,Sunglasses,Eyewear,30673.jpg,Eyewear,Eyewear,0.99999464,OK
4381,Superman Men's Silhouette Light Blue T-shirt,Tshirts,Topwear,4381.jpg,Topwear,Topwear,0.9880157,OK
20807,Fila Men DNA Tech Blue Sports Shoes,Sports Shoes,Shoes,20807.jpg,Shoes,Shoes,0.99970514,OK
9220,Puma Men Snipper Red Casual Shoes,Casual Shoes,Shoes,9220.jpg,Shoes,Shoes,0.99991167,OK
21853,Chhota Bheem Kids Girls Sea Princess Light Orange T-shirt,Tshirts,Topwear,21853.jpg,Topwear,Topwear,0.98321205,OK
11635,Puma Men Ocean Race White Watches,Watches,Watches,11635.jpg,Watches,Watches,0.9999999,OK
4425,Wrangler Men's Reverse Polo Pique Navy Blue T-shirt,Tshirts,Topwear,4425.jpg,Topwear,Topwear,0.99998593,OK
5423,Ant Kids Boy's Grey Blue Kidswear,Tshirts,Topwear,5423.jpg,Topwear,Topwear,0.99998415,OK
33994,Femella Women Off-White Shirt,Shirts,Topwear,33994.jpg,Topwear,Topwear,0.9999316,OK
28584,ADIDAS Originals Men White Dial Watch ADH2660,Watches,Watches,28584.jpg,Watches,Watches,0.99999917,OK
23093,Converse Men United White Casual Shoes,Casual Shoes,Shoes,23093.jpg,Shoes,Shoes,0.99992406,OK
39945,GAS Men Brown Namib Shoes,Casual Shoes,Shoes,39945.jpg,Shoes,Shoes,0.997712,OK
54589,Sushilas Women Printed Green Kurta,Kurtas,Topwear,54589.jpg,Topwear,Topwear,0.9999993,OK
10462,Flying Machine Men White Polo Tshirts,Tshirts,Topwear,10462.jpg,Topwear,Topwear,0.9999831,OK
53100,Fabindia Silver Earrings,Earrings,Jewellery,53100.jpg,Jewellery,Jewellery,0.9999987,OK
20664,Classic Polo Men Striped Grey Tshirt,Tshirts,Topwear,20664.jpg,Topwear,Topwear,0.99762934,OK
3537,Myntra Women's Bloody Cool Black T-shirt,Tshirts,Topwear,3537.jpg,Topwear,Topwear,0.9999995,OK
26600,Puma Women Faas 300 Black Sports Shoes,Sports Shoes,Shoes,26600.jpg,Shoes,Shoes,0.9993699,OK
13913,Nike Men Air Dictate MSL White Sports Shoes,Sports Shoes,Shoes,13913.jpg,Shoes,Shoes,0.9999982,OK
32233,Fabindia Women Printed Pink Kurta,Kurtas,Topwear,32233.jpg,Topwear,Topwear,0.9998832,OK
54515,F Sports Men Grey Bratt Sports Shoes,Sports Shoes,Shoes,54515.jpg,Shoes,Shoes,0.999987,OK
44801,Spykar Women Grey Printed Top,Tops,Topwear,44801.jpg,Topwear,Topwear,0.9834209,OK
26240,Proline Grey Shorts,Shorts,Bottomwear,26240.jpg,Bottomwear,Bottomwear,0.9421291,OK
26993,Jealous 21 Women Washed Blue Jeans,Jeans,Bottomwear,26993.jpg,Bottomwear,Bottomwear,0.99997437,OK
4982,Palm Tree Girl's Billy Peach Kidswear,Tops,Topwear,4982.jpg,Topwear,Topwear,0.99999726,OK
33042,Mother Earth Women Printed Beige Kurta,Kurtas,Topwear,33042.jpg,Topwear,Topwear,0.9993765,OK
8326,Doodle Boy's Stripper Green Kidswear,Tshirts,Topwear,8326.jpg,Topwear,Topwear,0.99868244,OK
4744,ADIDAS Men's Blue Polo T-shirt,Tshirts,Topwear,4744.jpg,Topwear,Topwear,0.9999049,OK
57012,HM Women Maroon Flats,Flats,Shoes,57012.jpg,Shoes,Sandal,0.53061295,ONE MODEL DISAGREES
37731,John Players Men Blue Check Shirt,Shirts,Topwear,37731.jpg,Topwear,Topwear,0.99999857,OK
46208,Adrika Women Black Bangle,Bangle,Jewellery,46208.jpg,Jewellery,Jewellery,0.9978695,OK
11785,Lee Women Solid Black Tshirts,Tshirts,Topwear,11785.jpg,Topwear,Topwear,0.99871314,OK
43951,Catwalk Women Bronze Heels,Heels,Shoes,43951.jpg,Shoes,Shoes,0.9995926,OK
14559,Vans Men 106 Vulcanized CA Brown Casual Shoes,Casual Shoes,Shoes,14559.jpg,Shoes,Shoes,0.9997888,OK
18419,Skechers Men Shape-Ups Black Shoe,Sports Shoes,Shoes,18419.jpg,Shoes,Shoes,0.96724105,OK
3921,Urban Yoga Men's Bottom Black Track Pant,Track Pants,Bottomwear,3921.jpg,Bottomwear,Bottomwear,0.99999666,OK
37261,Vital Gear Unisex Olive Waist Pouch,Waist Pouch,Bags,37261.jpg,Bags,Bags,0.99999976,OK
12600,Tantra Unisex Printed Black Tshirts,Tshirts,Topwear,12600.jpg,Topwear,Topwear,0.99947447,OK
58264,Baggit Women Beige Handbag,Handbags,Bags,58264.jpg,Bags,Bags,0.9999995,OK
49375,Vans Men Black Era Pro Shoes,Casual Shoes,Shoes,49375.jpg,Shoes,Shoes,0.99933916,OK
10732,Murcia Women Lorra Red Red Handbags,Handbags,Bags,10732.jpg,Bags,Bags,0.9999925,OK
59352,Vishudh Women Green Printed Kurta,Kurtas,Topwear,59352.jpg,Topwear,Topwear,0.99999475,OK
46905,Peter England Men Navy Blue Jeans,Jeans,Bottomwear,46905.jpg,Bottomwear,Bottomwear,0.99983346,OK
5994,Highlander Men Grey Checked Slim Fit Shirt,Shirts,Topwear,5994.jpg,Topwear,Topwear,0.99974185,OK
31943,Nike Men Solarsoft Slide Black Sandals,Sandals,Sandal,31943.jpg,Sandal,Sandal,0.93680626,OK
29124,Puma Men Aquil Black Sports Shoes,Sports Shoes,Shoes,29124.jpg,Shoes,Shoes,0.9996063,OK
21423,Roxy Women Black Top,Tops,Topwear,21423.jpg,Topwear,Topwear,0.9618666,OK
19673,United Colors of Benetton Women Pink T-shirt,Tshirts,Topwear,19673.jpg,Topwear,Topwear,0.9997874,OK
20619,Baggit Women Penguin Baby Pink Handbag,Handbags,Bags,20619.jpg,Bags,Bags,1.0,OK
38196,Polaroid Men Sunglasses,Sunglasses,Eyewear,38196.jpg,Eyewear,Eyewear,1.0,OK
57312,Amante Nude-Coloured Full-Coverage Bra BCFN02,Bra,Innerwear,57312.jpg,Innerwear,Innerwear,0.9999919,OK
28130,Jockey MODERN CLASSIC Men Olive Modern Classic Brief 8035,Briefs,Innerwear,28130.jpg,Innerwear,Innerwear,0.99999917,OK
29238,ADIDAS Men 22YDS Trainer White Sports Shoes,Sports Shoes,Shoes,29238.jpg,Shoes,Shoes,0.97608304,OK
20215,Wrangler Men Flag Blue Sweater,Sweaters,Topwear,20215.jpg,Topwear,Topwear,0.9993474,OK
6855,Spalding Men White Sports Shoes,Sports Shoes,Shoes,6855.jpg,Shoes,Shoes,0.99989164,OK
16327,Peter England Men Solid White Shirt,Shirts,Topwear,16327.jpg,Topwear,Topwear,0.999798,OK
26731,Reebok Men Force India Deo,Deodorant,Fragrance,26731.jpg,Fragrance,Fragrance,0.9999349,OK
16281,Batman Men Batman Grey Sweatshirts,Sweatshirts,Topwear,16281.jpg,Topwear,Topwear,0.99998367,OK
29744,Fossil Men Black Dial Chronograph Watch CH2783,Watches,Watches,29744.jpg,Watches,Watches,0.9999988,OK
4117,Puma Unisex Punk White Blue Shoe,Casual Shoes,Shoes,4117.jpg,Shoes,Shoes,0.9999882,OK
58619,ToniQ Women Silver Earrings,Earrings,Jewellery,58619.jpg,Jewellery,Jewellery,0.9998006,OK
42842,French Connection Women Black Handbag,Handbags,Bags,42842.jpg,Bags,Bags,0.99997926,OK
25013,United Colors of Benetton Unisex Maroon Casual Handbags,Handbags,Bags,25013.jpg,Bags,Bags,0.99999976,OK
25276,Lino Perros Women Leatherite Red Handbag,Handbags,Bags,25276.jpg,Bags,Bags,0.9999982,OK
23028,Arrow Men Blue Striped Shirt,Shirts,Topwear,23028.jpg,Topwear,Topwear,0.99998784,OK
45897,Maxima Women Black Dial Watch,Watches,Watches,45897.jpg,Watches,Watches,0.99989593,OK
27209,Doodle Kids Boy Check Red Shirt,Shirts,Topwear,27209.jpg,Topwear,Topwear,0.99999106,OK
8678,Fastrack Unisex Green Sunglasses,Sunglasses,Eyewear,8678.jpg,Eyewear,Eyewear,0.9999994,OK
16135,Tokyo Talkies Women Printed White Top,Tops,Topwear,16135.jpg,Topwear,Topwear,0.9999937,OK
22570,Highlander Men Blue Check Shirt,Shirts,Topwear,22570.jpg,Topwear,Topwear,0.9999944,OK
20925,Fastrack Women Leatherette Black Sling Bag,Handbags,Bags,20925.jpg,Bags,Bags,1.0,OK
3205,Tantra Men's Instant Grey T-shirt,Tshirts,Topwear,3205.jpg,Topwear,Topwear,0.9999422,OK
3422,Myntra Mens Badge Final T-Shirt,Tshirts,Topwear,3422.jpg,Topwear,Topwear,0.9999815,OK
11753,Lee Women Printed Pink Top,Tops,Topwear,11753.jpg,Topwear,Topwear,0.99988294,OK
53456,Catwalk Women Black Casual Shoes,Flats,Shoes,53456.jpg,Shoes,Sandal,0.85340905,ONE MODEL DISAGREES
20103,Diva Women Printed Magenta Kurta,Kurtas,Topwear,20103.jpg,Topwear,Topwear,0.9997688,OK
36835,Nike Men Lunarglide Grey Sports Shoes,Sports Shoes,Shoes,36835.jpg,Shoes,Shoes,0.9999312,OK
11506,Catwalk Women Lifestyle Grey Flats,Heels,Shoes,11506.jpg,Shoes,Shoes,0.73818874,OK
40383,Tokyo Talkies Women Pink Top,Tops,Topwear,40383.jpg,Topwear,Topwear,0.9999633,OK
19397,ADIDAS Men Solid Blue T-Shirt,Tshirts,Topwear,19397.jpg,Topwear,Topwear,0.99998593,OK
21079,Clarks Men Supa Step Brown Casual Shoe,Casual Shoes,Shoes,21079.jpg,Shoes,Shoes,0.9999093,OK
17013,Rocia Women Gold Toned Flats,Flats,Shoes,17013.jpg,Shoes,Shoes,0.922108,OK
4033,Myntra Men's I am Not Paid enough To Be Nice Black T-shirt,Tshirts,Topwear,4033.jpg,Topwear,Topwear,0.9996648,OK
43005,Nike Men Olive Sandals,Sandals,Sandal,43005.jpg,Sandal,Sandal,0.70917094,OK
18421,Skechers Women Shape-Ups White Shoe,Sports Shoes,Shoes,18421.jpg,Shoes,Shoes,0.9999616,OK
54526,F Sports Men White Zero Gravity Sports Shoes,Sports Shoes,Shoes,54526.jpg,Shoes,Shoes,0.99991417,OK
41305,Gini and Jony Boys Red & Blue Striped Tshirt,Tshirts,Topwear,41305.jpg,Topwear,Topwear,0.99978966,OK
42038,Nike Men Swift FG Black Sports Shoes,Sports Shoes,Shoes,42038.jpg,Shoes,Shoes,0.98122567,OK
33838,Puma Women Ikonis Pink Sports Shoes,Sports Shoes,Shoes,33838.jpg,Shoes,Shoes,0.9999541,OK
39502,Peter England Unisex Orange Duffle Bag,Duffel Bag,Bags,39502.jpg,Bags,Bags,0.99999964,OK
4594,Wildcraft Unisex Red & Grey Rucksack,Rucksacks,Bags,4594.jpg,Bags,Bags,0.60611004,OK
17680,Catwalk Women Flower Grey Heels,Heels,Shoes,17680.jpg,Shoes,Sandal,0.5021623,ONE MODEL DISAGREES
40625,Span Women Light Green Kurta,Kurtas,Topwear,40625.jpg,Topwear,Topwear,0.9990243,OK
8255,Fastrack Women Olive Handbag,Handbags,Bags,8255.jpg,Bags,Bags,0.99985826,OK
29292,Wrangler Men Braga Striped Purple Shirt,Shirts,Topwear,29292.jpg,Topwear,Topwear,0.957174,OK
50391,Miss Sixty Silver Dial Watch,Watches,Watches,50391.jpg,Watches,Watches,0.9996227,OK
11311,Wrangler Men Blue Texas Jeans,Jeans,Bottomwear,11311.jpg,Bottomwear,Bottomwear,0.999972,OK
3065,Tantra Women Tiger Black T-shirt,Tshirts,Topwear,3065.jpg,Topwear,Topwear,0.9999598,OK
47327,Baggit Women Brown Bag,Handbags,Bags,47327.jpg,Bags,Bags,1.0,OK
31781,Lee Men Henry Red Check Shirt,Shirts,Topwear,31781.jpg,Topwear,Topwear,0.9999889,OK
23315,W Women Green Printed Kurta,Kurtas,Topwear,23315.jpg,Topwear,Topwear,0.9999951,OK
15241,ADIDAS Originals Men Stan Smith 2 Tan Casual Shoes,Casual Shoes,Shoes,15241.jpg,Shoes,Shoes,0.99999416,OK
46476,Timex Women White Dial Watch,Watches,Watches,46476.jpg,Watches,Watches,1.0,OK
53586,Q&Q Men Sliver Dial Watch,Watches,Watches,53586.jpg,Watches,Watches,0.99999976,OK
46177,Adrika White Necklace,Necklace and Chains,Jewellery,46177.jpg,Jewellery,Jewellery,0.99967897,OK
43651,ONLY Women White Top,Tops,Topwear,43651.jpg,Topwear,Topwear,0.7415083,OK
4698,ADIDAS Unisex Duramo Black Watch,Watches,Watches,4698.jpg,Watches,Watches,0.99999917,OK
54862,Ivory Tag Women Scintillating Mesh Green Necklace,Necklace and Chains,Jewellery,54862.jpg,Jewellery,Jewellery,0.99999917,OK
12135,Aurelia Women Solid Pink Kurtas,Kurtas,Topwear,12135.jpg,Topwear,Topwear,0.99987507,OK
44029,Boss Women Perfume,Perfume and Body Mist,Fragrance,44029.jpg,Fragrance,Fragrance,0.9999548,OK
7172,Scullers Men Navy Blue Check Shirt,Shirts,Topwear,7172.jpg,Topwear,Topwear,0.99997485,OK
45884,Maxima Men SSteele Blue Dial Watch,Watches,Watches,45884.jpg,Watches,Watches,0.99999344,OK
37080,Lino Perros Women Blue Handbag,Handbags,Bags,37080.jpg,Bags,Bags,1.0,OK
14597,United Colors of Benetton Women Solid Black Stockings,Stockings,Bottomwear,14597.jpg,Bottomwear,Bottomwear,0.99998355,OK
15302,ADIDAS Men Adi Fiero Silver Sports Shoes,Sports Shoes,Shoes,15302.jpg,Shoes,Shoes,0.99997663,OK
46576,Timex Women Golden Dial Watch,Watches,Watches,46576.jpg,Watches,Watches,1.0,OK
20837,Lee Cooper Men Casual Olive Sandals,Sandals,Sandal,20837.jpg,Sandal,Sandal,0.99876803,OK
54911,Do u speak green Women Printed White T-shirt,Tshirts,Topwear,54911.jpg,Topwear,Topwear,0.9909661,OK
16316,Peter England Men Printed Navy Blue TShirt,Tshirts,Topwear,16316.jpg,Topwear,Topwear,0.9998286,OK
26300,Proline Men Blue Striped Polo T-shirt,Tshirts,Topwear,26300.jpg,Topwear,Topwear,0.9994567,OK
57290,French Connection Men Grey Shirt,Shirts,Topwear,57290.jpg,Topwear,Topwear,0.9999263,OK
11349,Lee Men Blue Chicago Fit Jeans,Jeans,Bottomwear,11349.jpg,Bottomwear,Bottomwear,0.99998474,OK
31719,Fabindia Women Anusuya Silver Earrings,Earrings,Jewellery,31719.jpg,Jewellery,Jewellery,0.99999857,OK
4031,Myntra Men's Poster White T-shirt,Tshirts,Topwear,4031.jpg,Topwear,Topwear,0.99981385,OK
13177,Wildcraft Unisex Blue & Grey Convertable Sling Bag,Waist Pouch,Bags,13177.jpg,Bags,Bags,0.99998856,OK
39940,Gas Men Venetian Grey Shoes,Casual Shoes,Shoes,39940.jpg,Shoes,Shoes,0.9997992,OK
14646,Probase Men Funky Music Maroon Tshirts,Tshirts,Topwear,14646.jpg,Topwear,Topwear,0.9999697,OK
50608,Chromozome Men Grey Melange Brief,Briefs,Innerwear,50608.jpg,Innerwear,Innerwear,0.9999212,OK
12150,Aurelia Women Printed Red Kurtis,Kurtis,Topwear,12150.jpg,Topwear,Topwear,0.99864715,OK
20219,Wrangler Men Rib Red Sweater,Sweaters,Topwear,20219.jpg,Topwear,Topwear,0.99999964,OK
18258,Aneri Women Sanjeeda Green Kurta,Kurtas,Topwear,18258.jpg,Topwear,Topwear,0.9999926,OK
41880,Estd. 1977 Men Brown Sandals,Sandals,Sandal,41880.jpg,Sandal,Sandal,0.9512452,OK
50973,Enamor Claret Coloured Lift Bra,Bra,Innerwear,50973.jpg,Innerwear,Innerwear,0.9999709,OK
56813,Aneri Women Multi Coloured Kurti,Kurtis,Topwear,56813.jpg,Topwear,Topwear,0.9998652,OK
7348,Tantra Men's Help Navy T-Shirt,Tshirts,Topwear,7348.jpg,Topwear,Topwear,0.9999646,OK
38447,Baggit Women Brown Digital Rosy Mobile Pouch,Mobile Pouch,Bags,38447.jpg,Bags,Bags,0.9999999,OK
6026,UCB Men's Polo Neck With Big Ben Logo Black T-shirt,Tshirts,Topwear,6026.jpg,Topwear,Topwear,0.996216,OK
7537,Nike Men's Classic Fresh Grey Track Pant,Track Pants,Bottomwear,7537.jpg,Bottomwear,Bottomwear,0.9999232,OK
6794,Timberland Men's Rugby Stripe Pique Polo Pink T-shirt,Tshirts,Topwear,6794.jpg,Topwear,Topwear,0.9995449,OK
25672,Fastrack Men Black Casual Watch,Watches,Watches,25672.jpg,Watches,Watches,0.99999976,OK
33634,Lino Perros Women Polyester Olive Handbag,Handbags,Bags,33634.jpg,Bags,Bags,1.0,OK
30348,Myntra Men Dudewala Off White T-shirt,Tshirts,Topwear,30348.jpg,Topwear,Topwear,0.99955016,OK
21969,Murcia Women Stylish Light Green Handbag,Handbags,Bags,21969.jpg,Bags,Bags,0.9999877,OK
10715,Nike Women Training sports bra Black Tops,Tops,Topwear,10715.jpg,Innerwear,Bags,0.9998957,ALL DIFFERENT
2097,Lee Men Reversible Blue Shirt,Shirts,Topwear,2097.jpg,Topwear,Topwear,0.99995136,OK
20185,Wrangler Men Tiny Pink Shirt,Shirts,Topwear,20185.jpg,Topwear,Topwear,0.9997427,OK
10576,Puma Men Lifestyle Graphitti Black T-shirt,Tshirts,Topwear,10576.jpg,Topwear,Topwear,0.9996762,OK
26996,Jealous 21 Women Washed Black Jeans,Jeans,Bottomwear,26996.jpg,Bottomwear,Bottomwear,0.9999945,OK
5408,Quechua Wayta Jr Blue,Sports Shoes,Shoes,5408.jpg,Topwear,Bags,0.9828985,ALL DIFFERENT
41451,Lee Cooper Men White Sports Shoes,Casual Shoes,Shoes,41451.jpg,Shoes,Shoes,0.9997439,OK
8295,Mr.Men Men's Teal Green Yellow T-shirt,Tshirts,Topwear,8295.jpg,Topwear,Topwear,0.99998605,OK
4043,ADIDAS Men's Tipoff Black Shoe,Sports Shoes,Shoes,4043.jpg,Shoes,Shoes,0.99966776,OK
38662,Nike Men T90 Shoot IV Hg-B Blue Sports Shoes,Sports Shoes,Shoes,38662.jpg,Shoes,Shoes,0.99929,OK
41796,Remanika Women Printed Blue Tunic,Tunics,Topwear,41796.jpg,Topwear,Topwear,0.9999558,OK
16009,Turtle Stripes Men Blue TShirt,Tshirts,Topwear,16009.jpg,Topwear,Topwear,0.99998903,OK
59457,Lucera Silver Ring,Ring,Jewellery,59457.jpg,Jewellery,Jewellery,0.99938357,OK
30566,Opium Men Black Sunglasses,Sunglasses,Eyewear,30566.jpg,Eyewear,Eyewear,0.99999976,OK
6788,Timberland Men Claremont Plaid Blue Shirt,Shirts,Topwear,6788.jpg,Topwear,Topwear,0.9997482,OK
41666,Mark Taylor Men Brown Striped Shirt,Shirts,Topwear,41666.jpg,Topwear,Topwear,0.99998903,OK
44118,Hugo Men Just Different 150 ml Perfume,Perfume and Body Mist,Fragrance,44118.jpg,Fragrance,Fragrance,0.99997497,OK
41231,Puma Men White Aquil Sports Shoes,Sports Shoes,Shoes,41231.jpg,Shoes,Shoes,0.9998468,OK
45933,Maxima Women Silver Dial Watch,Watches,Watches,45933.jpg,Watches,Watches,0.9999999,OK
9788,Probase Men Freestyler Yellow Tshirts,Tshirts,Topwear,9788.jpg,Topwear,Topwear,0.9999734,OK
53461,Amante Black T-Shirt Bra,Bra,Innerwear,53461.jpg,Innerwear,Innerwear,0.99987984,OK
21145,s.Oliver Women Printed Black Shirt,Shirts,Topwear,21145.jpg,Topwear,Topwear,0.99999774,OK
44245,Hidekraft Women Brown Handbag,Handbags,Bags,44245.jpg,Bags,Bags,0.99999976,OK
8418,Doodle Girl's Crazy Funny Blue Kidswear,Tshirts,Topwear,8418.jpg,Topwear,Topwear,0.99986255,OK
37103,Wills Lifestyle Men Brown Trousers,Trousers,Bottomwear,37103.jpg,Bottomwear,Bottomwear,0.99999833,OK
48867,Lucera Women Silver Pendant with Chain,Pendant,Jewellery,48867.jpg,Jewellery,Jewellery,0.9999963,OK
57369,Amante Women Lavender Briefs PCMV01,Briefs,Innerwear,57369.jpg,Innerwear,Innerwear,0.9999716,OK
51231,Satya Paul Women Orange & Brown Kurti,Kurtis,Topwear,51231.jpg,Topwear,Topwear,0.9996402,OK
41709,Catwalk Women Black Heels,Heels,Shoes,41709.jpg,Shoes,Shoes,0.9991216,OK
6244,Lee Women's Rihana Black T-shirt,Tshirts,Topwear,6244.jpg,Topwear,Topwear,0.99954337,OK
20343,Puma Men Printed Black Tshirt,Tshirts,Topwear,20343.jpg,Topwear,Topwear,0.99999356,OK
8784,Fastrack Unisex Brown Sunglasses,Sunglasses,Eyewear,8784.jpg,Eyewear,Eyewear,0.99999964,OK
16526,Locomotive Men Check Navy Blue Shirt,Shirts,Topwear,16526.jpg,Topwear,Topwear,0.99999785,OK
56320,Fastrack Women Steel Dial Watch,Watches,Watches,56320.jpg,Watches,Watches,0.99999905,OK
44898,Puma Men Black Polo T-shirt,Tshirts,Topwear,44898.jpg,Topwear,Topwear,0.99954635,OK
14088,Flying Machine Men Black Polo Tshirts,Tshirts,Topwear,14088.jpg,Topwear,Topwear,0.99979836,OK
23500,FILA Men Hostile White Sports Shoes,Sports Shoes,Shoes,23500.jpg,Shoes,Shoes,0.9999989,OK
3128,Inkfruit Men's Indiano Dark Grey T-shirt,Tshirts,Topwear,3128.jpg,Topwear,Topwear,0.9999305,OK
17008,Rocia Women Black Flats,Flats,Shoes,17008.jpg,Shoes,Shoes,0.92699975,OK
39684,Lotto Men White Sports Shoes,Sports Shoes,Shoes,39684.jpg,Shoes,Shoes,0.9999261,OK
36565,United Colors of Benetton Women Deo,Deodorant,Fragrance,36565.jpg,Fragrance,Fragrance,0.9999865,OK
57032,Forever New Women Black Top,Tops,Topwear,57032.jpg,Topwear,Topwear,0.9987764,OK
14075,Flying Machine Men Printed White Tshirts,Tshirts,Topwear,14075.jpg,Topwear,Topwear,0.9999925,OK
40389,Tokyo Talkies Women Blue Printed T-shirt,Tshirts,Topwear,40389.jpg,Topwear,Topwear,0.99998903,OK
15767,Facit Men Grey Innerwear Vest,Innerwear Vests,Innerwear,15767.jpg,Innerwear,Innerwear,0.9740968,OK
10320,Murcia Women Mary White Handbags,Handbags,Bags,10320.jpg,Bags,Bags,0.9999999,OK
1603,Reebok Men Hoops Athletic Navy Sweatshirt,Sweatshirts,Topwear,1603.jpg,Topwear,Topwear,0.9995534,OK
21711,Fossil Men Grey Dial Watch ME1098,Watches,Watches,21711.jpg,Watches,Watches,0.9999999,OK
35134,Allen Solly Woman Navy Blue Bangle,Bracelet,Jewellery,35134.jpg,Jewellery,Jewellery,0.95419717,OK
32535,Playboy Men Miami Fragrance Gift Set,Perfume and Body Mist,Fragrance,32535.jpg,Fragrance,Fragrance,0.99999535,OK
53455,Catwalk Women Red Casual Shoes,Flats,Shoes,53455.jpg,Shoes,Shoes,0.9688401,OK
21246,Footloose Unisex City Of Joy Laptop Purple Backpack,Backpacks,Bags,21246.jpg,Bags,Bags,1.0,OK
31465,Nike Men Training Blue T-shirt,Tshirts,Topwear,31465.jpg,Topwear,Topwear,0.99995613,OK
48216,United Colors of Benetton Men Brown Sunglasses,Sunglasses,Eyewear,48216.jpg,Eyewear,Eyewear,0.9999496,OK
20325,Mother Earth Women Printed Red Kurta,Kurtas,Topwear,20325.jpg,Topwear,Topwear,0.9999908,OK
22977,Fila Men White Galaxy Sports Shoes,Sports Shoes,Shoes,22977.jpg,Shoes,Shoes,0.99975246,OK
41452,Lee Cooper Men White Shoes,Casual Shoes,Shoes,41452.jpg,Shoes,Shoes,0.9997099,OK
3400,Murcia Women Brown Hobo Handbag,Handbags,Bags,3400.jpg,Bags,Bags,0.99996686,OK
16188,Enroute Men Leather Black Formal Shoes,Formal Shoes,Shoes,16188.jpg,Shoes,Shoes,0.9951037,OK
58647,ALayna Women Purple Kurta,Kurtas,Topwear,58647.jpg,Topwear,Topwear,0.9998123,OK
27461,Jockey Nude-Coloured Balconette Bra 1718,Bra,Innerwear,27461.jpg,Innerwear,Innerwear,0.9999436,OK
48644,Lucera Women Silver Earrings,Earrings,Jewellery,48644.jpg,Jewellery,Jewellery,0.50241363,OK
11717,Lee Men Check Yellow Shirts,Shirts,Topwear,11717.jpg,Topwear,Topwear,0.9999943,OK
17542,Mark Taylor Men White & Black Striped Shirt,Shirts,Topwear,17542.jpg,Topwear,Topwear,0.9972799,OK
41867,Estd. 1977 Men Red & Brown Sandals,Sandals,Sandal,41867.jpg,Sandal,Shoes,0.53805393,ONE MODEL DISAGREES
30875,Fabindia Women Green Printed Kurta,Kurtas,Topwear,30875.jpg,Topwear,Topwear,0.9999999,OK
54388,Baggit Women Brown Handbag,Handbags,Bags,54388.jpg,Bags,Bags,1.0,OK
30800,Fabindia Men Striped Navy Blue Shirt,Shirts,Topwear,30800.jpg,Topwear,Topwear,0.9999802,OK
5262,Wildcraft Unisex Blue & Grey Printed Backpack,Backpacks,Bags,5262.jpg,Bags,Bags,1.0,OK
7588,Nike Men's Flyclave Red White Shoe,Sports Shoes,Shoes,7588.jpg,Shoes,Shoes,0.998705,OK
16374,Peter England Men Stripes Navy Blue Trouser,Trousers,Bottomwear,16374.jpg,Bottomwear,Bottomwear,0.9999852,OK
19201,United Colors of Benetton Men Check Black Shirt,Shirts,Topwear,19201.jpg,Topwear,Topwear,0.99993694,OK
27107,Aneri Women Khajana Black Kurta,Kurtas,Topwear,27107.jpg,Topwear,Topwear,0.99963355,OK
54933,Do u speak green Boys Beige T-shirt,Tshirts,Topwear,54933.jpg,Topwear,Topwear,0.9943527,OK
48651,Lucera Women Silver Earrings,Earrings,Jewellery,48651.jpg,Jewellery,Jewellery,0.99999833,OK
35127,Allen Solly Woman Metal Necklace,Necklace and Chains,Jewellery,35127.jpg,Jewellery,Jewellery,0.99983203,OK
16864,Idee Men Funky Eyewear Black Sunglasses,Sunglasses,Eyewear,16864.jpg,Eyewear,Eyewear,0.9999987,OK
40281,Scullers Men Beige Trousers,Trousers,Bottomwear,40281.jpg,Bottomwear,Bottomwear,0.9999908,OK
15523,Rockport Women Jeanie Thong Chain Black Flats,Heels,Shoes,15523.jpg,Shoes,Sandal,0.5096761,ONE MODEL DISAGREES
5929,ADIDAS Men's Lucent Multi White Shoe,Casual Shoes,Shoes,5929.jpg,Shoes,Shoes,0.9999596,OK
4493,Lotto Men's T-Effect III White Yellow Shoe,Sports Shoes,Shoes,4493.jpg,Shoes,Shoes,0.9999685,OK
29464,Giordano Men Black Dial Watch,Watches,Watches,29464.jpg,Watches,Watches,1.0,OK
19909,Wildcraft Unisex Black Backpack,Backpacks,Bags,19909.jpg,Bags,Bags,1.0,OK
25331,CASIO G-Shock Men White Analogue-Digital Watch GA-200-1ADR G361,Watches,Watches,25331.jpg,Watches,Watches,1.0,OK
45716,Reebok Men Reeavenge Deo,Deodorant,Fragrance,45716.jpg,Fragrance,Fragrance,0.9999999,OK
6361,Numero Uno Men's Black Canvas Shoe,Casual Shoes,Shoes,6361.jpg,Shoes,Shoes,0.9748845,OK
2299,Nike Women Purple Polo T-shirt,Tshirts,Topwear,2299.jpg,Topwear,Topwear,0.9999169,OK
59501,Lucera Gold Plated Pendant With Chain,Pendant,Jewellery,59501.jpg,Jewellery,Jewellery,0.9992142,OK
12487,Clarks Men Leather Brown Formal Shoes,Formal Shoes,Shoes,12487.jpg,Shoes,Shoes,0.9983359,OK
41840,Skechers Women White Sports Shoes,Sports Shoes,Shoes,41840.jpg,Shoes,Shoes,0.9999336,OK
3447,ADIDAS Kids Black Pune Warriors Match Jersey,Tshirts,Topwear,3447.jpg,Topwear,Topwear,0.9988954,OK
24722,Skechers Men Masterson White Sports Shoes,Sports Shoes,Shoes,24722.jpg,Shoes,Shoes,0.9999678,OK
17976,Puma Men Hopper Black Sandal,Sandals,Sandal,17976.jpg,Sandal,Sandal,0.9999622,OK
32367,Q&Q Men Black Dial Watch,Watches,Watches,32367.jpg,Watches,Watches,1.0,OK
22871,Woodland Men Khaki Casual Shoes,Casual Shoes,Shoes,22871.jpg,Shoes,Shoes,0.99996877,OK
52688,Just Cavalli Women Silver Watch,Watches,Watches,52688.jpg,Watches,Watches,0.99081075,OK
36899,Fossil Men Brown Dial Chronograph Watch FS4612,Watches,Watches,36899.jpg,Watches,Watches,0.999998,OK
28076,Jockey MC Men Navy Blue Midway Classic Trunks 1101,Trunk,Innerwear,28076.jpg,Innerwear,Innerwear,0.9999386,OK
9501,John Miller Men white black grey check Shirts,Shirts,Topwear,9501.jpg,Topwear,Topwear,0.9999889,OK
5863,ADIDAS Men's Saltero Purple T-shirt,Tshirts,Topwear,5863.jpg,Topwear,Topwear,0.97711074,OK
9024,Buckaroo Men Lucia Tan Casual Sandal,Sandals,Sandal,9024.jpg,Sandal,Sandal,0.99956816,OK
46823,Catwalk Women Red Flats,Heels,Shoes,46823.jpg,Shoes,Shoes,0.99912053,OK
38741,Nike Unisex Black Football Offense Backpack,Backpacks,Bags,38741.jpg,Bags,Bags,0.9999943,OK
15267,ADIDAS Originals Women SL 72 Yellow Casual Shoes,Casual Shoes,Shoes,15267.jpg,Shoes,Shoes,0.99842095,OK
45141,Casio Enticer Men Black Analogue Watch MTP-1290D-1A1VDF(A413),Watches,Watches,45141.jpg,Watches,Watches,1.0,OK
24622,Murcia Women Brown Handbag,Handbags,Bags,24622.jpg,Bags,Bags,0.9999989,OK
42854,French Connection Brown Colourblocked Tote Bag,Handbags,Bags,42854.jpg,Bags,Bags,0.9999536,OK
12853,Lee Cooper Men Formal Black Shoes,Formal Shoes,Shoes,12853.jpg,Shoes,Shoes,0.9995498,OK
50970,Enamor Women Purple Bra,Bra,Innerwear,50970.jpg,Innerwear,Innerwear,0.99991465,OK
21640,Enamor Women Lift Black Bra,Bra,Innerwear,21640.jpg,Innerwear,Innerwear,0.99978524,OK
18733,Arrow Woman Ann Black Top,Tops,Topwear,18733.jpg,Topwear,Topwear,0.9672202,OK
18288,Aneri Women Vanhi Green Kurta,Kurtas,Topwear,18288.jpg,Topwear,Topwear,0.99697936,OK
27740,Murcia Women Navy Blue Sling Bag,Handbags,Bags,27740.jpg,Bags,Bags,0.9999981,OK
27143,Miss-T White Bra,Bra,Innerwear,27143.jpg,Innerwear,Innerwear,0.99988794,OK
2374,Red Tape Semi Casual Men's Shoe,Casual Shoes,Shoes,2374.jpg,Shoes,Shoes,0.9995968,OK
57412,Amante Women Pink Net Bikini Briefs PGTC01,Briefs,Innerwear,57412.jpg,Innerwear,Innerwear,0.99985933,OK
54938,Do u speak green Women Sea green T-shirt,Tshirts,Topwear,54938.jpg,Topwear,Topwear,0.99984527,OK
5322,ADIDAS Men's Adistar Black Shoe,Sports Shoes,Shoes,5322.jpg,Shoes,Shoes,0.99998415,OK
14647,Probase Men White Grafitti Orange Tshirts,Tshirts,Topwear,14647.jpg,Topwear,Topwear,0.99999416,OK
37005,Lino Perros Women Blue Sling Bag,Handbags,Bags,37005.jpg,Bags,Bags,0.9999994,OK
41905,Playboy Women Play It Lovely Fragrance Gift Set,Fragrance Gift Set,Fragrance,41905.jpg,Fragrance,Fragrance,0.9999982,OK
45334,Cobblerz Women Black &Pink Sandals,Heels,Shoes,45334.jpg,Shoes,Shoes,0.9706702,OK
16007,Turtle Stripes Men Red TShirt,Tshirts,Topwear,16007.jpg,Topwear,Topwear,0.99988866,OK
34916,Fabindia Black Dupatta,Dupatta,Topwear,34916.jpg,Topwear,Topwear,0.99998736,OK
5487,Mr.Men Men's Busy Doing Nothing Charcoal T-shirt,Tshirts,Topwear,5487.jpg,Topwear,Topwear,0.9999831,OK
8452,Jealous 21 Women Jealous Rain Blue Top Blue Tops,Tops,Topwear,8452.jpg,Topwear,Topwear,0.99995005,OK
38767,Gini and Jony Girls Pink Shorts,Shorts,Bottomwear,38767.jpg,Bottomwear,Bottomwear,0.99932134,OK
32180,ADIDAS Men Neptune White Sports Shoes,Sports Shoes,Shoes,32180.jpg,Shoes,Shoes,0.9999809,OK
31327,Franco Leone Men Brown Formal Shoes,Formal Shoes,Shoes,31327.jpg,Shoes,Shoes,0.998283,OK
33962,Femella Women Grey Tunic,Tunics,Topwear,33962.jpg,Topwear,Topwear,0.9999361,OK
20084,Peter England Men Essentials Black Brief,Briefs,Innerwear,20084.jpg,Innerwear,Innerwear,0.99912995,OK
43263,Aneri Women White Kurta,Kurtas,Topwear,43263.jpg,Topwear,Topwear,0.9998888,OK
37259,Vital Gear Unisex Cabin Gear Black Duffle Bag,Duffel Bag,Bags,37259.jpg,Bags,Bags,0.99983335,OK
34790,Fila Men Cadillace Black Shoes,Casual Shoes,Shoes,34790.jpg,Shoes,Shoes,0.9997589,OK
30844,Fabindia Women Printed Blue Kurta,Kurtas,Topwear,30844.jpg,Topwear,Topwear,0.99993813,OK
18929,Levi's Men Graphic Print Red Tshirt,Tshirts,Topwear,18929.jpg,Topwear,Topwear,0.9999994,OK
32855,Grendha Women Kall Ad Beige Flats,Heels,Shoes,32855.jpg,Shoes,Shoes,0.99578565,OK
33741,Vero Moda Women Multi Coloured Top,Tops,Topwear,33741.jpg,Topwear,Topwear,0.9999933,OK
2387,Red Tape Men Casual Black Shoe,Casual Shoes,Shoes,2387.jpg,Shoes,Shoes,0.999049,OK
15778,Facit Men Mid- Rise BF Grey Briefs,Briefs,Innerwear,15778.jpg,Innerwear,Innerwear,0.99998784,OK
50161,Rocia Women White Wedges,Heels,Shoes,50161.jpg,Shoes,Shoes,0.9953347,OK
17833,Nike Men Black Air Endurance Sports Shoes,Sports Shoes,Shoes,17833.jpg,Shoes,Shoes,0.9998876,OK
26437,Spice Art Black Shaded Handbag,Handbags,Bags,26437.jpg,Bags,Bags,0.9999974,OK
16057,Highlander Men Solid Brown Trouser,Trousers,Bottomwear,16057.jpg,Bottomwear,Bottomwear,0.9999882,OK
38454,Baggit Women Grey Stanley Jhumroo Bag,Handbags,Bags,38454.jpg,Bags,Bags,0.9999995,OK
17658,Catwalk Women Pumps Beige Heels,Heels,Shoes,17658.jpg,Shoes,Shoes,0.9989819,OK
25311,CASIO Men White Dial Analogue Watch A556,Watches,Watches,25311.jpg,Watches,Watches,0.9999999,OK
29911,Police Men Black Dial Watch PL12176JS02A,Watches,Watches,29911.jpg,Watches,Watches,0.99998903,OK
31125,Palm Tree Girls Printed Peach Top,Tops,Topwear,31125.jpg,Topwear,Topwear,0.9999896,OK
46261,109F Women Multicoloured Printed Tunic,Tunics,Topwear,46261.jpg,Topwear,Topwear,0.99965537,OK
35903,Peperone Women Pink Handbag Handbags,Handbags,Bags,35903.jpg,Bags,Bags,0.99998677,OK
17619,Doodle Girls Lace Bow White Leggings,Leggings,Bottomwear,17619.jpg,Bottomwear,Bottomwear,0.99979526,OK
50343,Aurelia Women Pink Printed Kurta,Kurtas,Topwear,50343.jpg,Topwear,Topwear,0.9999764,OK
6403,Lotto Men Quick Sports Grey Floater,Sandals,Sandal,6403.jpg,Sandal,Sandal,0.919292,OK
5932,ADIDAS Men's Daily Vulc Mid Structure White Shoe,Casual Shoes,Shoes,5932.jpg,Shoes,Shoes,0.9999975,OK
30879,Fabindia Women Blue Printed Kurta,Kurtas,Topwear,30879.jpg,Topwear,Topwear,0.9999182,OK
22354,John Players Men Stripes Grey Shirt,Shirts,Topwear,22354.jpg,Topwear,Topwear,0.9999989,OK
2803,iD Men Casual Leather/Felt Beige Sandal,Sandals,Sandal,2803.jpg,Sandal,Sandal,0.9875485,OK
57440,Angry Birds Women Blue T-shirt,Tshirts,Topwear,57440.jpg,Topwear,Topwear,0.99999976,OK
40083,ADIDAS Women White T-shirt,Tshirts,Topwear,40083.jpg,Topwear,Topwear,0.9972389,OK
2617,Nike Mens Red Bleed Blue T-shirt,Tshirts,Topwear,2617.jpg,Topwear,Topwear,0.99998283,OK
53784,Puma Men Red Check Shirt,Shirts,Topwear,53784.jpg,Topwear,Topwear,0.9999839,OK
11786,Vishudh Women Pigment Print Blue Kurtas,Kurtas,Topwear,11786.jpg,Topwear,Topwear,0.99999344,OK
9338,Puma Men Heroes Graphic White Tshirts,Tshirts,Topwear,9338.jpg,Topwear,Topwear,0.99993527,OK
8634,Crocs Crocband Pink Sandals,Sandals,Sandal,8634.jpg,Sandal,Sandal,0.7628772,OK
45583,Arrow Men Brown Casual Shoes,Casual Shoes,Shoes,45583.jpg,Shoes,Shoes,0.99749076,OK
22092,Numero Uno Men Casual Black Shoes,Casual Shoes,Shoes,22092.jpg,Shoes,Shoes,0.9685264,OK
36039,OTLS Unisex Olive Green Duffle Bag,Duffel Bag,Bags,36039.jpg,Bags,Bags,1.0,OK
22314,Wildcraft Women Solid Black Jacket,Jackets,Topwear,22314.jpg,Topwear,Topwear,0.99646384,OK
29665,Indigo Nation Men Striped Purple Shirt,Shirts,Topwear,29665.jpg,Topwear,Topwear,0.99990475,OK
12762,Spykar Women Washed Blue Jeans,Jeans,Bottomwear,12762.jpg,Bottomwear,Bottomwear,0.9999995,OK
25216,Lino Perros Women Pink Handbag,Handbags,Bags,25216.jpg,Bags,Bags,1.0,OK
16312,Peter England Men Stripes Navy Blue Shirt,Shirts,Topwear,16312.jpg,Topwear,Topwear,0.9999856,OK
28895,Enamor Women Pink Mid-Rise Bikini Brief,Briefs,Innerwear,28895.jpg,Innerwear,Innerwear,0.99999404,OK
46543,Timex Women Silver Dial Watch,Watches,Watches,46543.jpg,Watches,Watches,0.99999094,OK
4122,Puma Unisex Lo Punk Black Yellow Shoe,Casual Shoes,Shoes,4122.jpg,Shoes,Shoes,0.9992042,OK
59223,Titan Women Silver Watch,Watches,Watches,59223.jpg,Watches,Watches,0.9997265,OK
17852,Flying Machine Women Up Away White Tshirt,Tshirts,Topwear,17852.jpg,Topwear,Topwear,0.99999845,OK
9031,Buckaroo Men loma Tan Casual Shoes,Casual Shoes,Shoes,9031.jpg,Shoes,Shoes,0.9854365,OK
13688,ADIDAS Kids Unisex Hyperrun 5K Sports Shoes,Sports Shoes,Shoes,13688.jpg,Shoes,Shoes,0.99998546,OK
17193,U.S. Polo Assn. Men Stripes Navy Blue Shirt,Shirts,Topwear,17193.jpg,Topwear,Topwear,0.9999442,OK
29879,Mayhem Men Sunglasses 1020-204,Sunglasses,Eyewear,29879.jpg,Eyewear,Eyewear,0.99999964,OK
17769,Buckaroo Men Meztli Brown Casual Shoe,Casual Shoes,Shoes,17769.jpg,Shoes,Shoes,0.9998516,OK
42414,Basics Men Multicoloured Hip Brief,Briefs,Innerwear,42414.jpg,Innerwear,Innerwear,0.99983156,OK
36731,Gini and Jony Girls Striped Pink Top,Tops,Topwear,36731.jpg,Topwear,Topwear,0.99962926,OK
22968,U.S. Polo Assn. Unisex Casual Olive Backpack,Backpacks,Bags,22968.jpg,Bags,Bags,1.0,OK
56359,Tommy Hilfiger Women 100 ml Perfume,Perfume and Body Mist,Fragrance,56359.jpg,Fragrance,Fragrance,0.99956924,OK
5100,Wrangler Men's Cowboy Color Yellow T-shirt,Tshirts,Topwear,5100.jpg,Topwear,Topwear,0.99991894,OK
49378,Vans Men Black Versa Shoes,Casual Shoes,Shoes,49378.jpg,Shoes,Shoes,0.99687356,OK
19996,United Colors of Benetton Men Printed Black TShirt,Tshirts,Topwear,19996.jpg,Topwear,Topwear,0.98909926,OK
16283,Peter England Men Printed White TShirt,Tshirts,Topwear,16283.jpg,Topwear,Topwear,0.99998176,OK
45115,Casio Enticer Men Silver Analogue Watch MTP-1239D-7ADF(A205),Watches,Watches,45115.jpg,Watches,Watches,1.0,OK
17453,Casio Enticer Men Black Multi-Dial Analogue Watch MTP-1191A-1ADF(A170),Watches,Watches,17453.jpg,Watches,Watches,1.0,OK
45269,CASIO Youth Series Digital Men Black Small Dial Digital Watch W-210-1CVDF I065,Watches,Watches,45269.jpg,Watches,Watches,0.9999994,OK
5226,Wildcraft Unisex Blue Waist pouch,Waist Pouch,Bags,5226.jpg,Bags,Bags,0.99999547,OK
46210,Adrika Beige  Bangle,Bangle,Jewellery,46210.jpg,Jewellery,Jewellery,0.5890917,OK
17133,Lino Perros Women Golden Buckle Red Handbag,Handbags,Bags,17133.jpg,Bags,Bags,1.0,OK
53486,Amante Black Sports Bra BCST11,Bra,Innerwear,53486.jpg,Innerwear,Innerwear,0.9997938,OK
5133,Wrangler Women's Blouson Tank Mauve Top,Tops,Topwear,5133.jpg,Topwear,Topwear,0.9999571,OK
46499,Timex Men Black Dial Watch,Watches,Watches,46499.jpg,Watches,Watches,0.9999765,OK
36523,United Colors of Benetton Women Pink Bag,Handbags,Bags,36523.jpg,Bags,Bags,0.99999535,OK
53655,Kiara Women Peach Handbag,Handbags,Bags,53655.jpg,Bags,Bags,1.0,OK
8003,Fila Men's Round Neck Cobalt Blue T-shirt,Tshirts,Topwear,8003.jpg,Topwear,Topwear,0.9987884,OK
10127,Rockport Men Espresso Brown Casual Shoes,Casual Shoes,Shoes,10127.jpg,Shoes,Shoes,0.99967194,OK
46620,Catwalk Women Brown Sandals,Heels,Shoes,46620.jpg,Shoes,Sandal,0.9096806,ONE MODEL DISAGREES
17177,U.S. Polo Assn. Men Checks Green Shirt,Shirts,Topwear,17177.jpg,Topwear,Topwear,0.99998415,OK
12425,Timberland Men Casual Brown Casual Shoes,Casual Shoes,Shoes,12425.jpg,Shoes,Shoes,0.9999883,OK
42129,Nike Men Black Air Visi Pro Sports Shoes,Sports Shoes,Shoes,42129.jpg,Shoes,Shoes,0.997965,OK
29747,Fossil Men Quartz Black Dial Chronograph Watch FS4648,Watches,Watches,29747.jpg,Watches,Watches,1.0,OK
25033,Nike Men Grey Track Pant,Track Pants,Bottomwear,25033.jpg,Bottomwear,Bottomwear,0.9999987,OK
54834,Ivory Tag Dazzling Rossete Brown Sling Bag,Handbags,Bags,54834.jpg,Bags,Bags,1.0,OK
30625,Nike Men Printed White T-shirt,Tshirts,Topwear,30625.jpg,Topwear,Topwear,0.9999757,OK
26206,Perry Ellis Women Perfume,Perfume and Body Mist,Fragrance,26206.jpg,Fragrance,Jewellery,0.8692499,ONE MODEL DISAGREES
34607,Hanes Men Black Briefs,Briefs,Innerwear,34607.jpg,Innerwear,Innerwear,0.99976104,OK
12059,W Women Printed Brown Kurtas,Kurtas,Topwear,12059.jpg,Topwear,Topwear,0.99990463,OK
9136,Puma Men Iknois 2 XT Black Sports Shoes,Sports Shoes,Shoes,9136.jpg,Shoes,Shoes,0.991968,OK
34779,Be For Bag Women Pack of 3 Bag,Handbags,Bags,34779.jpg,Bags,Bags,0.9999993,OK
8334,Doodle Boy's Touring Championship Green Black Kidswear,Tshirts,Topwear,8334.jpg,Topwear,Topwear,0.9999833,OK
4211,Disney Kids Boy's Blue Donald Kidswear,Tshirts,Topwear,4211.jpg,Topwear,Topwear,0.9996172,OK
26655,Puma Women Maya Shimmer Pink Sports Shoes,Sports Shoes,Shoes,26655.jpg,Shoes,Shoes,0.9995067,OK
21936,Murcia Women Casual Baby Pink Handbag,Handbags,Bags,21936.jpg,Bags,Bags,0.99999964,OK
30644,Nike Men Jumbo Jumpman Polo Navy Blue T-shirt,Tshirts,Topwear,30644.jpg,Topwear,Topwear,0.99923086,OK
54654,Fastrack Women Black Dial Watch,Watches,Watches,54654.jpg,Watches,Watches,0.99984944,OK
5476,Nike Women's Air Max Moto White Shoe,Sports Shoes,Shoes,5476.jpg,Shoes,Shoes,0.99975353,OK
48462,French Connection Men Blue Denim Shorts,Shorts,Bottomwear,48462.jpg,Bottomwear,Bottomwear,0.9994252,OK
44501,Force 10 Men White & Red Shoes,Casual Shoes,Shoes,44501.jpg,Shoes,Shoes,0.9985379,OK
26197,Formula 1 Go Men Perfume,Perfume and Body Mist,Fragrance,26197.jpg,Fragrance,Fragrance,0.999997,OK
1907,Nike Mens Classic Black T-shirt,Tshirts,Topwear,1907.jpg,Topwear,Topwear,0.9991053,OK
57070,Elle Women Blue Jeans,Jeans,Bottomwear,57070.jpg,Bottomwear,Bottomwear,0.99997914,OK
53365,Puma Unisex Black Backpack,Backpacks,Bags,53365.jpg,Bags,Bags,0.99991465,OK
41300,Gini and Jony Girls Polo Striped Blue T-shirt,Tshirts,Topwear,41300.jpg,Topwear,Topwear,0.9999484,OK
36457,Spinn Men Temptation Grey Sport Shoes,Sports Shoes,Shoes,36457.jpg,Shoes,Shoes,0.9974348,OK
36902,Fossil Men Silver-Toned Dial Chronograph Watch FS4643,Watches,Watches,36902.jpg,Watches,Watches,0.9999995,OK
2011,ADIDAS Men Classic Blue Striped T-shirt,Tshirts,Topwear,2011.jpg,Topwear,Topwear,0.9999981,OK
58214,Shree Women Brown Printed Patiala,Patiala,Bottomwear,58214.jpg,Bottomwear,Bottomwear,0.99996114,OK
32327,Q&Q Men White Dial Watch,Watches,Watches,32327.jpg,Watches,Watches,1.0,OK
51781,Bwitch Grey Lace  Bra,Bra,Innerwear,51781.jpg,Innerwear,Innerwear,0.9995763,OK
13134,iD Men Casual Red Sandals,Sandals,Sandal,13134.jpg,Sandal,Sandal,0.999553,OK
7045,Numero Uno Men's Olive Brown Shoe,Casual Shoes,Shoes,7045.jpg,Shoes,Shoes,0.999959,OK
8340,Doodle Boy's Volleyball Champion Black White Kidswear,Tshirts,Topwear,8340.jpg,Topwear,Topwear,0.9978929,OK
22187,Timberland Men Brown Casual Shoes,Casual Shoes,Shoes,22187.jpg,Shoes,Shoes,0.99976224,OK
17767,Buckaroo Men Nuevo Black Casual Shoe,Casual Shoes,Shoes,17767.jpg,Shoes,Shoes,0.9999882,OK
31337,Locomotive Men Washed Blue Jeans,Jeans,Bottomwear,31337.jpg,Bottomwear,Bottomwear,0.99999154,OK
4436,Converse Unisex Cyclone Black Canvas Shoe,Casual Shoes,Shoes,4436.jpg,Shoes,Shoes,0.99276114,OK
53823,Ayaanay Women White Printed Tunic,Tunics,Topwear,53823.jpg,Topwear,Topwear,0.9999081,OK
4817,ADIDAS Men's AP ST Black T-shirt,Tshirts,Topwear,4817.jpg,Topwear,Topwear,0.99876237,OK
27044,Yelloe Black Fur Zip Clutch,Clutches,Bags,27044.jpg,Bags,Bags,0.99999964,OK
14666,Basics Men Red Slim Fit Checked Shirt,Shirts,Topwear,14666.jpg,Topwear,Topwear,0.99998236,OK
14331,Nike Men Lengo FG White Sports Shoes,Sports Shoes,Shoes,14331.jpg,Shoes,Shoes,0.9999746,OK
59513,Lucera Silver Pendant With Chain,Pendant,Jewellery,59513.jpg,Jewellery,Jewellery,0.99999714,OK
38033,Q&Q Men Black Watch,Watches,Watches,38033.jpg,Watches,Watches,0.9999999,OK
10684,Doodle Boy Athlethic Blue Tshirts,Tshirts,Topwear,10684.jpg,Topwear,Topwear,0.99985063,OK
30596,Nike Men Woven Blue Shorts,Shorts,Bottomwear,30596.jpg,Bottomwear,Bottomwear,0.9999857,OK
51431,Myntra Men Blue Shirt,Shirts,Topwear,51431.jpg,Topwear,Topwear,0.9996704,OK
3264,Guerrilla Men's Kill You Green T-shirt,Tshirts,Topwear,3264.jpg,Topwear,Topwear,0.99998546,OK
37327,CASIO Sheen Women Red Dial Chronograph Watch SX039 SHE-5022D-4ADR,Watches,Watches,37327.jpg,Watches,Watches,1.0,OK
4471,Puma Men's Complete Itana Silver Black Red Shoes,Sports Shoes,Shoes,4471.jpg,Shoes,Shoes,0.9813349,OK
5466,Nike Unisex Elite White Shoe,Sports Shoes,Shoes,5466.jpg,Shoes,Shoes,0.9996132,OK
54959,Do u speak green Boys Blue T-shirt,Tshirts,Topwear,54959.jpg,Topwear,Topwear,0.99860805,OK
36215,Gini and Jony Girls Core Purple Shorts,Shorts,Bottomwear,36215.jpg,Bottomwear,Bottomwear,0.9661242,OK
34186,Gini and Jony Boys Printed Green T-shirt,Tshirts,Topwear,34186.jpg,Topwear,Topwear,0.9999038,OK
34350,Myntra Men Purple T-shirt,Tshirts,Topwear,34350.jpg,Topwear,Topwear,0.99943537,OK
44023,HUGO Men Dark Blue Perfume,Perfume and Body Mist,Fragrance,44023.jpg,Fragrance,Fragrance,0.9999249,OK
39219,Femella Women Black Animal Printed Kaftan Top,Tops,Topwear,39219.jpg,Topwear,Topwear,0.99997747,OK
7219,Rockport Men's Mubleno Black Shoe,Formal Shoes,Shoes,7219.jpg,Shoes,Shoes,0.9992849,OK
28229,Playboy Men London Deo,Deodorant,Fragrance,28229.jpg,Fragrance,Fragrance,0.99999917,OK
23230,Aneri Women Blue Checks Kurta,Kurtas,Topwear,23230.jpg,Topwear,Topwear,0.99993277,OK
32556,Playboy Men Blue Shoes,Casual Shoes,Shoes,32556.jpg,Shoes,Shoes,0.98461676,OK
46603,Catwalk Women Gold Toned Wedges,Heels,Shoes,46603.jpg,Shoes,Shoes,0.9996631,OK
46417,Timex Men Black Dial Watch,Watches,Watches,46417.jpg,Watches,Watches,0.9999844,OK
27260,Arrow Woman Blue Top,Tops,Topwear,27260.jpg,Topwear,Topwear,0.9999745,OK
5094,Wrangler Men's Reverse Print Brown T-shirt,Tshirts,Topwear,5094.jpg,Topwear,Topwear,0.8742192,OK
33049,Mother Earth Women Printed Blue Kurta,Kurtas,Topwear,33049.jpg,Topwear,Topwear,0.9999937,OK
26190,4711 Kolnisch Wasser Men Perfume,Perfume and Body Mist,Fragrance,26190.jpg,Fragrance,Fragrance,0.9999931,OK
32510,Franco Leone Men Brown Shoes,Casual Shoes,Shoes,32510.jpg,Shoes,Shoes,0.97753,OK
30097,Ed Hardy Men Black Dial Watch,Watches,Watches,30097.jpg,Watches,Watches,0.99280715,OK
24164,Aurelia Women Grey Kurta,Kurtas,Topwear,24164.jpg,Topwear,Topwear,0.9999901,OK
59452,Arrow New York Men Blue Check Slim Fit Shirt,Shirts,Topwear,59452.jpg,Topwear,Topwear,0.9999926,OK
7603,Nike Men Air Monarch IV Navy Shoe,Sports Shoes,Shoes,7603.jpg,Shoes,Shoes,0.99998987,OK
28889,Enamor Women Brown Boy Shorts Brief,Briefs,Innerwear,28889.jpg,Innerwear,Innerwear,0.9997727,OK
20891,Basics Men Green Casual Shoes,Casual Shoes,Shoes,20891.jpg,Shoes,Shoes,0.99993324,OK
8330,Doodle Boy's Car Print White Green Blue Kidswear,Tshirts,Topwear,8330.jpg,Topwear,Topwear,0.9894481,OK
39668,Lotto Men White Sports Shoes,Sports Shoes,Shoes,39668.jpg,Shoes,Shoes,0.9998944,OK
15898,Warner Bros Kids Blue Dance Casual Shoes,Casual Shoes,Shoes,15898.jpg,Shoes,Sandal,0.9959759,ONE MODEL DISAGREES
2399,Red Tape Black Men's Semi Casual Shoe,Casual Shoes,Shoes,2399.jpg,Shoes,Shoes,0.9999937,OK
18255,Aneri Women Multi Coloured Kurta,Kurtas,Topwear,18255.jpg,Topwear,Topwear,0.9999671,OK
35902,Peperone Women Navy Blue Handbag,Handbags,Bags,35902.jpg,Bags,Bags,0.9999994,OK
48393,French Connection Navy Washed Skinny Stretchable Jeans,Jeans,Bottomwear,48393.jpg,Bottomwear,Bottomwear,0.99999833,OK
1847,Inkfruit Mens Messy T-shirt,Tshirts,Topwear,1847.jpg,Topwear,Topwear,0.9999894,OK
46377,ADIDAS Men Blue & Black Check Shirt,Shirts,Topwear,46377.jpg,Topwear,Topwear,0.9999614,OK
16321,Peter England Men Printed Purple TShirt,Tshirts,Topwear,16321.jpg,Topwear,Topwear,0.99999905,OK
3932,Jealous 21 Women's White Black T-shirt,Tshirts,Topwear,3932.jpg,Topwear,Topwear,0.9997886,OK
48352,Pitaraa Women Brown Clutch,Clutches,Bags,48352.jpg,Bags,Bags,0.9999994,OK
38500,Gini and Jony Girls Woven Black Jeans,Jeans,Bottomwear,38500.jpg,Bottomwear,Bottomwear,0.99999976,OK
18412,Skechers MenShape-Ups White Shoe,Sports Shoes,Shoes,18412.jpg,Shoes,Shoes,0.9999964,OK
38012,Q&Q Men Blue Dial Watch,Watches,Watches,38012.jpg,Watches,Watches,0.9999993,OK
13713,Proline Men Grey Polo Tshirt,Tshirts,Topwear,13713.jpg,Topwear,Topwear,0.9999739,OK
46390,ADIDAS Men Blue Cargo Shorts,Shorts,Bottomwear,46390.jpg,Bottomwear,Bottomwear,0.99373513,OK
43500,French Connection Men White T-shirt,Tshirts,Topwear,43500.jpg,Topwear,Topwear,0.9999888,OK
54158,Femella Golden Necklace,Necklace and Chains,Jewellery,54158.jpg,Jewellery,Jewellery,0.99995315,OK
42612,Estelle Women Gold Earring & Pendant Set,Jewellery Set,Jewellery,42612.jpg,Jewellery,Jewellery,0.99994063,OK
24591,Vishudh Women Olive Printed Kurta,Kurtas,Topwear,24591.jpg,Topwear,Topwear,0.9999999,OK
13039,Inc 5 Women Casual White Flats,Heels,Shoes,13039.jpg,Shoes,Sandal,0.76394403,ONE MODEL DISAGREES
31361,Locomotive Men Printed Grey T-shirt,Tshirts,Topwear,31361.jpg,Topwear,Topwear,0.9988324,OK
25462,Nike Men Dart 9 MSL White Sports Shoes,Sports Shoes,Shoes,25462.jpg,Shoes,Shoes,0.99999154,OK
20300,Jealous 21 Women Solid Maroon Sweater,Sweaters,Topwear,20300.jpg,Topwear,Topwear,0.9999982,OK
40672,Lee Women Blue Check Shirt,Shirts,Topwear,40672.jpg,Topwear,Topwear,1.0,OK
25381,Levis Men Navy Blue Innerwear Vest,Innerwear Vests,Innerwear,25381.jpg,Innerwear,Innerwear,0.9992453,OK
10609,Puma Women White Dial Chronograph Watch,Watches,Watches,10609.jpg,Watches,Watches,0.9999988,OK
32208,Fabindia Women Orange Kurta,Kurtas,Topwear,32208.jpg,Topwear,Topwear,0.99999785,OK
49054,Lucera Women Silver Ring,Ring,Jewellery,49054.jpg,Jewellery,Jewellery,0.9976036,OK
24738,Murcia Women Leatherite Beige Bag,Handbags,Bags,24738.jpg,Bags,Bags,0.9999999,OK
21171,s.Oliver Women Solid Black Top,Tops,Topwear,21171.jpg,Topwear,Topwear,0.9976311,OK
54828,Ivory Tag Women Black Houndstooth Sling Bag,Handbags,Bags,54828.jpg,Bags,Bags,0.9999987,OK
30136,Flying Machine Men Printed Navy Blue T-shirt,Tshirts,Topwear,30136.jpg,Topwear,Topwear,0.9999933,OK
11810,Vishudh Women Pigment Print Green Kurtas,Kurtas,Topwear,11810.jpg,Topwear,Topwear,0.99999774,OK
6499,Red Tape Men's Leather Black Formal Shoe,Formal Shoes,Shoes,6499.jpg,Shoes,Shoes,0.9999949,OK
3442,Delhi Daredevils Kids Match Jersey,Tshirts,Topwear,3442.jpg,Topwear,Topwear,0.9999801,OK
40595,Aurelia Women Black Kurti,Kurtis,Topwear,40595.jpg,Topwear,Topwear,0.9999238,OK
25448,Nike Men Black Air Deschutz Sandals,Sports Sandals,Sandal,25448.jpg,Sandal,Sandal,0.9976902,OK
26401,Turtle Men Check Red Shirt,Shirts,Topwear,26401.jpg,Topwear,Topwear,0.9998901,OK
30742,Fabindia Men Striped Blue Silk Sleeveless Jacket,Nehru Jackets,Topwear,30742.jpg,Topwear,Topwear,0.99927324,OK
51936,Nyk Women Red Tiny Handbag,Handbags,Bags,51936.jpg,Bags,Bags,1.0,OK
35198,Wildcraft Unisex Blue & Black Backpack,Backpacks,Bags,35198.jpg,Bags,Bags,0.99999523,OK
11694,Lee Men Brown Check Shirt,Shirts,Topwear,11694.jpg,Topwear,Topwear,0.99996316,OK
31984,ADIDAS Unisex Black Backpack,Backpacks,Bags,31984.jpg,Bags,Bags,0.9999995,OK
56319,Fastrack Women Black Watch N9827PP02,Watches,Watches,56319.jpg,Watches,Watches,1.0,OK
50335,Aurelia Women Blue Kurta,Kurtas,Topwear,50335.jpg,Topwear,Topwear,0.9999932,OK
49980,Hanes Men Khaki Innerwear Vest,Innerwear Vests,Innerwear,49980.jpg,Innerwear,Innerwear,0.99803585,OK
9001,Puma Men El rey Riddim 50s OC Grey Casual Shoes,Casual Shoes,Shoes,9001.jpg,Shoes,Shoes,0.9989722,OK
10833,Wrangler Men Rope Embro Polo Red T-Shirt,Tshirts,Topwear,10833.jpg,Topwear,Topwear,0.9998572,OK
50637,Chromozome Men Red Innerwear Vest,Innerwear Vests,Innerwear,50637.jpg,Innerwear,Topwear,0.95422584,ONE MODEL DISAGREES
56643,Mumbai Slang Women Blue Tunic,Tunics,Topwear,56643.jpg,Topwear,Topwear,0.9999833,OK
7244,Rockport Men's Allander Black Shoe,Formal Shoes,Shoes,7244.jpg,Shoes,Shoes,0.999977,OK
13322,Gini and Jony Kids Boys Stripes Green Shirts,Shirts,Topwear,13322.jpg,Topwear,Topwear,0.9991399,OK
27468,Jockey Women White Briefs,Briefs,Innerwear,27468.jpg,Innerwear,Innerwear,0.9999993,OK
17547,Mark Taylor Men Blue & White Striped Shirt,Shirts,Topwear,17547.jpg,Topwear,Topwear,0.9992638,OK
24589,Vishudh Women Brown Printed Kurta,Kurtas,Topwear,24589.jpg,Topwear,Topwear,0.99999464,OK
18868,Puma Men Solid Navy Blue Knits Panel Shorts,Shorts,Bottomwear,18868.jpg,Bottomwear,Bottomwear,0.9418317,OK
19151,United Colors Of Benetton Men White T-shirt,Tshirts,Topwear,19151.jpg,Topwear,Topwear,0.9970739,OK
43793,Royal Diadem White Earrings,Earrings,Jewellery,43793.jpg,Jewellery,Jewellery,0.9999993,OK
4404,Nirvana Men's Guitar Image Discharge Black T-shirt,Tshirts,Topwear,4404.jpg,Topwear,Topwear,0.99972636,OK
17558,Mark Taylor Men Blue & White Striped Shirt,Shirts,Topwear,17558.jpg,Topwear,Topwear,0.9998745,OK
52308,ToniQ Women Multi Coloured Necklace,Necklace and Chains,Jewellery,52308.jpg,Jewellery,Jewellery,0.99994206,OK
32479,Proline Men Charcoal Grey Track Pants,Track Pants,Bottomwear,32479.jpg,Bottomwear,Bottomwear,0.9998932,OK
24032,Locomotive Men Light Brown Printed T-shirt,Tshirts,Topwear,24032.jpg,Topwear,Topwear,0.99943274,OK
4852,Newfeel Unisex Purple White Shoes,Casual Shoes,Shoes,4852.jpg,Shoes,Shoes,0.9972908,OK
4559,Nike Men's Dunk High White Blue Shoe,Sports Shoes,Shoes,4559.jpg,Shoes,Shoes,0.9996973,OK
6644,Nike Women Transform III IN White Shoe,Sports Shoes,Shoes,6644.jpg,Shoes,Shoes,0.9999894,OK
24637,Nike Women Dual Fusion White Sports Shoes,Sports Shoes,Shoes,24637.jpg,Shoes,Shoes,0.9999211,OK
48222,United Colors of Benetton Women Black Sunglasses,Sunglasses,Eyewear,48222.jpg,Eyewear,Eyewear,0.999998,OK
46547,Timex Expedition Men Off-White Dial Analogue & Digital Watch T41361 ,Watches,Watches,46547.jpg,Watches,Watches,0.9999981,OK
10989,Inkfruit Women Mementos Purple Tshirts,Tshirts,Topwear,10989.jpg,Topwear,Topwear,0.99999917,OK
18395,Undercolors of Benetton Men White V-Brief,Briefs,Innerwear,18395.jpg,Innerwear,Innerwear,0.9999908,OK
5847,Puma Men's Summer Graphic Black T-shirt,Tshirts,Topwear,5847.jpg,Topwear,Topwear,0.9998746,OK
50277,Arrow Men Brown Formal Shoes,Formal Shoes,Shoes,50277.jpg,Shoes,Shoes,0.9999981,OK
11830,Playboy Men Casual Blue Casual Shoes,Casual Shoes,Shoes,11830.jpg,Shoes,Shoes,0.9993042,OK
27503,Jockey Signature Stretch Red Bra SS 12,Bra,Innerwear,27503.jpg,Innerwear,Innerwear,0.9998203,OK
17722,Reid & Taylor Men Stripes Grey Shirt,Shirts,Topwear,17722.jpg,Topwear,Topwear,0.82350093,OK
40971,Buckaroo Men Brown Casual Shoes,Casual Shoes,Shoes,40971.jpg,Shoes,Shoes,0.98865837,OK
15378,Fila Men Coloda Grey Sports Shoes,Sports Shoes,Shoes,15378.jpg,Shoes,Shoes,0.99985313,OK
10793,Wrangler Men Authentic Rope Embro Red Shirts,Shirts,Topwear,10793.jpg,Topwear,Topwear,0.9999896,OK
34618,Hanes Men ComfortSoft Pack of 2 Waistband Hip Briefs,Briefs,Innerwear,34618.jpg,Innerwear,Innerwear,0.9999801,OK
12426,Timberland Men Casual Brown Casual Shoes,Casual Shoes,Shoes,12426.jpg,Shoes,Shoes,0.9999416,OK
7935,Puma Men Jersey Black Short,Shorts,Bottomwear,7935.jpg,Bottomwear,Bottomwear,0.9999052,OK
40009,Park Avenue Men Black & Green Frame Sunglasses,Tunics,Topwear,40009.jpg,Eyewear,Eyewear,0.99999964,LIKELY MISLABEL
29523,Playboy Women White Dial Watch,Watches,Watches,29523.jpg,Watches,Watches,0.9999999,OK
13857,Scullers Men Check Blue Shirts,Shirts,Topwear,13857.jpg,Topwear,Topwear,0.99999094,OK
44158,Nike Men Extreme Perfume,Perfume and Body Mist,Fragrance,44158.jpg,Fragrance,Fragrance,0.99998116,OK
46246,Fusion Beats Women Green Printed Tunic,Tunics,Topwear,46246.jpg,Topwear,Topwear,0.99999976,OK
13342,Gini and Jony Kids Girls Solid Purple Capris,Capris,Bottomwear,13342.jpg,Bottomwear,Bottomwear,0.9999999,OK
24513,Mother Earth Women Blue Printed Kurta,Kurtas,Topwear,24513.jpg,Topwear,Topwear,0.99988544,OK
20033,United Colors of Benetton Women Solid Lavender Shirt,Shirts,Topwear,20033.jpg,Topwear,Topwear,0.99999225,OK
51937,Nyk Women Teal Tiny Handbag,Handbags,Bags,51937.jpg,Bags,Bags,1.0,OK
36133,Nike Men Downshifter White Sports Shoes,Sports Shoes,Shoes,36133.jpg,Shoes,Shoes,0.99984455,OK
15492,Carlton London Women Black Heels,Heels,Shoes,15492.jpg,Shoes,Shoes,0.99996746,OK
27007,Jealous 21 Women Dark Blue Jeggings,Jeggings,Bottomwear,27007.jpg,Bottomwear,Bottomwear,0.99999547,OK
38397,ADIDAS Mumbai Indians Men Blue Fan T-shirt,Tshirts,Topwear,38397.jpg,Topwear,Topwear,0.9999716,OK
50190,Hanes Women White Camisole,Camisoles,Innerwear,50190.jpg,Innerwear,Topwear,0.65686226,ONE MODEL DISAGREES
47994,Helix Men Black Watch,Watches,Watches,47994.jpg,Watches,Watches,0.9999995,OK
16920,Spykar Men Washed Navy Blue Jeans,Jeans,Bottomwear,16920.jpg,Bottomwear,Bottomwear,0.99999905,OK
15065,Franco Leone Men Brown Formal Shoe,Formal Shoes,Shoes,15065.jpg,Shoes,Shoes,0.99989307,OK
21259,Skybags Unisex Black Bern Backpack,Backpacks,Bags,21259.jpg,Bags,Bags,0.9999999,OK
31024,Arrow New York Men Green Striped Slim Fit Shirt,Shirts,Topwear,31024.jpg,Topwear,Topwear,0.9999876,OK
21306,Celine Dion Women Purple Frame Sunglasses,Sunglasses,Eyewear,21306.jpg,Eyewear,Eyewear,0.999998,OK
3563,Skechers Men's Black Taupe Lifestyle Casual Shoe,Casual Shoes,Shoes,3563.jpg,Shoes,Sandal,0.7784304,ONE MODEL DISAGREES
9027,Buckaroo Men Felisa Brown Casual Shoes,Casual Shoes,Shoes,9027.jpg,Shoes,Shoes,0.99986243,OK
53396,Alma Women Purple Printed Kurta,Kurtas,Topwear,53396.jpg,Topwear,Topwear,0.99894255,OK
30036,SKAGEN DENMARK Women White Mother of Pearl Dial Watch 107SSCS,Watches,Watches,30036.jpg,Watches,Watches,0.9999857,OK
8104,Fastrack Women New Analog White Black Watch,Watches,Watches,8104.jpg,Watches,Watches,1.0,OK
23266,Maxima Men Black Dial Watch,Watches,Watches,23266.jpg,Watches,Watches,0.99998975,OK
23806,Puma Men Grey Cat Runner Sports Shoes,Sports Shoes,Shoes,23806.jpg,Shoes,Shoes,0.99924064,OK
4552,Nike Men's Downshif White Shoe,Sports Shoes,Shoes,4552.jpg,Shoes,Shoes,0.999655,OK
37854,Hidekraft Women Blue Handbag,Handbags,Bags,37854.jpg,Bags,Bags,1.0,OK
54397,Baggit Women Blue Handbag,Handbags,Bags,54397.jpg,Bags,Bags,0.9999956,OK
12595,Tantra Unisex Printed Black Tshirts,Tshirts,Topwear,12595.jpg,Topwear,Topwear,0.99515593,OK
13986,Puma Men D Force Lo SF White Casual Shoes,Casual Shoes,Shoes,13986.jpg,Shoes,Shoes,0.99997854,OK
32618,Nike Men Black Jacket,Jackets,Topwear,32618.jpg,Topwear,Topwear,0.99981064,OK
3235,Puma Women Saba Ballet Fun Black Shoe,Casual Shoes,Shoes,3235.jpg,Shoes,Shoes,0.96710426,OK
2630,Carlton London Women Four Strapped Red Sandal,Flats,Shoes,2630.jpg,Shoes,Shoes,0.8162759,OK
43530,French Connection Women Orange Top,Tops,Topwear,43530.jpg,Topwear,Topwear,0.99999523,OK
15504,Carlton London Women Casual Black Casual Shoes,Casual Shoes,Shoes,15504.jpg,Shoes,Shoes,0.9997155,OK
37636,Madagascar3 Girls Soft Red Printed T-Shirt,Tshirts,Topwear,37636.jpg,Topwear,Topwear,0.99912626,OK
5085,Wrangler Men's Racing Big Blue T-shirt,Tshirts,Topwear,5085.jpg,Topwear,Topwear,0.9999976,OK
21706,Fossil Men Quartz White Dial Watch FS4677,Watches,Watches,21706.jpg,Watches,Watches,0.9999987,OK
4808,ADIDAS Men's Prophecy Black Yellow Short,Shorts,Bottomwear,4808.jpg,Bottomwear,Bottomwear,0.99998426,OK
6662,Jealous 21 Women Yellow Basic Top,Tshirts,Topwear,6662.jpg,Topwear,Topwear,0.99989784,OK
27984,Jockey ZONE Men Zone Navy Blue Brief US14,Briefs,Innerwear,27984.jpg,Innerwear,Innerwear,0.99999964,OK
1866,Inkfruit Mens My Pet T-shirt,Tshirts,Topwear,1866.jpg,Topwear,Topwear,0.9983165,OK
5346,Solognac Shoes Inverness 100 Ir,Sports Shoes,Shoes,5346.jpg,Shoes,Shoes,0.99996686,OK
49620,Catwalk Women Brown Heels,Heels,Shoes,49620.jpg,Shoes,Shoes,0.9992206,OK
10483,Flying Machine Men Damson Maroon Tshirts,Tshirts,Topwear,10483.jpg,Topwear,Topwear,0.99995625,OK
25925,Femella Women Purple T-Shirt,Tshirts,Topwear,25925.jpg,Topwear,Topwear,0.9998215,OK
56640,Mumbai Slang Women Multi Coloured Tunic,Tunics,Topwear,56640.jpg,Topwear,Topwear,0.9999987,OK
54651,Fastrack Women Silver Dial Watch,Watches,Watches,54651.jpg,Watches,Watches,0.99431545,OK
42214,Sepia Women White Top,Tops,Topwear,42214.jpg,Topwear,Topwear,0.99989367,OK
51777,Bwitch Blue Bra,Bra,Innerwear,51777.jpg,Innerwear,Innerwear,0.9987821,OK
8981,Puma Men Evo Ducati Mid White Casual Shoes,Casual Shoes,Shoes,8981.jpg,Shoes,Shoes,0.9999925,OK
11069,Scullers Men Check Black Shirts,Shirts,Topwear,11069.jpg,Topwear,Topwear,0.9999622,OK
23653,Music Men Off White Printed T-shirt,Tshirts,Topwear,23653.jpg,Topwear,Topwear,0.9665435,OK
5299,Reebok Unisex Red Backpack,Backpacks,Bags,5299.jpg,Bags,Bags,1.0,OK
39463,Diva Women Blue Kurta,Kurtas,Topwear,39463.jpg,Topwear,Topwear,0.9999981,OK
13494,Nike Men Manchester United White Tshirts,Tshirts,Topwear,13494.jpg,Topwear,Topwear,0.9999987,OK
27129,Miss-T White Bra,Bra,Innerwear,27129.jpg,Innerwear,Innerwear,0.99999106,OK
53866,W Women Blue Kurti,Kurtis,Topwear,53866.jpg,Topwear,Topwear,0.99999917,OK
43075,Nike Womens Grey Capris,Capris,Bottomwear,43075.jpg,Bottomwear,Bottomwear,0.9999621,OK
9551,Nike Men As Race Day Ss Blue T-Shirts,Tshirts,Topwear,9551.jpg,Topwear,Topwear,0.99971336,OK
10356,United Colors of Benetton Men Solid Blue Shirts,Shirts,Topwear,10356.jpg,Topwear,Topwear,0.999995,OK
14686,Basics Men Red Striped Polo T-shirt,Tshirts,Topwear,14686.jpg,Topwear,Topwear,0.9999429,OK
44934,Ganuchi Men Blue Shoes,Casual Shoes,Shoes,44934.jpg,Shoes,Shoes,0.9028373,OK
14063,Flying Machine Men Solid Blue Polo Tshirts,Tshirts,Topwear,14063.jpg,Topwear,Topwear,0.9999944,OK
40024,ADIDAS Men White T-shirt,Tshirts,Topwear,40024.jpg,Topwear,Topwear,0.99902093,OK
32628,Nike Men Black Polo T-shirt,Tshirts,Topwear,32628.jpg,Topwear,Topwear,0.9998086,OK
39802,Peter England Men Purple Formal Shirt,Shirts,Topwear,39802.jpg,Topwear,Topwear,0.99997604,OK
8228,Fastrack Men Red Messenger Bag,Messenger Bag,Bags,8228.jpg,Bags,Bags,0.99999905,OK
32239,Fabindia Women Printed Red Kurta,Kurtas,Topwear,32239.jpg,Topwear,Topwear,0.99999523,OK
20786,Classic Polo Men Striped White Sweatshirt,Sweatshirts,Topwear,20786.jpg,Topwear,Topwear,0.9999765,OK
44292,Indian Terrain Men Green Check Shirt,Shirts,Topwear,44292.jpg,Topwear,Topwear,0.9999968,OK
4020,ADIDAS Unisex Check Can MW Green White Shoe,Casual Shoes,Shoes,4020.jpg,Shoes,Shoes,0.9939686,OK
27942,Jockey Men Comfort Stretch Blue Bikini Brief,Briefs,Innerwear,27942.jpg,Innerwear,Innerwear,0.9993524,OK
45330,Cobblerz Women Red Heels,Heels,Shoes,45330.jpg,Shoes,Shoes,0.9999217,OK
53485,Amante Grey Sports Bra BCST03,Bra,Innerwear,53485.jpg,Innerwear,Innerwear,0.99373615,OK
24401,Vishudh Women Brown Printed Kurta,Kurtas,Topwear,24401.jpg,Topwear,Topwear,0.99954116,OK
51785,Bwitch Purple Bra,Bra,Innerwear,51785.jpg,Innerwear,Innerwear,0.9999925,OK
39610,Catwalk Women Grey Heels,Heels,Shoes,39610.jpg,Shoes,Shoes,0.999464,OK
32629,Nike Men Sphere Red Polo T-shirt,Tshirts,Topwear,32629.jpg,Topwear,Topwear,0.9999964,OK
9071,Mark Taylor Men Solid White Shirts,Shirts,Topwear,9071.jpg,Topwear,Topwear,0.999941,OK
25877,American Tourister Unisex Casual Purple Backpack,Backpacks,Bags,25877.jpg,Bags,Bags,1.0,OK
59524,Lucera Silver Earrings,Earrings,Jewellery,59524.jpg,Jewellery,Jewellery,0.99999285,OK
12272,Genesis Men Solid Pink Shirts,Shirts,Topwear,12272.jpg,Topwear,Topwear,0.9988469,OK
9074,Mark Taylor Men Solid White Shirts,Shirts,Topwear,9074.jpg,Topwear,Topwear,0.97884595,OK
3913,Urban Yoga Men's Hush White T-shirt,Tshirts,Topwear,3913.jpg,Topwear,Topwear,0.5625504,OK
23925,Lotto Men Black Chamonix Sports Shoes,Sports Shoes,Shoes,23925.jpg,Shoes,Shoes,0.99604154,OK
59885,Femella Women Beige Tube Top,Tops,Topwear,59885.jpg,Topwear,Innerwear,0.54621005,ONE MODEL DISAGREES
45622,Red Tape Men Black Shoes,Formal Shoes,Shoes,45622.jpg,Shoes,Shoes,0.99999356,OK
5319,ADIDAS Women's Duramo Luxury White Shoe,Sports Shoes,Shoes,5319.jpg,Shoes,Shoes,0.9997265,OK
53476,Amante Mushroom Brown Medium-Coverage Bra BCSB01,Bra,Innerwear,53476.jpg,Innerwear,Innerwear,0.9999714,OK
35670,U.S. Polo Assn. Men Navy Blue Shoes,Casual Shoes,Shoes,35670.jpg,Shoes,Shoes,0.99655765,OK
52467,Red Rose Lavender Camisole,Camisoles,Innerwear,52467.jpg,Innerwear,Innerwear,0.99670863,OK
58610,ToniQ Women Silver Earrings,Earrings,Jewellery,58610.jpg,Jewellery,Jewellery,0.9999999,OK
24337,ADIDAS Men Red T-shirt,Tshirts,Topwear,24337.jpg,Topwear,Topwear,0.99761707,OK
12014,Mark Taylor Men Blue Striped Shirts,Shirts,Topwear,12014.jpg,Topwear,Topwear,0.9999572,OK
56646,Mumbai Slang Women White Kurti,Kurtis,Topwear,56646.jpg,Topwear,Topwear,0.9971731,OK
16250,United Colors of Benetton Women Check Navy Blue Shirts,Shirts,Topwear,16250.jpg,Topwear,Topwear,0.99999964,OK
22585,Nike Men Grey Track Pants,Track Pants,Bottomwear,22585.jpg,Bottomwear,Bottomwear,0.9999969,OK
51245,Clarks Women Purple & Brown Surf Legend Sandals,Flats,Shoes,51245.jpg,Sandal,Shoes,0.92050225,ONE MODEL DISAGREES
42519,Mother Earth Men White Shirt,Shirts,Topwear,42519.jpg,Topwear,Topwear,0.9999962,OK
8999,Puma Men Benecio Mid Leather Brown Casual Shoes,Casual Shoes,Shoes,8999.jpg,Shoes,Shoes,0.9999535,OK
50701,Latin Quarters Women Pink Top,Tops,Topwear,50701.jpg,Topwear,Topwear,0.99996233,OK
6484,ADIDAS Men's Black Strip T-shirt,Tshirts,Topwear,6484.jpg,Topwear,Topwear,0.997456,OK
1905,FIFA Mens 1904 Football Federation T-shirt,Tshirts,Topwear,1905.jpg,Topwear,Topwear,0.9999958,OK
46267,109F Women Grey Top,Tops,Topwear,46267.jpg,Topwear,Topwear,0.99999285,OK
12289,Genesis Men Solid Black Trousers,Trousers,Bottomwear,12289.jpg,Bottomwear,Bottomwear,0.9999881,OK
19198,United Colors of Benetton Men Solid White Shirt,Shirts,Topwear,19198.jpg,Topwear,Topwear,0.98638356,OK
58020,Rreverie Golden Earrings,Earrings,Jewellery,58020.jpg,Jewellery,Jewellery,0.57680523,OK
38937,Gini and Jony Boys Blue Shorts,Shorts,Bottomwear,38937.jpg,Bottomwear,Bottomwear,0.9988193,OK
49881,Q&Q Women Silver Dial Analog Watch,Watches,Watches,49881.jpg,Watches,Watches,0.98737854,OK
40126,Gini and Jony Boys Boxer White Shorts,Shorts,Bottomwear,40126.jpg,Bottomwear,Bottomwear,0.9959268,OK
6623,ADIDAS Men's Oliver White Red Black Shoe,Sports Shoes,Shoes,6623.jpg,Shoes,Shoes,0.9972046,OK
5743,Basics Men Orange & White Striped Hooded T-shirt,Tshirts,Topwear,5743.jpg,Topwear,Topwear,0.9979096,OK
9495,Puma Unisex Blaze Black Backpacks,Backpacks,Bags,9495.jpg,Bags,Bags,0.9998053,OK
32496,Converse Men CT AS 08 3D HI Blue Shoes,Casual Shoes,Shoes,32496.jpg,Shoes,Shoes,0.9998343,OK
7884,Proline Men Black Track Pants,Track Pants,Bottomwear,7884.jpg,Bottomwear,Bottomwear,0.99998546,OK
19256,Guess Men Focus Steel Watch,Watches,Watches,19256.jpg,Watches,Watches,1.0,OK
41407,Wrangler Women Cowgirl Blue Top,Tops,Topwear,41407.jpg,Topwear,Topwear,0.9983215,OK
40634,Span Women Red Kurta,Kurtas,Topwear,40634.jpg,Topwear,Topwear,0.998884,OK
10168,United Colors of Benetton Men Punk Black Casual Shoes,Casual Shoes,Shoes,10168.jpg,Shoes,Shoes,0.9996866,OK
10196,Murcia Women Hddcs Green Handbags,Handbags,Bags,10196.jpg,Bags,Bags,0.99999344,OK
36798,Maxima Men Silver Dial Ssteele Watch,Watches,Watches,36798.jpg,Watches,Watches,1.0,OK
17168,U.S. Polo Assn. Men Checks Mustard Shirt,Shirts,Topwear,17168.jpg,Topwear,Topwear,0.9998367,OK
39835,Gini and Jony Girls Printed Peach Top,Tops,Topwear,39835.jpg,Topwear,Topwear,0.99991024,OK
18388,Undercolors of Benetton Men White Tanga Brief,Briefs,Innerwear,18388.jpg,Innerwear,Innerwear,0.99999976,OK
53678,Kiara Women Pink Handbag,Handbags,Bags,53678.jpg,Bags,Bags,0.99999964,OK
3320,KKR Mens Take Down Jersey,Tshirts,Topwear,3320.jpg,Topwear,Topwear,0.99561644,OK
17744,Puma Women Body Train Black Sports Shoe,Sports Shoes,Shoes,17744.jpg,Shoes,Shoes,0.99339116,OK
26379,Turtle Men Striped Grey Trousers,Trousers,Bottomwear,26379.jpg,Bottomwear,Bottomwear,0.9999825,OK
18906,ADIDAS Men J-RUN III White Sports Shoes,Sports Shoes,Shoes,18906.jpg,Shoes,Shoes,0.9999759,OK
59940,Vans Men Black Casual Shoes,Casual Shoes,Shoes,59940.jpg,Shoes,Shoes,0.9998995,OK
45299,CASIO SHEEN Women White Dial Chronograph Analogue Watch SX047,Watches,Watches,45299.jpg,Watches,Watches,1.0,OK
46596,Catwalk Women Olive Sandals,Heels,Shoes,46596.jpg,Shoes,Shoes,0.99107236,OK
51582,Wrangler Women Black Jeggings,Jeggings,Bottomwear,51582.jpg,Bottomwear,Bottomwear,0.9998728,OK
18693,Hanes Men Grey Modern Duo Dry Cotton Stretch Trunks,Trunk,Innerwear,18693.jpg,Innerwear,Innerwear,0.99907,OK
7502,Nike Women As Classic Black Capri,Capris,Bottomwear,7502.jpg,Bottomwear,Bottomwear,0.999998,OK
53082,Rocia Women Black Clutch,Clutches,Bags,53082.jpg,Bags,Bags,0.99944776,OK
23274,Maxima Men White Dial Watch,Watches,Watches,23274.jpg,Watches,Watches,1.0,OK
10024,Nike Women As Make Yours Black T-Shirts,Tshirts,Topwear,10024.jpg,Topwear,Topwear,0.99986017,OK
37697,American Tourister Unisex Brown Backpack,Backpacks,Bags,37697.jpg,Bags,Bags,1.0,OK
47017,Shree Women Red Chevron Stripe Kurta,Kurtas,Topwear,47017.jpg,Topwear,Topwear,0.9999827,OK
35909,Peperone Women Yellow Sling Bag,Handbags,Bags,35909.jpg,Bags,Bags,0.9999994,OK
45664,Park Avenue Men Grey Innerwear T-Shirt,Innerwear Vests,Innerwear,45664.jpg,Innerwear,Innerwear,0.99972814,OK
17039,Gas Men Skate 001 Casual Shoe,Casual Shoes,Shoes,17039.jpg,Shoes,Shoes,0.9999989,OK
12157,Aurelia Women Solid Orange Leggings,Leggings,Bottomwear,12157.jpg,Bottomwear,Bottomwear,0.99947673,OK
7686,Puma Men Alonso Track Red Ferrari Jacket,Jackets,Topwear,7686.jpg,Topwear,Topwear,0.99999,OK
9115,Puma Women Ikonis 2 Silver Sports Shoes,Sports Shoes,Shoes,9115.jpg,Shoes,Shoes,0.99999714,OK
29432,Giordano Men Black Dial Watch,Watches,Watches,29432.jpg,Watches,Watches,0.9999999,OK
4421,Wrangler Men's Champion Burnt Out Striper Off White Olive T-shirt,Tshirts,Topwear,4421.jpg,Topwear,Topwear,0.997823,OK
54068,ADIDAS Men Grey Flint TR Low Shoes,Casual Shoes,Shoes,54068.jpg,Shoes,Shoes,0.9998561,OK
3679,Inkfruit Men's Storm Troopers Black T-shirt,Tshirts,Topwear,3679.jpg,Topwear,Topwear,0.99996674,OK
25313,Casio Youth Series Men Digital Watch AE-1100W-1AVDF(D085),Watches,Watches,25313.jpg,Watches,Watches,1.0,OK
27184,Mark Taylor Men Striped Black Trousers,Trousers,Bottomwear,27184.jpg,Bottomwear,Bottomwear,0.99999094,OK
33149,Gini and Jony Girls Pink Leggings,Leggings,Bottomwear,33149.jpg,Bottomwear,Bottomwear,0.99999774,OK
26968,Jealous 21 Women Check Purple Top,Tops,Topwear,26968.jpg,Topwear,Topwear,0.9999994,OK
23751,Rayban Unisex Black Highstreet Sunglasses,Sunglasses,Eyewear,23751.jpg,Eyewear,Eyewear,0.99999976,OK
4228,Probase Men's Outdoor Event Maroon Tshirt,Tshirts,Topwear,4228.jpg,Topwear,Topwear,0.99999607,OK
43257,Aneri Women White Kurta,Kurtas,Topwear,43257.jpg,Topwear,Topwear,0.9999318,OK
17045,Gas Men Aventura Sandal,Sandals,Sandal,17045.jpg,Sandal,Sandal,0.9138284,OK
7491,"Nike Women's EM Tempo 3.5"" Pink Short",Shorts,Bottomwear,7491.jpg,Bottomwear,Bottomwear,0.992789,OK
8492,Forever New Women Peony Peach Top,Tops,Topwear,8492.jpg,Topwear,Topwear,0.9951782,OK
38331,Hannah Montana Girls White Top,Tops,Topwear,38331.jpg,Topwear,Topwear,0.8188444,OK
54949,Do u speak green Men Grey Sweatshirt,Sweatshirts,Topwear,54949.jpg,Topwear,Topwear,0.99998605,OK
29633,Indigo Nation Men Striped Black Shirt,Shirts,Topwear,29633.jpg,Topwear,Topwear,0.99999654,OK
49168,Spykar Men Navy Blue  Shirt,Shirts,Topwear,49168.jpg,Topwear,Topwear,0.9981735,OK
38472,Baggit Women Black Carromboard Bristo Bag,Handbags,Bags,38472.jpg,Bags,Bags,0.99942017,OK
59878,Femella Women Black Stockings,Stockings,Bottomwear,59878.jpg,Bottomwear,Bottomwear,0.9998827,OK
11522,United Colors of Benetton Men Blue Sweater,Sweaters,Topwear,11522.jpg,Topwear,Topwear,0.9993011,OK
9797,Hush Puppies Men Slip on Black Casual Sandals,Sandals,Sandal,9797.jpg,Sandal,Shoes,0.9875431,ONE MODEL DISAGREES
36741,Spykar Men Aza Blue Jeans,Jeans,Bottomwear,36741.jpg,Bottomwear,Bottomwear,0.9999907,OK
16786,ADIDAS Unisex Digital Black Watch,Watches,Watches,16786.jpg,Watches,Watches,1.0,OK
36672,Paridhan Women Multi Coloured Handbag,Handbags,Bags,36672.jpg,Bags,Bags,0.9999994,OK
46528,Timex Men Gunmetal Toned Dial Watch,Watches,Watches,46528.jpg,Watches,Watches,1.0,OK
12813,Nike Men Sports White Casual Shoes,Casual Shoes,Shoes,12813.jpg,Shoes,Shoes,0.99996996,OK
22109,Reebok Men White Acciomax II Sports Shoes,Sports Shoes,Shoes,22109.jpg,Shoes,Shoes,0.99994826,OK
57135,Elle Women Olive Green Top,Tops,Topwear,57135.jpg,Topwear,Topwear,0.99997044,OK
6089,UCB Women's Photographic Print Pink T-shirt,Tshirts,Topwear,6089.jpg,Topwear,Topwear,0.99881077,OK
27319,ADIDAS Women Natural Vitality Perfume,Perfume and Body Mist,Fragrance,27319.jpg,Fragrance,Fragrance,0.9999571,OK
54509,Lino Perros Women Beige Handbag,Handbags,Bags,54509.jpg,Bags,Bags,1.0,OK
30731,Fabindia Girls Printed Magenta Salwar,Salwar,Bottomwear,30731.jpg,Bottomwear,Fragrance,0.48057944,ONE MODEL DISAGREES
34071,Clarks Women Saturn Whizz Leather Black Sandals,Flats,Shoes,34071.jpg,Sandal,Shoes,0.9941776,ONE MODEL DISAGREES
4878,Levis Kids Boy's Devon White Teens Kidswear,Tshirts,Topwear,4878.jpg,Topwear,Topwear,0.7919004,OK
34838,ADIDAS Men Navy Blue CC Sports Shoes,Sports Shoes,Shoes,34838.jpg,Shoes,Shoes,0.99670804,OK
31474,Black Coffee  Brown Formal Trousers,Trousers,Bottomwear,31474.jpg,Bottomwear,Bottomwear,0.9985851,OK
14099,Flying Machine Women Solid Pink Tops,Tops,Topwear,14099.jpg,Topwear,Topwear,0.9999995,OK
21468,Roxy Women Sneaky Classic Black Casual Shoes,Casual Shoes,Shoes,21468.jpg,Shoes,Shoes,0.8210066,OK
6869,Forever New Women V Neck Printed Blue Top,Tops,Topwear,6869.jpg,Topwear,Topwear,0.99997103,OK
17442,CASIO Unisex Black Small Dial Analogue and Digital Watch,Watches,Watches,17442.jpg,Watches,Watches,1.0,OK
23553,Police Women Wings Deo,Deodorant,Fragrance,23553.jpg,Fragrance,Fragrance,1.0,OK
46414,ADIDAS Men Black Trousers,Trousers,Bottomwear,46414.jpg,Bottomwear,Bottomwear,1.0,OK
54536,F Sports Men Grey Deen Sports Shoes,Sports Shoes,Shoes,54536.jpg,Shoes,Shoes,0.9999453,OK
43647,ONLY Women Blue Top,Tops,Topwear,43647.jpg,Topwear,Topwear,0.9966091,OK
6860,Forever New Women's Short Black Skirt,Skirts,Bottomwear,6860.jpg,Bottomwear,Bottomwear,0.72455865,OK
50449,Chromozome Men Charcoal Melange Briefs,Briefs,Innerwear,50449.jpg,Innerwear,Innerwear,0.99990237,OK
46634,Rasasi Men Emotion Deo,Deodorant,Fragrance,46634.jpg,Fragrance,Fragrance,0.999998,OK
40136,Gini and Jony Boys Around The World White T-shirt,Tshirts,Topwear,40136.jpg,Topwear,Topwear,0.9999511,OK
25114,Lino Perros Women Gems Black Clutch,Clutches,Bags,25114.jpg,Bags,Bags,0.99979585,OK
54889,Do u speak green Men Olive Sweatshirt,Sweatshirts,Topwear,54889.jpg,Topwear,Topwear,0.99995005,OK
22567,Highlander Men Blue Check Shirt,Shirts,Topwear,22567.jpg,Topwear,Topwear,0.9999995,OK
21945,Murcia Women Brown Leather Handbag,Handbags,Bags,21945.jpg,Bags,Bags,1.0,OK
51053,Enamor Women Green Bikini Brief,Briefs,Innerwear,51053.jpg,Innerwear,Innerwear,0.99462974,OK
11143,Scullers Men Price Catch Black Shirts,Shirts,Topwear,11143.jpg,Topwear,Topwear,0.9999833,OK
37801,John Players Men Stripes Black Shirt,Shirts,Topwear,37801.jpg,Topwear,Topwear,0.99951327,OK
10751,Nike Men Breakline Grey Track Pants,Track Pants,Bottomwear,10751.jpg,Bottomwear,Bottomwear,0.99998283,OK
4716,ADIDAS Unisex Response ST Analogue Black Watch,Watches,Watches,4716.jpg,Watches,Watches,1.0,OK
26360,Arrow Woman Grey T-shirt,Tshirts,Topwear,26360.jpg,Topwear,Topwear,0.9991672,OK
13446,United Colors of Benetton Women Stripes Pink Tops,Tops,Topwear,13446.jpg,Topwear,Topwear,0.99999833,OK
45629,Park Avenue Men Black Briefs,Briefs,Innerwear,45629.jpg,Innerwear,Innerwear,0.99961203,OK
14740,Arrow Men Stripes Blue Shirts,Shirts,Topwear,14740.jpg,Topwear,Topwear,0.9984145,OK
47418,Baggit Women Beige Handbag,Handbags,Bags,47418.jpg,Bags,Bags,1.0,OK
40195,Mumbai Slang Women White Printed Top,Tops,Topwear,40195.jpg,Topwear,Topwear,1.0,OK
49555,Rocia Women Brown Handbag,Handbags,Bags,49555.jpg,Bags,Bags,1.0,OK
26790,Arrow Men White Striped Shirt,Shirts,Topwear,26790.jpg,Topwear,Topwear,0.9997557,OK
10161,Puma Men Cabana Racer White Sports Shoes,Sports Shoes,Shoes,10161.jpg,Shoes,Shoes,0.9996381,OK
45960,Tokyo Talkies Women Red T-shirt,Tshirts,Topwear,45960.jpg,Topwear,Topwear,0.9999988,OK
12700,Nike Men Metallic Gold Black Sports Shoes,Sports Shoes,Shoes,12700.jpg,Shoes,Shoes,0.99968994,OK
22988,2go Active Gear USA Men Black John Shorts,Shorts,Bottomwear,22988.jpg,Bottomwear,Bottomwear,0.9988533,OK
29689,Indigo Nation Men Check Blue Shorts,Shorts,Bottomwear,29689.jpg,Bottomwear,Bottomwear,0.99970067,OK
52177,Lencia Sterling Silver Ring,Ring,Jewellery,52177.jpg,Jewellery,Jewellery,0.73237026,OK
27444,Jockey Women Black T-shirt,Tshirts,Topwear,27444.jpg,Topwear,Topwear,0.94985175,OK
46572,Timex Men White Dial Watch,Watches,Watches,46572.jpg,Watches,Watches,1.0,OK
5253,Wildcraft Unisex Black & Grey Duffel Bag,Duffel Bag,Bags,5253.jpg,Bags,Bags,0.9966217,OK
57180,Elle Women Blue Denim Tunic,Tunics,Topwear,57180.jpg,Topwear,Topwear,0.9959984,OK
9632,Indigo Nation Men Stripes Shirt Black Shirts,Shirts,Topwear,9632.jpg,Topwear,Topwear,0.99965453,OK
32396,Arrow Woman Blue Striped Shirt,Shirts,Topwear,32396.jpg,Topwear,Topwear,0.99998844,OK
7746,Fila Men's DNA Brown Grey Shoe,Sports Shoes,Shoes,7746.jpg,Shoes,Shoes,0.999338,OK
4392,Free Authority Men's Owls With Glasses Blue T-shirt,Tshirts,Topwear,4392.jpg,Topwear,Topwear,0.9999988,OK
54570,Sushilas Women Printed Red Kurta,Kurtas,Topwear,54570.jpg,Topwear,Topwear,0.9999869,OK
26630,Puma Women Winning Diva Ballerinas,Flats,Shoes,26630.jpg,Shoes,Shoes,0.9957956,OK
39874,ADIDAS Unisex Black Load Spring Backpack,Backpacks,Bags,39874.jpg,Bags,Bags,1.0,OK
48395,French Connection Men Black Trousers,Trousers,Bottomwear,48395.jpg,Bottomwear,Bottomwear,0.9994254,OK
33536,Cobblerz Women Brown & Beige Pumps,Heels,Shoes,33536.jpg,Shoes,Shoes,0.99998593,OK
22101,Flying Machine Men Grey Casual Shoes,Casual Shoes,Shoes,22101.jpg,Shoes,Shoes,0.997592,OK
24055,Locomotive Men Grey Striped T-shirt,Tshirts,Topwear,24055.jpg,Topwear,Topwear,0.999608,OK
3662,Fila Men's Cavier Black Shoe,Sports Shoes,Shoes,3662.jpg,Shoes,Shoes,0.9700244,OK
36434,Spinn Men Conniver Brown Shoes,Casual Shoes,Shoes,36434.jpg,Shoes,Shoes,0.9997243,OK
17549,Mark Taylor Men Grey & White Striped Shirt,Shirts,Topwear,17549.jpg,Topwear,Topwear,0.9998031,OK
5290,Lee Cooper Men Black Shoe,Formal Shoes,Shoes,5290.jpg,Shoes,Shoes,0.992671,OK
31853,Titan Edge Men Black Dial Watch,Watches,Watches,31853.jpg,Watches,Watches,1.0,OK
45891,Maxima Men White Dial Watch,Watches,Watches,45891.jpg,Watches,Watches,0.9999999,OK
29736,Kiara Women Peach Handbag,Handbags,Bags,29736.jpg,Bags,Bags,1.0,OK
22786,Deni Yo Men Washed Blue Jeans,Jeans,Bottomwear,22786.jpg,Bottomwear,Bottomwear,0.999992,OK
31934,Fabindia Women Orange Brocade Clutch,Clutches,Bags,31934.jpg,Bags,Bags,0.9999982,OK
35564,Arrow Men Black Shoes,Casual Shoes,Shoes,35564.jpg,Shoes,Shoes,0.99993575,OK
37167,United Colors of Benetton Boys Check Grey Waistcoat,Waistcoat,Topwear,37167.jpg,Topwear,Bottomwear,0.7424977,ONE MODEL DISAGREES
43979,Police Men Pure Perfume,Perfume and Body Mist,Fragrance,43979.jpg,Fragrance,Fragrance,0.9996649,OK
29407,Giordano Men Blue Dial Watch,Watches,Watches,29407.jpg,Watches,Watches,1.0,OK
32721,Facit Men White Trenz Brief,Briefs,Innerwear,32721.jpg,Innerwear,Innerwear,0.99996257,OK
20847,Spice Art Women Black Evening Clutch,Clutches,Bags,20847.jpg,Bags,Bags,0.9999994,OK
36930,Hugo Boss Men Selection Perfume,Perfume and Body Mist,Fragrance,36930.jpg,Fragrance,Fragrance,0.99999976,OK
19324,Myntra Men Solid Maroon Sweatshirt,Sweatshirts,Topwear,19324.jpg,Topwear,Topwear,0.99999547,OK
10255,Locomotive Men Stripes Blue Shirts,Shirts,Topwear,10255.jpg,Topwear,Topwear,0.99989545,OK
59049,Carlton London Women Black Heels,Heels,Shoes,59049.jpg,Shoes,Shoes,0.9999232,OK
57425,Angry Birds Women Yellow T-shirt,Tshirts,Topwear,57425.jpg,Topwear,Topwear,0.9999995,OK
34256,Proline Men Black Solid Tracksuits,Tracksuits,Bottomwear,34256.jpg,Bottomwear,Bottomwear,0.9966614,OK
45634,Park Avenue Men Black Swank Briefs,Briefs,Innerwear,45634.jpg,Innerwear,Innerwear,0.9999422,OK
10717,Nike Women Trainng sports bra Purple Tops,Tops,Topwear,10717.jpg,Innerwear,Bags,0.99867237,ALL DIFFERENT
51682,Louis Philippe Men Brown Sunglasses,Sunglasses,Eyewear,51682.jpg,Eyewear,Eyewear,0.9504663,OK
49763,Vishudh Grey Leggings,Leggings,Bottomwear,49763.jpg,Bottomwear,Bottomwear,0.9999912,OK
24133,ADIDAS Men Navy Blue T-shirt,Tshirts,Topwear,24133.jpg,Topwear,Topwear,0.99875414,OK
27285,Mother Earth Women Brown Kurta,Kurtas,Topwear,27285.jpg,Topwear,Topwear,0.99997735,OK
38154,Wildcraft Men Black Husky Jacket,Jackets,Topwear,38154.jpg,Topwear,Topwear,0.99998355,OK
39177,Aneri Women Purple Printed Kurta,Kurtas,Topwear,39177.jpg,Topwear,Topwear,0.99999535,OK
19817,U.S. Polo Assn. Men Solid Blue Sweatshirt,Sweatshirts,Topwear,19817.jpg,Topwear,Topwear,0.99991643,OK
28542,Nike Men Bold Striped Grey T-shirt,Tshirts,Topwear,28542.jpg,Topwear,Topwear,0.9967277,OK
44610,Salomon Men Black Quest Sports Shoes,Sports Shoes,Shoes,44610.jpg,Shoes,Shoes,0.9996697,OK
3967,Jealous 21 Women Pink & Beige Long Top,Tops,Topwear,3967.jpg,Topwear,Topwear,0.99867296,OK
44389,Spinz Women Black Magic Deo,Deodorant,Fragrance,44389.jpg,Fragrance,Fragrance,0.99892265,OK
1978,Puma Women Yellow Sleeveless Top,Tops,Topwear,1978.jpg,Topwear,Topwear,0.9999223,OK
5460,Nike Women's Double Team Lite Black Shoe,Sports Shoes,Shoes,5460.jpg,Shoes,Shoes,0.99998474,OK
31814,Titan Men Black Dial Watch,Watches,Watches,31814.jpg,Watches,Watches,0.9999976,OK
30134,Flying Machine Men Printed Orange T-shirt,Tshirts,Topwear,30134.jpg,Topwear,Topwear,0.9998084,OK
48199,United Colors of Benetton Men Black Sunglasses,Sunglasses,Eyewear,48199.jpg,Eyewear,Eyewear,0.9999987,OK
38539,Puma Men Black California Casual Shoes,Casual Shoes,Shoes,38539.jpg,Shoes,Shoes,0.99768126,OK
47260,FCUK Underwear Men White Brief,Briefs,Innerwear,47260.jpg,Innerwear,Innerwear,0.99982893,OK
54612,Jockey ELANCE Men White Briefs 1009,Briefs,Innerwear,54612.jpg,Innerwear,Innerwear,0.96738696,OK
33136,Catwalk Women Brown Heels,Heels,Shoes,33136.jpg,Shoes,Shoes,0.9999851,OK
35196,Wildcraft Unisex Red & Black Backpack,Backpacks,Bags,35196.jpg,Bags,Bags,1.0,OK
21506,Kiara Women Sporty Look Black Handbag,Handbags,Bags,21506.jpg,Bags,Bags,1.0,OK
9609,Indigo Nation Men Stripes Purple Shirts,Shirts,Topwear,9609.jpg,Topwear,Topwear,0.99977297,OK
6391,Lotto Women Sofia Pink Black Floater,Flats,Shoes,6391.jpg,Sandal,Sandal,0.9718517,LIKELY MISLABEL
28193,Ray-Ban Men Aviator Gold Sunglasses,Sunglasses,Eyewear,28193.jpg,Eyewear,Eyewear,0.9999591,OK
53392,Aurelia Women Cream Printed Kurti,Kurtis,Topwear,53392.jpg,Topwear,Topwear,0.9999908,OK
1541,Puma Men's Ballistic Spike White Green Shoe,Sports Shoes,Shoes,1541.jpg,Shoes,Shoes,0.9999566,OK
36138,Nike Men Zoom Hyperenforcer White Sports Shoes,Sports Shoes,Shoes,36138.jpg,Shoes,Shoes,0.9999428,OK
53843,Vishudh Women Printed White Kurta,Kurtas,Topwear,53843.jpg,Topwear,Topwear,0.99989796,OK
30966,Azzaro Men Chrome Eau de Toilette 200 ml,Perfume and Body Mist,Fragrance,30966.jpg,Fragrance,Fragrance,0.818378,OK
19672,United Colors of Benetton Women Blue Printed T-shirt,Tshirts,Topwear,19672.jpg,Topwear,Topwear,0.9999976,OK
53676,Kiara Women Black Handbag,Handbags,Bags,53676.jpg,Bags,Bags,0.99999774,OK
59077,Peri Peri Women White Bra,Bra,Innerwear,59077.jpg,Innerwear,Innerwear,0.9999236,OK
46800,Nike Women Smoke Grey Sports Shoes,Sports Shoes,Shoes,46800.jpg,Shoes,Shoes,0.99986815,OK
16036,Highlander Men Check Green Shirt,Shirts,Topwear,16036.jpg,Topwear,Topwear,0.99993026,OK
59087,Peri Peri Women Black  Bra,Bra,Innerwear,59087.jpg,Innerwear,Innerwear,0.9990134,OK
3507,ADIDAS Men's Cont Black Short,Shorts,Bottomwear,3507.jpg,Bottomwear,Bottomwear,0.99998724,OK
47955,Murcia Women Black Handbag,Handbags,Bags,47955.jpg,Bags,Bags,1.0,OK
30473,Lovable Women All Day Long Beige Bra,Bra,Innerwear,30473.jpg,Innerwear,Innerwear,0.99957293,OK
16350,Peter England Men Stripes Cream Shirt,Shirts,Topwear,16350.jpg,Topwear,Topwear,0.9611841,OK
3284,Guerrilla Men's Move It Move On Red T-shirt,Tshirts,Topwear,3284.jpg,Topwear,Topwear,0.99967563,OK
9399,Nike Women Wmns Dou Black Sports Shoes,Sports Shoes,Shoes,9399.jpg,Shoes,Shoes,0.999974,OK
27892,Scullers For Her Black Striped Shirt,Shirts,Topwear,27892.jpg,Topwear,Topwear,0.9999918,OK
5018,Levis Kids Boy's Aldon White Kidswear,Shorts,Bottomwear,5018.jpg,Topwear,Bottomwear,0.95223546,ONE MODEL DISAGREES
19241,Puma Men Lifestyle Track Black Jacket,Jackets,Topwear,19241.jpg,Topwear,Topwear,0.9999337,OK
32277,ADIDAS Men Sprint Speed Black Sports Shoes,Sports Shoes,Shoes,32277.jpg,Shoes,Shoes,0.99897623,OK
27552,Scullers Men Black Shirt,Shirts,Topwear,27552.jpg,Topwear,Topwear,0.9999151,OK
56282,Biara Black Everyday Support Bra,Bra,Innerwear,56282.jpg,Innerwear,Innerwear,0.9998142,OK
6215,Lee Men's Printed White T-shirt,Tshirts,Topwear,6215.jpg,Topwear,Topwear,0.9995945,OK
34235,Proline Men Cream-Coloured Polo T-Shirt,Tshirts,Topwear,34235.jpg,Topwear,Topwear,0.94366425,OK
22126,Provogue Men Brown Formal Shoes,Formal Shoes,Shoes,22126.jpg,Shoes,Shoes,0.9914273,OK
44290,Indian Terrain Men Navy Blue Trousers,Trousers,Bottomwear,44290.jpg,Bottomwear,Bottomwear,0.9999994,OK
34453,Rocia Women Black & Brown Sandals,Flats,Shoes,34453.jpg,Shoes,Shoes,0.9908654,OK
57438,Angry Birds Women Charcoal T-shirt,Tshirts,Topwear,57438.jpg,Topwear,Topwear,0.99997056,OK
26559,Lee Cooper Men Black Shoes,Casual Shoes,Shoes,26559.jpg,Shoes,Shoes,0.99955493,OK
28420,Idee Men Copper Sunglasses,Sunglasses,Eyewear,28420.jpg,Eyewear,Eyewear,0.9999999,OK
14073,Flying Machine Women Printed Blue Tshirts,Tshirts,Topwear,14073.jpg,Topwear,Topwear,0.9999963,OK
7299,Jimi Hendrix Men's Note Light Grey T-shirt,Tshirts,Topwear,7299.jpg,Topwear,Topwear,0.999816,OK
31691,Ganuchi Men Brown Shoes,Casual Shoes,Shoes,31691.jpg,Shoes,Shoes,0.9997203,OK
27017,Jealous 21 Women Blue Jeans,Jeans,Bottomwear,27017.jpg,Bottomwear,Bottomwear,0.99999046,OK
46304,Jacques M Men Fragrances,Perfume and Body Mist,Fragrance,46304.jpg,Fragrance,Fragrance,1.0,OK
41669,Catwalk Women Silver Heels,Heels,Shoes,41669.jpg,Shoes,Shoes,0.99982965,OK
27128,Miss-T Cream Bra,Bra,Innerwear,27128.jpg,Innerwear,Innerwear,0.99920684,OK
52574,Mod'acc Women Beige Clutch,Clutches,Bags,52574.jpg,Bags,Bags,0.9999312,OK
7788,Proline Men Black Polo T-shirt,Tshirts,Topwear,7788.jpg,Topwear,Topwear,0.9999943,OK
37684,American Tourister Unisex Blue Backpack,Backpacks,Bags,37684.jpg,Bags,Bags,1.0,OK
40129,Gini and Jony BoysCore Navy Blue Shirt,Shirts,Topwear,40129.jpg,Topwear,Topwear,0.99977714,OK
5111,Wrangler Women Ditsy Polka Blue Grey Shirt,Shirts,Topwear,5111.jpg,Topwear,Topwear,0.99996305,OK
2369,Red Tape Casual Brown Men's Shoe,Casual Shoes,Shoes,2369.jpg,Shoes,Shoes,0.98351246,OK
45625,Red Tape Men Brown Shoes,Casual Shoes,Shoes,45625.jpg,Shoes,Shoes,0.99976295,OK
5047,Fila Men's Vision Black White Shoe,Sports Shoes,Shoes,5047.jpg,Shoes,Shoes,0.9513058,OK
16838,Idee Unisex Funky Eyewear Black Sunglasses,Sunglasses,Eyewear,16838.jpg,Eyewear,Eyewear,0.99999857,OK
46663,Rasasi Women Vanity Deo,Deodorant,Fragrance,46663.jpg,Fragrance,Fragrance,0.99998426,OK
31579,Mark Taylor Men Printed Navy Blue T-shirt,Tshirts,Topwear,31579.jpg,Topwear,Topwear,0.99945396,OK
8387,ADIDAS Men  Navy Blue Polo T-shirt,Tshirts,Topwear,8387.jpg,Topwear,Topwear,0.9997497,OK
56280,Biara Women Red Bra,Bra,Innerwear,56280.jpg,Innerwear,Innerwear,0.9993795,OK
46406,ADIDAS Men Green Printed T-shirt,Tshirts,Topwear,46406.jpg,Topwear,Topwear,0.9999999,OK
10162,Puma Men 917 Lo Paint Splatter White Casual Shoes,Casual Shoes,Shoes,10162.jpg,Shoes,Shoes,0.99998224,OK
34400,Myntra Men Planet Earth Black T-shirt,Tshirts,Topwear,34400.jpg,Topwear,Topwear,0.99997854,OK
33111,Catwalk Women Yellow Casual Shoes,Casual Shoes,Shoes,33111.jpg,Shoes,Shoes,0.999703,OK
13203,ASICS Men Gel Cumulus Running Grey Sports Shoes,Sports Shoes,Shoes,13203.jpg,Shoes,Shoes,0.9998858,OK
43638,Vero Moda Women Green Top,Tops,Topwear,43638.jpg,Topwear,Topwear,0.99999976,OK
19360,Beyouty Women H01 Combo3 Fashion Hipster Pack of 3 Breifs,Briefs,Innerwear,19360.jpg,Innerwear,Innerwear,0.99998677,OK
10001,Palm Tree Kids Girls Sp Jema Skt Blue Skirts,Skirts,Bottomwear,10001.jpg,Bottomwear,Bottomwear,0.9989856,OK
30533,Lovable Cotton Essensuals Black Bra,Bra,Innerwear,30533.jpg,Innerwear,Innerwear,0.9989139,OK
17614,Doodle Boys Cycle Black Tshirt,Tshirts,Topwear,17614.jpg,Topwear,Topwear,0.99994767,OK
25616,Fastrack Women Black Casual Watch,Watches,Watches,25616.jpg,Watches,Watches,1.0,OK
21697,Fossil Women Lavender Dial Watch ES2959,Watches,Watches,21697.jpg,Watches,Watches,1.0,OK
14116,Flying Machine Men Blue Jeans,Jeans,Bottomwear,14116.jpg,Bottomwear,Bottomwear,0.9999862,OK
28196,Ray-Ban Men Caravan Black Sunglasses,Sunglasses,Eyewear,28196.jpg,Eyewear,Eyewear,0.9999999,OK
11297,Wrangler Men Blue Custom Jeans,Jeans,Bottomwear,11297.jpg,Bottomwear,Bottomwear,0.99983287,OK
29797,Basics Men Navy Checked Shirt,Shirts,Topwear,29797.jpg,Topwear,Topwear,0.99997663,OK
7054,s.Oliver Men Striped Dark Grey Shirt,Shirts,Topwear,7054.jpg,Topwear,Topwear,0.99991536,OK
58123,Rreverie Silver & White Earrings,Earrings,Jewellery,58123.jpg,Jewellery,Jewellery,0.999964,OK
27181,Mark Taylor Men Striped Blue Trousers,Trousers,Bottomwear,27181.jpg,Bottomwear,Bottomwear,0.9999919,OK
11368,United Colors Of Benetton Women Light Winter Black Jackets,Jackets,Topwear,11368.jpg,Topwear,Topwear,0.9999838,OK
44219,Nike Men Black Ozil T-shirt,Tshirts,Topwear,44219.jpg,Topwear,Topwear,0.99833494,OK
13928,United Colors of Benetton Women Solid Pink Tops,Tops,Topwear,13928.jpg,Topwear,Topwear,0.9994843,OK
28042,Jockey ELANCE Men Charcoal Brief 1008,Briefs,Innerwear,28042.jpg,Innerwear,Innerwear,0.9998696,OK
41697,AND Women Blue Top,Tops,Topwear,41697.jpg,Topwear,Topwear,0.99999917,OK
45536,Fila Men White Polo T-shirt,Tshirts,Topwear,45536.jpg,Topwear,Topwear,0.9978892,OK
11543,W Women Solid Grey Kurtas,Kurtas,Topwear,11543.jpg,Topwear,Topwear,0.9941713,OK
3538,Myntra Mens Octopus Black T-shirt,Tshirts,Topwear,3538.jpg,Topwear,Topwear,0.99996686,OK
48772,Lucera Women Silver Pendant,Pendant,Jewellery,48772.jpg,Jewellery,Jewellery,0.9999962,OK
42199,Sepia Women Blue Checked Top,Tops,Topwear,42199.jpg,Topwear,Topwear,0.9999932,OK
3789,Basics Men White & Green Striped Polo T-shirt,Tshirts,Topwear,3789.jpg,Topwear,Topwear,0.99999523,OK
35992,Flying Machine Women Tee White T-shirt,Tshirts,Topwear,35992.jpg,Topwear,Topwear,0.99995553,OK
16852,Idee Women Funky Eyewear Green Sunglasses,Sunglasses,Eyewear,16852.jpg,Eyewear,Eyewear,0.9999999,OK
39711,ADIDAS Original Men Black Dial Chronograph Watch ADH2641,Watches,Watches,39711.jpg,Watches,Watches,0.999997,OK
52027,Just Natural Unisex Navy Blue Rain Jacket,Rain Jacket,Topwear,52027.jpg,Topwear,Topwear,0.99999917,OK
25219,Lino Perros Women Leatherette Pink Handbag,Handbags,Bags,25219.jpg,Bags,Bags,0.99999976,OK
41862,Estd. 1977 Men Brown Sandals,Sandals,Sandal,41862.jpg,Sandal,Shoes,0.60268515,ONE MODEL DISAGREES
28776,Aurelia Women Printed Orange Kurti,Kurtis,Topwear,28776.jpg,Topwear,Topwear,0.99994946,OK
2965,Puma Men's Excurse White Spectrum Blue Shoe,Casual Shoes,Shoes,2965.jpg,Shoes,Shoes,0.99968374,OK
28848,Proline Men Grey Polo T-shirt,Tshirts,Topwear,28848.jpg,Topwear,Topwear,0.8668224,OK
51397,Myntra Men Blue Check Shorts,Shorts,Bottomwear,51397.jpg,Bottomwear,Bottomwear,0.99995804,OK
50631,Chromozome Men Grey Melange & Black Trunks,Trunk,Innerwear,50631.jpg,Innerwear,Innerwear,0.99951816,OK
38313,Idee Men Metallic Frame Sunglasses,Sunglasses,Eyewear,38313.jpg,Eyewear,Eyewear,1.0,OK
16856,Idee Women Funky Eyewear Black Sunglasses,Sunglasses,Eyewear,16856.jpg,Eyewear,Eyewear,0.9999995,OK
21732,Catwalk Women Casual Brown Flats,Heels,Shoes,21732.jpg,Shoes,Sandal,0.58710223,ONE MODEL DISAGREES
7173,Scullers Men Scul Black White Shirt,Shirts,Topwear,7173.jpg,Topwear,Topwear,0.999967,OK
5875,Converse Unisex As Star Print Ox Black Shoe,Casual Shoes,Shoes,5875.jpg,Shoes,Shoes,0.99958044,OK
31435,HIghlander Men Black Trousers,Trousers,Bottomwear,31435.jpg,Bottomwear,Bottomwear,0.9970693,OK
46613,Catwalk Women Multi Coloured Sandals,Heels,Shoes,46613.jpg,Shoes,Shoes,0.8799981,OK
19465,Quiksilver Men Navy Blue Check Shirt,Shirts,Topwear,19465.jpg,Topwear,Topwear,0.9999919,OK
56940,HM Women Brown Flats,Heels,Shoes,56940.jpg,Shoes,Shoes,0.9415879,OK
39374,Helix Women Green Dial Watch,Watches,Watches,39374.jpg,Watches,Watches,0.45662916,OK
42423,Aurelia Women Cream Kurta,Kurtas,Topwear,42423.jpg,Topwear,Topwear,0.9999988,OK
33093,Catwalk Women Black Shoes,Casual Shoes,Shoes,33093.jpg,Shoes,Shoes,0.9999018,OK
12361,Reid & Taylor Men Solid Blue Shirts,Shirts,Topwear,12361.jpg,Topwear,Topwear,0.9848674,OK
31585,Mark Taylor Men Printed Olive T-shirt,Tshirts,Topwear,31585.jpg,Topwear,Topwear,0.99998856,OK
23236,Aneri Women Gulista Red Kurta,Kurtas,Topwear,23236.jpg,Topwear,Topwear,0.9999647,OK
4297,Tantra Men's Jim Morrison Black T-shirt,Tshirts,Topwear,4297.jpg,Topwear,Topwear,0.99996233,OK
52465,Red Rose Black Camisole,Camisoles,Innerwear,52465.jpg,Innerwear,Innerwear,0.99887496,OK
21425,Roxy Women Pink Top,Tops,Topwear,21425.jpg,Topwear,Topwear,0.9999926,OK
8978,Puma Women Saba Ballet DC3 Purple Casual Shoes,Casual Shoes,Shoes,8978.jpg,Shoes,Shoes,0.99690765,OK
34165,Gini and Jony Girls Printed White Top,Tops,Topwear,34165.jpg,Topwear,Bottomwear,0.3924015,ONE MODEL DISAGREES
49774,Alma Women Blue Printed Kurta,Kurtas,Topwear,49774.jpg,Topwear,Topwear,0.99999464,OK
19826,U.S. Polo Assn. Men Check Yellow Shirt,Shirts,Topwear,19826.jpg,Topwear,Topwear,0.9999957,OK
42583,United Colors of Benetton Boys Navy Blue Waistcoat,Waistcoat,Topwear,42583.jpg,Topwear,Topwear,0.99690455,OK
34630,Lotto Men White Basketball Mid II Sports Shoes,Sports Shoes,Shoes,34630.jpg,Shoes,Shoes,0.9999479,OK
45758,Lomani Men Cool Water Deo,Deodorant,Fragrance,45758.jpg,Fragrance,Fragrance,0.9999938,OK
27559,Scullers Men Purple Shirt,Shirts,Topwear,27559.jpg,Topwear,Topwear,0.99967957,OK
27516,Jockey Lace Stretch Black Boy Leg Brief,Briefs,Innerwear,27516.jpg,Innerwear,Innerwear,0.99890757,OK
42240,Sepia Women Purple Top,Tops,Topwear,42240.jpg,Topwear,Topwear,0.996924,OK
2092,ADIDAS Mens Polo Blue Polo T-shirt,Tshirts,Topwear,2092.jpg,Topwear,Topwear,0.999987,OK
6649,Nike Men's Air Max Tailwind 3 Black Yellow Shoe,Sports Shoes,Shoes,6649.jpg,Shoes,Shoes,0.99877244,OK
1647,Quechua Unisex Ultralight 16 Ltr Green Backpack,Backpacks,Bags,1647.jpg,Bags,Bags,0.9970204,OK
46133,Adrika Women Black Necklace,Necklace and Chains,Jewellery,46133.jpg,Jewellery,Jewellery,0.99999034,OK
14448,Enroute Women Brown Wedges,Heels,Shoes,14448.jpg,Shoes,Shoes,0.99995613,OK
35429,ADIDAS Men Astride Brown Sports Shoes,Sports Shoes,Shoes,35429.jpg,Shoes,Shoes,0.99996924,OK
8706,Fastrack Men Bikers Brown Sunglasses,Sunglasses,Eyewear,8706.jpg,Eyewear,Eyewear,0.99956113,OK
15826,Facit Men Smart Black Innerwear Vest,Innerwear Vests,Innerwear,15826.jpg,Innerwear,Innerwear,0.9896563,OK
28757,Aurelia Women Green Kurta,Kurtas,Topwear,28757.jpg,Topwear,Topwear,0.9999896,OK
46998,Shree Women Brown Kurta,Kurtas,Topwear,46998.jpg,Topwear,Topwear,0.9993788,OK
42042,Nike Men Air Relentless 2 MSL White Sports Shoes,Sports Shoes,Shoes,42042.jpg,Shoes,Shoes,0.9999927,OK
30927,Fabindia Women Red Ghera Crinkle Skirt,Skirts,Bottomwear,30927.jpg,Bottomwear,Bottomwear,0.9880183,OK
14796,United Colors of Benetton Women Solid Purple Handbags,Handbags,Bags,14796.jpg,Bags,Bags,0.99999523,OK
34249,Proline Black Lounge Shorts S11-BK/SGML,Shorts,Bottomwear,34249.jpg,Bottomwear,Bottomwear,0.85478747,OK
29022,ADIDAS Men Aess Crew White T-shirt,Tshirts,Topwear,29022.jpg,Topwear,Topwear,0.99409074,OK
53587,Q&Q Men White Dial Watch,Watches,Watches,53587.jpg,Watches,Watches,0.9999962,OK
6038,UCB Men's Polo Neck Black T-shirt,Tshirts,Topwear,6038.jpg,Topwear,Topwear,0.99567986,OK
23676,Red Tape Men Cross Band Black Sandals,Sandals,Sandal,23676.jpg,Sandal,Sandal,0.9988675,OK
41486,Locomotive Men Blue T-shirt,Tshirts,Topwear,41486.jpg,Topwear,Topwear,0.98550445,OK
53145,Catwalk Women Blue Sandals,Heels,Shoes,53145.jpg,Shoes,Shoes,0.99976665,OK
2265,Nike Womens NIKE MILER SS TOP T-shirt,Tshirts,Topwear,2265.jpg,Topwear,Topwear,0.9964109,OK
48882,Lucera Women Silver Pendant with Chain,Pendant,Jewellery,48882.jpg,Jewellery,Jewellery,0.99983704,OK
42705,Rocia Women Brown Sandals,Flats,Shoes,42705.jpg,Shoes,Sandal,0.5527847,ONE MODEL DISAGREES
22124,Provogue Men Brown Formal Shoes,Formal Shoes,Shoes,22124.jpg,Shoes,Shoes,0.9999933,OK
36758,Maxima Women Grey Dial Watch,Watches,Watches,36758.jpg,Watches,Watches,1.0,OK
17660,Catwalk Women Ballerina Brown Casual Shoe,Casual Shoes,Shoes,17660.jpg,Shoes,Shoes,0.9929006,OK
31166,Gini and Jony Boys Washed Blue Denim Shorts,Shorts,Bottomwear,31166.jpg,Bottomwear,Bottomwear,0.9996587,OK
17912,Nike Women Casual Cream Jacket,Jackets,Topwear,17912.jpg,Topwear,Topwear,0.9997975,OK
11784,Lee Women Solid Black Tshirts,Tshirts,Topwear,11784.jpg,Topwear,Topwear,0.9999336,OK
48007,Helix Men Black Dial Watch,Watches,Watches,48007.jpg,Watches,Watches,0.9999939,OK
6523,Nike Women Strong Poly Black Capri,Capris,Bottomwear,6523.jpg,Bottomwear,Bottomwear,0.9999651,OK
8350,Doodle Boy's I love Driving White Kidswear,Tshirts,Topwear,8350.jpg,Topwear,Topwear,0.99996483,OK
59999,Catwalk Women Bronze Wedges,Heels,Shoes,59999.jpg,Shoes,Shoes,0.9999796,OK
11931,Skechers Men Shape Black Sports Shoes,Sports Shoes,Shoes,11931.jpg,Shoes,Shoes,0.99999964,OK
10721,Nike Men Runng Mens tshirt White Tshirts,Tshirts,Topwear,10721.jpg,Topwear,Topwear,0.9826063,OK
6489,ADIDAS Men's 365 Polo Yellow T-shirt,Tshirts,Topwear,6489.jpg,Topwear,Topwear,0.9997408,OK
15093,Mother Earth Women Solid Brown Tunics,Tunics,Topwear,15093.jpg,Topwear,Topwear,0.9993338,OK
12809,Nike Men Hood Black Jacket,Jackets,Topwear,12809.jpg,Topwear,Topwear,0.99990344,OK
21618,Enamor Women Smooth White Bra,Bra,Innerwear,21618.jpg,Innerwear,Innerwear,0.9999999,OK
6856,Spalding Men's Running White Green Shoe,Sports Shoes,Shoes,6856.jpg,Shoes,Shoes,0.99963474,OK
38754,Nike Women Green Sling Bag,Handbags,Bags,38754.jpg,Bags,Bags,0.9201417,OK
39682,Lotto Men White Sports Shoes,Sports Shoes,Shoes,39682.jpg,Shoes,Shoes,0.9998934,OK
25468,Nike Men White Ballista Sports Shoes,Sports Shoes,Shoes,25468.jpg,Shoes,Shoes,0.9999424,OK
38046,Q&Q Attractive Men Black Analog Watch,Watches,Watches,38046.jpg,Watches,Watches,1.0,OK
37569,Madagascar3 Infant Girls Light Green T-Shirt,Tshirts,Topwear,37569.jpg,Topwear,Topwear,0.99980944,OK
39784,Peter England Men Red Formal Shirt,Shirts,Topwear,39784.jpg,Topwear,Topwear,0.9999087,OK
7534,Nike men's As Nike Spher White Orange T-shirt,Tshirts,Topwear,7534.jpg,Topwear,Topwear,0.9998841,OK
39574,Catwalk Women Beige Flats,Heels,Shoes,39574.jpg,Shoes,Jewellery,0.663972,ONE MODEL DISAGREES
54117,Rocia Women Brown Flats,Heels,Shoes,54117.jpg,Shoes,Shoes,0.99495834,OK
45799,Senorita Women Copper Sandals,Flats,Shoes,45799.jpg,Shoes,Shoes,0.99289143,OK
39214,Franco Leone Men Black Formal Shoes,Formal Shoes,Shoes,39214.jpg,Shoes,Shoes,0.99999464,OK
46428,Timex Men Black Dial Watch,Watches,Watches,46428.jpg,Watches,Watches,0.99999917,OK
28427,DKNY Women White Dial Chronograph Watch,Watches,Watches,28427.jpg,Watches,Watches,1.0,OK
15840,Visudh Mustard Printed Ethnic Kurta,Kurtas,Topwear,15840.jpg,Topwear,Topwear,0.99994886,OK
31971,Nike Men Dual Fusion TR II Navy Blue Sports Shoes,Sports Shoes,Shoes,31971.jpg,Shoes,Shoes,0.9995912,OK
39737,Arrow Men Black Sandals,Sandals,Sandal,39737.jpg,Sandal,Sandal,0.9774514,OK
54502,Lino Perros Women Black Handbag,Handbags,Bags,54502.jpg,Bags,Bags,1.0,OK
10510,Flying Machine Women RN HS Grey Tshirts,Tshirts,Topwear,10510.jpg,Topwear,Topwear,0.9999782,OK
53943,Kiara Women Brown Handbag,Handbags,Bags,53943.jpg,Bags,Bags,0.99999356,OK
14110,Flying Machine Men Printed Navy Blue Sweatshirts,Sweatshirts,Topwear,14110.jpg,Topwear,Topwear,0.9999912,OK
50578,Chromozome Men Black Pack of 2 Briefs,Briefs,Innerwear,50578.jpg,Innerwear,Innerwear,0.9999994,OK
2091,ADIDAS Mens ESS 3S Polo T-shirt,Tshirts,Topwear,2091.jpg,Topwear,Topwear,0.9891689,OK
50633,Chromozome Men Navy Blue & Red Trunks,Trunk,Innerwear,50633.jpg,Innerwear,Innerwear,0.99765635,OK
16893,Police Unisex Casual Black Sunglasses,Sunglasses,Eyewear,16893.jpg,Eyewear,Eyewear,0.9999943,OK
11374,United Colors Of Benetton Women Light Winter Red Tops,Tops,Topwear,11374.jpg,Topwear,Topwear,0.99999857,OK
16998,Rocia Women Beige Flats,Flats,Shoes,16998.jpg,Shoes,Shoes,0.9995659,OK
57935,Clarks Men Black Leather Closed Sandals,Sandals,Sandal,57935.jpg,Sandal,Sandal,0.95702684,OK
50401,Miss Sixty Gold Dial Watch,Watches,Watches,50401.jpg,Watches,Watches,0.78318745,OK
8355,Doodle Boy's I am Handsome No1 Yellow Kidswear,Tshirts,Topwear,8355.jpg,Topwear,Topwear,0.9999845,OK
4157,Nike Men's Jordan White Red Black Shoe,Sports Shoes,Shoes,4157.jpg,Shoes,Shoes,0.999984,OK
19040,Catwalk Women Beige Heels,Heels,Shoes,19040.jpg,Shoes,Shoes,0.9565279,OK
59240,Titan Men White Dial Watch,Watches,Watches,59240.jpg,Watches,Watches,0.99999404,OK
42750,Rocia Women Brown Heels,Heels,Shoes,42750.jpg,Shoes,Shoes,0.99988604,OK
1618,Reebok Men United Runner White,Sports Shoes,Shoes,1618.jpg,Topwear,Shoes,0.99997103,ONE MODEL DISAGREES
19315,Nike Unisex Casual Black Backpack,Backpacks,Bags,19315.jpg,Bags,Bags,1.0,OK
52529,Pepe Jeans Men Grey 3/4 Length Pants,Shorts,Bottomwear,52529.jpg,Bottomwear,Bottomwear,0.99918777,OK
26412,Turtle Men Check Green Shirt,Shirts,Topwear,26412.jpg,Topwear,Topwear,0.9999943,OK
27933,Jealous 21 Women Pink Shirt,Shirts,Topwear,27933.jpg,Topwear,Topwear,1.0,OK
46485,Timex Men Blue Dial Chronograph Watch,Watches,Watches,46485.jpg,Watches,Watches,1.0,OK
38665,Nike Men Lunarfly Black Sports Shoes,Sports Shoes,Shoes,38665.jpg,Shoes,Shoes,0.9993345,OK
1653,Reebok Men's Ventilator Ubiq Shoe,Sports Shoes,Shoes,1653.jpg,Shoes,Shoes,0.99999404,OK
33692,Cobblerz Men Brown Leather Semiformal Shoes,Formal Shoes,Shoes,33692.jpg,Shoes,Shoes,0.9995727,OK
44755,Globalite Women Grey Startech Sports Shoes,Sports Shoes,Shoes,44755.jpg,Shoes,Shoes,0.994949,OK
47429,Baggit Women Purple Bag,Handbags,Bags,47429.jpg,Bags,Bags,0.99997663,OK
50230,Stoln Women Brown Sunglasses,Sunglasses,Eyewear,50230.jpg,Eyewear,Eyewear,0.99953365,OK
12241,Genesis Men Stripes White Shirts,Shirts,Topwear,12241.jpg,Topwear,Topwear,0.99901915,OK
21434,roxy Women Beach Brights Blue Short,Shorts,Bottomwear,21434.jpg,Bottomwear,Bottomwear,0.9884525,OK
16032,Highlander Men Check Grey Shirt,Shirts,Topwear,16032.jpg,Topwear,Topwear,0.9999989,OK
5117,Wrangler Women's Face Print Mauve T-shirt,Tshirts,Topwear,5117.jpg,Topwear,Topwear,0.9996681,OK
48883,Lucera Women Silver Pendant with Chain,Pendant,Jewellery,48883.jpg,Jewellery,Jewellery,0.99995303,OK
17612,Doodle Cute Girls  Grey Tshirt,Tshirts,Topwear,17612.jpg,Topwear,Topwear,0.9999951,OK
45037,Maxima Attivo Men White Dial Watch,Watches,Watches,45037.jpg,Watches,Watches,0.9999994,OK
51913,Nyk Women White Sling Bag,Handbags,Bags,51913.jpg,Bags,Bags,0.8048375,OK
43372,Reebok Women White Acciomax Sports Shoes,Sports Shoes,Shoes,43372.jpg,Shoes,Shoes,0.9925626,OK
19676,United Colors of Benetton Women Printed Grey Top,Tops,Topwear,19676.jpg,Topwear,Topwear,0.99999464,OK
34368,Myntra Men Black Do Bananas T-shirt,Tshirts,Topwear,34368.jpg,Topwear,Topwear,0.99742424,OK
25371,Levis Men Maroon Innerwear Vest,Innerwear Vests,Innerwear,25371.jpg,Innerwear,Innerwear,0.980071,OK
37144,Wills Lifestyle Men Blue Check Shirt,Shirts,Topwear,37144.jpg,Topwear,Topwear,0.9999988,OK
14700,Basics Men Khaki Trousers,Trousers,Bottomwear,14700.jpg,Bottomwear,Bottomwear,0.9968471,OK
9210,Puma Men Calibre Tricks Convert Spike White Shoes,Sports Shoes,Shoes,9210.jpg,Shoes,Shoes,0.996222,OK
47337,Baggit Women Olive Green Bag,Handbags,Bags,47337.jpg,Bags,Bags,1.0,OK
21887,BIBA Women Thread Work Kurta,Kurtas,Topwear,21887.jpg,Topwear,Topwear,0.99999356,OK
24948,United Colors of Benetton Women Black T-shirt,Tshirts,Topwear,24948.jpg,Topwear,Topwear,0.9999622,OK
47223,Franco Leone Men Black Slippers,Sandals,Sandal,47223.jpg,Sandal,Sandal,0.79118913,OK
53981,Kiara Women Burnt Yellow Sling Bag,Handbags,Bags,53981.jpg,Bags,Bags,0.9999858,OK
48639,Lucera Women Gold Earrings,Earrings,Jewellery,48639.jpg,Jewellery,Jewellery,0.99999845,OK
30645,Nike Men Barca Rugby Maroon T-shirt,Tshirts,Topwear,30645.jpg,Topwear,Topwear,0.99975294,OK
56849,John Players Men Navy Regular Fit Jeans,Jeans,Bottomwear,56849.jpg,Bottomwear,Bottomwear,0.9998222,OK
34287,Fabindia Women Green Chanderi Dupatta,Dupatta,Topwear,34287.jpg,Topwear,Topwear,0.99999774,OK
22312,Wildcraft Men Solid Black Jacket,Jackets,Topwear,22312.jpg,Topwear,Topwear,0.99999666,OK
30469,Lovable Women All Day Long White Bra,Bra,Innerwear,30469.jpg,Innerwear,Innerwear,0.9999975,OK
57193,Elle Women Pink Tunic,Tunics,Topwear,57193.jpg,Topwear,Topwear,0.9999497,OK
37133,Wills Lifestyle Men ClubLife Black Shirt,Shirts,Topwear,37133.jpg,Topwear,Topwear,0.9997539,OK
45148,Casio Enticer Men Silver-Gold Analogue Multi-Dial Watch MTP-1300SG-7AVDF(A486),Watches,Watches,45148.jpg,Watches,Watches,1.0,OK
30913,Fabindia Women Blue Kurti,Kurtis,Topwear,30913.jpg,Topwear,Topwear,0.9999826,OK
26719,Puma Men Red T-shirt,Tshirts,Topwear,26719.jpg,Topwear,Topwear,0.9997273,OK
56671,Maxima Men White Dial Watch,Watches,Watches,56671.jpg,Watches,Watches,0.9999999,OK
14665,Basics Men White Slim Fit Checked Shirt,Shirts,Topwear,14665.jpg,Topwear,Topwear,0.9998741,OK
11362,United Colors of Benetton Women  Printed Beige Top,Tops,Topwear,11362.jpg,Topwear,Topwear,0.9972676,OK
14719,Jealous 21 Women Casual Top Green Tops,Tops,Topwear,14719.jpg,Topwear,Topwear,0.99999475,OK
2683,Inkfruit Men's Red And Black T-shirt,Tshirts,Topwear,2683.jpg,Topwear,Topwear,0.9997826,OK
9582,Puma Unisex Flow Purple Backpacks,Backpacks,Bags,9582.jpg,Bags,Bags,0.9999999,OK
31550,Classic Polo Men White T-shirt,Tshirts,Topwear,31550.jpg,Topwear,Topwear,0.99980074,OK
11250,John Miller Men White Striped Blue Shirt,Shirts,Topwear,11250.jpg,Topwear,Topwear,0.99994135,OK
59760,Rocia Women White Flats,Heels,Shoes,59760.jpg,Shoes,Shoes,0.98952955,OK
7479,Proline Men Black V-Neck T-shirt,Tshirts,Topwear,7479.jpg,Topwear,Topwear,0.9987233,OK
25826,Diva Women Printed Brown Kurta,Kurtas,Topwear,25826.jpg,Topwear,Topwear,0.99976856,OK
29501,Giordano Women White Dial Watch,Watches,Watches,29501.jpg,Watches,Watches,0.9999963,OK
33918,Citizen Women White Dial Watch,Watches,Watches,33918.jpg,Watches,Watches,0.9999999,OK
20711,Red Tape Men Brown Leather Casual Shoes,Casual Shoes,Shoes,20711.jpg,Shoes,Shoes,0.99976355,OK
9012,Decathlon Men Quechua Grey Floater,Sandals,Sandal,9012.jpg,Sandal,Sandal,0.9995609,OK
38973,Arrow New York Men Grey Check Slim Fit Shirt,Shirts,Topwear,38973.jpg,Topwear,Topwear,0.9951756,OK
27288,Mother Earth Women Maroon Kurta,Kurtas,Topwear,27288.jpg,Topwear,Topwear,0.99997044,OK
49871,Q&Q Women Black Dial Analog Watch,Watches,Watches,49871.jpg,Watches,Watches,0.99999845,OK
19842,U.S. Polo Assn. Men Striped Red Shirt,Shirts,Topwear,19842.jpg,Topwear,Topwear,0.99989104,OK
5154,Wrangler Women's Lip Print White T-shirt,Tshirts,Topwear,5154.jpg,Topwear,Topwear,0.9999683,OK
53638,ADIDAS Men Black Casual Shoes,Casual Shoes,Shoes,53638.jpg,Shoes,Shoes,0.9996978,OK
36810,Mont Blanc Men Starwalker Perfume,Perfume and Body Mist,Fragrance,36810.jpg,Fragrance,Fragrance,0.9999999,OK
54930,Do u speak green Men Blue T-shirt,Tshirts,Topwear,54930.jpg,Topwear,Topwear,0.9998765,OK
34358,Myntra Men Blue Say It Loud T-shirt,Tshirts,Topwear,34358.jpg,Topwear,Topwear,0.99522746,OK
22885,Woodland Men Khaki Casual Sandals,Sandals,Sandal,22885.jpg,Sandal,Sandal,0.99974555,OK
2130,Basics Men Green & White Slim Fit Shirt,Shirts,Topwear,2130.jpg,Topwear,Topwear,0.99999523,OK
48671,Lucera Women Silver Earrings,Earrings,Jewellery,48671.jpg,Jewellery,Jewellery,0.99920577,OK
45043,Maxima Men Black Dial Attivo Watch,Watches,Watches,45043.jpg,Watches,Watches,0.9999987,OK
16288,Peter England Men Printed Grey TShirt,Tshirts,Topwear,16288.jpg,Topwear,Topwear,0.999956,OK
56938,HM Women Brown Heels,Heels,Shoes,56938.jpg,Shoes,Shoes,0.95300174,OK
43292,Murcia Women Pink Kate Handbag,Handbags,Bags,43292.jpg,Bags,Bags,0.9999994,OK
4200,Disney Kids Boy's Blue Champs Kidswear,Tshirts,Topwear,4200.jpg,Topwear,Topwear,0.99998796,OK
40321,ADIDAS Men Black Mudslide Sports Shoes,Sports Shoes,Shoes,40321.jpg,Shoes,Shoes,0.9998623,OK
42971,Amante Pink & Blue Swimwear,Swimwear,Bottomwear,42971.jpg,Innerwear,Innerwear,0.96735084,LIKELY MISLABEL
34733,Puma Women Faas 300 Blue & Pink Sports Shoes,Sports Shoes,Shoes,34733.jpg,Shoes,Shoes,0.9981616,OK
21705,Fossil Men White Dial Watch FS4577,Watches,Watches,21705.jpg,Watches,Watches,0.99989915,OK
30001,Aspen Women White Dial Watch,Watches,Watches,30001.jpg,Watches,Watches,1.0,OK
47176,Ganuchi Men Black Sandals,Sandals,Sandal,47176.jpg,Sandal,Sandal,0.977758,OK
24374,Folklore Women Black  Kurta,Kurtas,Topwear,24374.jpg,Topwear,Topwear,0.99996793,OK
17935,Puma Men Training Tee Black Tshirt,Tshirts,Topwear,17935.jpg,Topwear,Topwear,0.9989065,OK
19276,Guess Women Prism White Watch,Watches,Watches,19276.jpg,Watches,Watches,0.9999795,OK
18612,Puma Men Team SS Black Tshirts,Tshirts,Topwear,18612.jpg,Topwear,Topwear,0.99937904,OK
9486,Puma Unisex Big Cat Black Backpacks,Backpacks,Bags,9486.jpg,Bags,Bags,0.9999964,OK
42810,Little Miss Intimates Women Black Bikini Brief,Briefs,Innerwear,42810.jpg,Innerwear,Innerwear,0.6685965,OK
54059,Myntra Women White Leggings,Leggings,Bottomwear,54059.jpg,Bottomwear,Bottomwear,0.99997973,OK
12025,Mark Taylor Men White & Blue Striped Shirt,Shirts,Topwear,12025.jpg,Topwear,Topwear,0.999959,OK
16424,Levi's Men Printed Blue  Tshirts,Tshirts,Topwear,16424.jpg,Topwear,Topwear,0.99767643,OK
15828,Facit Men Square Neck Red Innerwear Vest,Innerwear Vests,Innerwear,15828.jpg,Innerwear,Innerwear,0.9050279,OK
27105,Aneri Women Shruti Lavender Kurta,Kurtas,Topwear,27105.jpg,Topwear,Topwear,0.999992,OK
46586,Catwalk Women Black Flats,Heels,Shoes,46586.jpg,Shoes,Shoes,0.85047144,OK
7815,Proline Men Black Striped Polo T-shirt,Tshirts,Topwear,7815.jpg,Topwear,Topwear,0.99963105,OK
6728,Puma Women Faas 300 White Silver Purple Shoe,Sports Shoes,Shoes,6728.jpg,Shoes,Shoes,0.9999615,OK
58527,Miami Blues Unisex Sunglasses,Sunglasses,Eyewear,58527.jpg,Eyewear,Eyewear,0.99999964,OK
51399,Myntra Men Blue Check Shirt,Shirts,Topwear,51399.jpg,Topwear,Topwear,0.9999993,OK
16361,Peter England Men Stripes Maroon Shirt,Shirts,Topwear,16361.jpg,Topwear,Topwear,0.99989474,OK
46939,York Women Euforia Perfume,Perfume and Body Mist,Fragrance,46939.jpg,Fragrance,Fragrance,0.9999727,OK
34293,Fabindia Women Orange Chanderi Dupatta,Dupatta,Topwear,34293.jpg,Topwear,Topwear,0.99992025,OK
39876,ADIDAS Women Purple Striped Backpack,Backpacks,Bags,39876.jpg,Bags,Bags,0.9999931,OK
20148,Wrangler Men Dodge Black Shirt,Shirts,Topwear,20148.jpg,Topwear,Topwear,0.99999857,OK
4383,Batman Men's Comics Foil Dark Blue T-shirt,Tshirts,Topwear,4383.jpg,Topwear,Topwear,0.9999957,OK
14507,ADIDAS Men Solid Black Jerseys,Tshirts,Topwear,14507.jpg,Topwear,Topwear,0.99911565,OK
4556,Nike Men's Sweet Classic White Shoe,Sports Shoes,Shoes,4556.jpg,Shoes,Shoes,0.99999785,OK
24339,ADIDAS Men Blue Printed T-shirt,Tshirts,Topwear,24339.jpg,Topwear,Topwear,0.9939069,OK
12509,Red Tape Men Casual Brown Casual Shoes,Casual Shoes,Shoes,12509.jpg,Shoes,Shoes,0.9999974,OK
31598,Mark Taylor Men Printed Red T-shirt,Tshirts,Topwear,31598.jpg,Topwear,Topwear,0.9999684,OK
42832,French Connection Women Taupe & Brown Handbag,Handbags,Bags,42832.jpg,Bags,Bags,0.9999999,OK
43944,Catwalk Women Golden Heels,Heels,Shoes,43944.jpg,Shoes,Shoes,0.9910556,OK
6303,UCB Women's Epaulettes Sleeve Black T-shirt,Tshirts,Topwear,6303.jpg,Topwear,Topwear,0.987295,OK
28872,BIBA Women Printed Multi Coloured Kurta,Kurtas,Topwear,28872.jpg,Topwear,Topwear,0.9991418,OK
58375,Locomotive Men Blue T-shirt,Tshirts,Topwear,58375.jpg,Topwear,Topwear,0.9973169,OK
43856,Royal Diadem Green & White Earrings,Earrings,Jewellery,43856.jpg,Jewellery,Jewellery,0.99999774,OK
8818,Spykar Men Ranger Pink Shirt,Shirts,Topwear,8818.jpg,Topwear,Topwear,0.9997726,OK
5228,Quechua Unisex Blue Black Backpack,Backpacks,Bags,5228.jpg,Bags,Bags,0.9995346,OK
52058,Myntra Men Blue T-shirt,Tshirts,Topwear,52058.jpg,Topwear,Topwear,0.99998784,OK
37309,Casio Edifice Men Chronograph Watch EF-540D-1AVDF(ED371),Watches,Watches,37309.jpg,Watches,Watches,0.9999999,OK
5919,ADIDAS Women's Daily White Shoe,Casual Shoes,Shoes,5919.jpg,Shoes,Shoes,0.99996626,OK
5418,Ant Kids Girl's Pink Free Bird Kidswear,Tshirts,Topwear,5418.jpg,Topwear,Topwear,0.9998516,OK
43373,Reebok Men White Spectra Run Sports Shoes,Sports Shoes,Shoes,43373.jpg,Shoes,Shoes,0.9987985,OK
31716,Fabindia Women Anusuya Silver Earrings,Earrings,Jewellery,31716.jpg,Jewellery,Jewellery,0.996932,OK
23955,Provogue Men Purple Shirt,Shirts,Topwear,23955.jpg,Topwear,Topwear,0.9986971,OK
46967,Bulchee Women Black Handbag,Handbags,Bags,46967.jpg,Bags,Bags,0.99999976,OK
26466,Puma Men Story Graphic Green T-shirt,Tshirts,Topwear,26466.jpg,Topwear,Topwear,0.99998605,OK
34556,Puma Women Black Handbag,Handbags,Bags,34556.jpg,Bags,Bags,1.0,OK
51760,Catwalk Women Grey Peep Toes,Heels,Shoes,51760.jpg,Shoes,Shoes,0.9999671,OK
2972,Puma Men's Sless White T-shirt,Tshirts,Topwear,2972.jpg,Topwear,Innerwear,0.59005886,ONE MODEL DISAGREES
17053,Gas Men Newport Slipper,Sandals,Sandal,17053.jpg,Sandal,Sandal,0.664281,OK
5879,Puma Women's Polo Pink T-shirt,Tshirts,Topwear,5879.jpg,Topwear,Topwear,0.99905497,OK
57226,Murcia Women Black Handbag,Handbags,Bags,57226.jpg,Bags,Bags,0.9999999,OK
12589,Tantra Unisex Printed Brown Tshirts,Tshirts,Topwear,12589.jpg,Topwear,Topwear,0.9997526,OK
24366,Folklore Women Cream  Kurta,Kurtas,Topwear,24366.jpg,Topwear,Topwear,0.9990376,OK
20305,Jealous 21 Women Solid Magenta Sweater,Sweaters,Topwear,20305.jpg,Topwear,Topwear,0.9998387,OK
43865,Royal Diadem Golden Earrings,Earrings,Jewellery,43865.jpg,Jewellery,Jewellery,0.9994056,OK
30873,Fabindia Women Printed Magenta Kurta,Kurtas,Topwear,30873.jpg,Topwear,Topwear,0.9999517,OK
51015,Enamor Ivory Coloured Smooth Bra,Bra,Innerwear,51015.jpg,Innerwear,Innerwear,0.99993217,OK
54225,Highlander Men Khaki Chinos,Trousers,Bottomwear,54225.jpg,Bottomwear,Bottomwear,0.99998224,OK
12327,Genesis Pink Striped Formal Shirt,Shirts,Topwear,12327.jpg,Topwear,Topwear,0.9997906,OK
30497,Lovable Women Fiona Rose Pink Bra,Bra,Innerwear,30497.jpg,Innerwear,Innerwear,0.999918,OK
9212,Puma Men Apex Black Floaters,Sandals,Sandal,9212.jpg,Sandal,Sandal,0.9922794,OK
19288,Guess Women Party Girl Red Watch,Watches,Watches,19288.jpg,Watches,Watches,0.99998367,OK
34536,Red Tape Men Brown Shoes,Formal Shoes,Shoes,34536.jpg,Shoes,Shoes,0.9947777,OK
27724,Murcia Women Beige Handbag,Handbags,Bags,27724.jpg,Bags,Bags,0.9999994,OK
34575,Tonga Women Cream-Coloured Top,Tops,Topwear,34575.jpg,Topwear,Topwear,0.9999839,OK
11256,Puma Men Black Printed Shield T-shirt,Tshirts,Topwear,11256.jpg,Topwear,Topwear,0.9998118,OK
21577,Red Tape Men Black Leather Formal Shoes,Formal Shoes,Shoes,21577.jpg,Shoes,Shoes,0.99998856,OK
15599,Nike Men Casual Black Sweatshirts,Sweatshirts,Topwear,15599.jpg,Topwear,Topwear,0.9999845,OK
29505,Giordano Women White Dial Watch,Watches,Watches,29505.jpg,Watches,Watches,0.99999964,OK
25396,Levis Men White Innerwear Vest 403,Innerwear Vests,Innerwear,25396.jpg,Innerwear,Innerwear,0.99117506,OK
46184,Adrika Green Teracotta  Jewellery Set,Jewellery Set,Jewellery,46184.jpg,Jewellery,Jewellery,0.9999373,OK
24422,ADIDAS Men AX1 Black Casual Shoes,Casual Shoes,Shoes,24422.jpg,Shoes,Shoes,0.9999944,OK
41682,Catwalk Women Black Heels,Heels,Shoes,41682.jpg,Shoes,Shoes,0.9949634,OK
44782,Lotto Men White Los Angeles II Sports Shoes,Sports Shoes,Shoes,44782.jpg,Shoes,Shoes,0.99977356,OK
38547,Puma Men Grey Madison Classic Shoes,Casual Shoes,Shoes,38547.jpg,Shoes,Shoes,0.9993887,OK
9096,Converse Unisex Ct As Star Chevron Hi Blue Casual Shoes,Casual Shoes,Shoes,9096.jpg,Shoes,Shoes,0.99996865,OK
4980,Palm Tree Girl's Benita Blue Kidswear,Shorts,Bottomwear,4980.jpg,Topwear,Bottomwear,0.9941461,ONE MODEL DISAGREES
21622,Enamor Women Pink Bra,Bra,Innerwear,21622.jpg,Innerwear,Innerwear,0.9999603,OK
38232,Polaroid Women Sunglasses,Sunglasses,Eyewear,38232.jpg,Eyewear,Eyewear,0.9999379,OK
16882,Police Women Casual Black Sunglasses,Sunglasses,Eyewear,16882.jpg,Eyewear,Eyewear,0.99999726,OK
33300,Arrow Sport Men White Trousers,Trousers,Bottomwear,33300.jpg,Bottomwear,Bottomwear,0.99985874,OK
50000,Hanes Women Black Cotton Stretch Racer Back Sports Bra,Bra,Innerwear,50000.jpg,Innerwear,Innerwear,0.99519134,OK
10147,Rockport Men Ed Plaintoe Black Formal Shoes,Formal Shoes,Shoes,10147.jpg,Shoes,Shoes,0.9995524,OK
26303,Proline Men Blue Striped Polo T-shirt,Tshirts,Topwear,26303.jpg,Topwear,Topwear,0.995237,OK
35455,Doodle Boys Printed Blue T-shirt,Tshirts,Topwear,35455.jpg,Topwear,Bags,0.67821056,ONE MODEL DISAGREES
12078,W Women Printed Pink Kurtas,Kurtas,Topwear,12078.jpg,Topwear,Topwear,0.9999089,OK
37482,Esprit Women White Watch,Watches,Watches,37482.jpg,Watches,Watches,1.0,OK
38833,Latin Quarters Women Black & White Tunic,Tunics,Topwear,38833.jpg,Topwear,Topwear,0.99998915,OK
22717,Nike Women White Dart 9 MSL Sports Shoes,Sports Shoes,Shoes,22717.jpg,Shoes,Shoes,0.9999845,OK
27675,Murcia Women Brown Handbag,Handbags,Bags,27675.jpg,Bags,Bags,1.0,OK
50758,Red Chief Men Khaki Sandals,Sandals,Sandal,50758.jpg,Sandal,Sandal,0.8795841,OK
25239,Lino Perros Women Classic Olive Handbag,Handbags,Bags,25239.jpg,Bags,Bags,1.0,OK
19407,ADIDAS Men Solid Black Jersey,Tshirts,Topwear,19407.jpg,Topwear,Topwear,0.9981,OK
40571,W Women Beige Kurta,Kurtas,Topwear,40571.jpg,Topwear,Topwear,0.9996183,OK
37626,Madagascar3 Girls Pink Printed T-Shirt,Tshirts,Topwear,37626.jpg,Topwear,Topwear,0.9992435,OK
8194,Locomotive Men Solid Poplin Lambert Navy Blue Shirts,Shirts,Topwear,8194.jpg,Topwear,Topwear,0.9999466,OK
3775,Status Quo Men's Purple Polo T-shirt,Tshirts,Topwear,3775.jpg,Topwear,Topwear,0.9998246,OK
36207,Gini Jony Girls Printed White Top,Tops,Topwear,36207.jpg,Topwear,Topwear,0.9999939,OK
26631,Puma Women Winning Diva Ballerina Black Casual Shoes,Casual Shoes,Shoes,26631.jpg,Shoes,Shoes,0.9997062,OK
4595,Wildcraft Men Blue & Black Backpack,Backpacks,Bags,4595.jpg,Bags,Bags,0.99999905,OK
14048,Flying Machine Men Check Navy Blue Shirts,Shirts,Topwear,14048.jpg,Topwear,Topwear,0.99999714,OK
45883,Maxima Men Blue Dial Watch,Watches,Watches,45883.jpg,Watches,Watches,1.0,OK
24819,Carlton London Women Peach Casual Shoes,Casual Shoes,Shoes,24819.jpg,Shoes,Shoes,0.9999889,OK
15293,ADIDAS Originals Unisex ST Airline Blue Bags,Handbags,Bags,15293.jpg,Bags,Bags,1.0,OK
51581,Fastrack Men Grey Watch,Watches,Watches,51581.jpg,Watches,Watches,0.9999981,OK
54865,Ivory Tag  Red & Gold Toned Eye Catcher Necklace,Necklace and Chains,Jewellery,54865.jpg,Jewellery,Jewellery,0.9985165,OK
48228,United Colors of Benetton Men Black Sunglasses,Sunglasses,Eyewear,48228.jpg,Eyewear,Eyewear,0.99999905,OK
26488,Puma Men Tech Graphic Green T-shirt,Tshirts,Topwear,26488.jpg,Topwear,Topwear,0.999997,OK
47629,Carlton London Women Black Shoes,Flats,Shoes,47629.jpg,Shoes,Shoes,0.98710597,OK
51522,Fastrack Men Black Dial Watch,Watches,Watches,51522.jpg,Watches,Watches,0.99721575,OK
20967,Fastrack Women Polyester Black Sling Bag,Handbags,Bags,20967.jpg,Bags,Bags,0.9999987,OK
12483,Clarks Men Leather Brown Formal Shoes,Formal Shoes,Shoes,12483.jpg,Shoes,Shoes,0.999943,OK
12954,ADIDAS Men Sports White Sports Shoes,Sports Shoes,Shoes,12954.jpg,Shoes,Shoes,0.99998593,OK
34021,Gini and Jony Boys Printed Orange T-shirt,Tshirts,Topwear,34021.jpg,Topwear,Topwear,0.9989531,OK
17762,Buckaroo Men Ortiz Black Formal Shoe,Formal Shoes,Shoes,17762.jpg,Shoes,Shoes,0.9999317,OK
26523,Provogue Men Black Casual Shoes,Casual Shoes,Shoes,26523.jpg,Shoes,Shoes,0.89168066,OK
40691,Numero Uno Men Black Shoes,Formal Shoes,Shoes,40691.jpg,Shoes,Shoes,0.9999974,OK
22267,Inc. 5 Women Casual Beige Wedges,Heels,Shoes,22267.jpg,Shoes,Shoes,0.98666614,OK
59025,Carlton London Women Black Pumps,Heels,Shoes,59025.jpg,Shoes,Shoes,0.99999666,OK
46338,Reebok Men Charcoal Premier Aztrec Sports Shoes,Sports Shoes,Shoes,46338.jpg,Shoes,Shoes,0.9391279,OK
14376,Catwalk Women Black Ballerinas,Flats,Shoes,14376.jpg,Shoes,Shoes,0.99811065,OK
2253,ADIDAS Men Crew Yellow T-shirt,Tshirts,Topwear,2253.jpg,Topwear,Topwear,0.99321,OK
47042,Shree Women Maroon Jodhpuri Salwar,Salwar,Bottomwear,47042.jpg,Bottomwear,Bottomwear,0.9999809,OK
44091,Boss Men Orange 100 ml Perfume,Perfume and Body Mist,Fragrance,44091.jpg,Fragrance,Fragrance,1.0,OK
3226,Puma Men's Vesta Runner Black White Shoe,Sports Shoes,Shoes,3226.jpg,Shoes,Shoes,0.99994695,OK
28681,Proline Men Blue Printed T-shirt,Tshirts,Topwear,28681.jpg,Topwear,Topwear,0.9999988,OK
22979,Fila Men Black New Percoso II Casual Shoes,Casual Shoes,Shoes,22979.jpg,Shoes,Shoes,0.99651873,OK
8249,Converse Unisex Chuck Logo Print Black Canvas,Casual Shoes,Shoes,8249.jpg,Shoes,Shoes,0.9979911,OK
41637,Mark Taylor Men Brown Striped Shirt,Shirts,Topwear,41637.jpg,Topwear,Topwear,0.9999143,OK
29880,Mayhem Men Aviator Sunglasses 1019-205,Sunglasses,Eyewear,29880.jpg,Eyewear,Eyewear,0.99999857,OK
3598,Puma Deccan Chargers Kids Navy Blue Replica Jersey,Tshirts,Topwear,3598.jpg,Topwear,Topwear,0.999982,OK
6742,Nike Women Lunarfly White Shoe,Sports Shoes,Shoes,6742.jpg,Shoes,Shoes,0.99991024,OK
7496,Nike Women's Challen Light Blue T-shirt,Tshirts,Topwear,7496.jpg,Topwear,Topwear,0.9998499,OK
22066,Vishudh Women Green Abstract Print Kurta,Kurtas,Topwear,22066.jpg,Topwear,Topwear,0.9999993,OK
7835,Puma Men's Faas 300 Black Silver Shoe,Sports Shoes,Shoes,7835.jpg,Shoes,Shoes,0.9999362,OK
30143,Flying Machine Women Printed Blue T-shirt,Tshirts,Topwear,30143.jpg,Topwear,Topwear,0.99999,OK
59004,Brut Men Identity Deo,Deodorant,Fragrance,59004.jpg,Fragrance,Fragrance,0.9958698,OK
25998,Paris Hilton Heir Men Perfume,Perfume and Body Mist,Fragrance,25998.jpg,Fragrance,Fragrance,0.99999464,OK
35646,U.S. Polo Assn. Men Brown Sandals,Sandals,Sandal,35646.jpg,Sandal,Sandal,0.91366404,OK
8764,s.Oliver Women's Blue Tops,Tops,Topwear,8764.jpg,Topwear,Topwear,0.99998474,OK
1805,Quechua Men Forclaz 1OO Beige Shoe,Casual Shoes,Shoes,1805.jpg,Shoes,Shoes,0.9999573,OK
45982,Tokyo Talkies Women Blue Top,Tops,Topwear,45982.jpg,Topwear,Topwear,0.9999918,OK
17110,Lino Perros Women Classic Gold Clutch,Clutches,Bags,17110.jpg,Bags,Bags,0.99867356,OK
9805,John Miller Men Black Checks Shirts,Shirts,Topwear,9805.jpg,Topwear,Topwear,0.99977034,OK
59444,Arrow Men Striped Grey Slim Fit Shirt,Shirts,Topwear,59444.jpg,Topwear,Topwear,0.99995315,OK
15247,ADIDAS Originals Men Superstar 11 IS Black Casual Shoes,Casual Shoes,Shoes,15247.jpg,Shoes,Shoes,0.99912685,OK
43534,French Connection Women Peach Top,Tops,Topwear,43534.jpg,Topwear,Topwear,0.99999905,OK
44783,Lotto Men White & Silver Sports Shoes,Sports Shoes,Shoes,44783.jpg,Shoes,Shoes,0.99531907,OK
35818,Enroute Women Red Moccasins,Casual Shoes,Shoes,35818.jpg,Shoes,Shoes,0.9992161,OK
46966,Bulchee Women Brown Handbag,Handbags,Bags,46966.jpg,Bags,Bags,0.99999917,OK
21175,ADIDAS Men Lowell White Sports Shoe,Sports Shoes,Shoes,21175.jpg,Shoes,Shoes,0.99996734,OK
7601,Nike Men's Lunarecl Purple Shoe,Sports Shoes,Shoes,7601.jpg,Shoes,Shoes,0.999967,OK
36505,United Colors of Benetton Women White Handbag,Handbags,Bags,36505.jpg,Bags,Bags,0.9999976,OK
51649,Fossil Men Black Dial Chronograph Watch FS4636,Watches,Watches,51649.jpg,Watches,Watches,1.0,OK
18936,Levi's Men Graphic Print Green Tshirt,Tshirts,Topwear,18936.jpg,Topwear,Topwear,0.9992902,OK
48346,Pitaraa Silver Nugget Long Necklace,Necklace and Chains,Jewellery,48346.jpg,Jewellery,Jewellery,0.9999956,OK
14373,Catwalk Women Casual Brown Flats,Heels,Shoes,14373.jpg,Shoes,Shoes,0.9937249,OK
50976,Enamor Petal Pink Bra,Bra,Innerwear,50976.jpg,Innerwear,Innerwear,0.9992956,OK
5917,ADIDAS Women's Agashae Silver Shoe,Casual Shoes,Shoes,5917.jpg,Shoes,Shoes,0.99990034,OK
43002,Nike Men Grey Lunarswift Sports Shoes,Sports Shoes,Shoes,43002.jpg,Shoes,Shoes,0.99996877,OK
25994,Jaguar Prestige Men Perfume,Perfume and Body Mist,Fragrance,25994.jpg,Fragrance,Fragrance,0.99942493,OK
21276,Allen Solly Women Sunglasses AS150-C1,Sunglasses,Eyewear,21276.jpg,Eyewear,Eyewear,0.9999995,OK
26445,Spice Art Women Antique Design Black Clutch,Clutches,Bags,26445.jpg,Bags,Bags,0.9999988,OK
40938,Gini and Jony Girls Nautical Blues Magenta Top,Tops,Topwear,40938.jpg,Topwear,Topwear,0.8494452,OK
47978,Helix Women Purple Dial Watch,Watches,Watches,47978.jpg,Watches,Watches,0.9999993,OK
53829,Folklore Women Maroon Kurta,Kurtas,Topwear,53829.jpg,Topwear,Topwear,0.99956733,OK
20327,Mother Earth Women Stripes Red Kurti,Kurtis,Topwear,20327.jpg,Topwear,Topwear,0.9988668,OK
20667,Classic Polo Men Striped White Tshirt,Tshirts,Topwear,20667.jpg,Topwear,Topwear,0.99999857,OK
31457,Nike Men Running Black Shorts,Shorts,Bottomwear,31457.jpg,Bottomwear,Bottomwear,0.99999416,OK
54674,Fastrack Women Sliver Dial Watch,Watches,Watches,54674.jpg,Watches,Watches,0.9999968,OK
8778,Indigo Nation Men Black Striped Shirt,Shirts,Topwear,8778.jpg,Topwear,Topwear,0.99995744,OK
39749,Gini Jony Boys Beige Shorts,Shorts,Bottomwear,39749.jpg,Bottomwear,Bottomwear,0.9832423,OK
15544,Catwalk Women Casual Black Heels,Heels,Shoes,15544.jpg,Shoes,Shoes,0.9968444,OK
25354,Levis Men Pack of 2 Briefs,Briefs,Innerwear,25354.jpg,Innerwear,Innerwear,0.9999963,OK
7735,Fila Men's Smash III Navy Blue Shoe,Sports Shoes,Shoes,7735.jpg,Shoes,Shoes,0.9350883,OK
32219,Fabindia Women Printed White Kurta,Kurtas,Topwear,32219.jpg,Topwear,Topwear,0.999995,OK
48200,United Colors of Benetton Men Black Sunglasses,Sunglasses,Eyewear,48200.jpg,Eyewear,Eyewear,0.9999988,OK
13476,Rocia Women Brown Flats,Flats,Shoes,13476.jpg,Shoes,Shoes,0.99234277,OK
46310,Fossil Men Quartz Black Dial Chronograph Watch CH2803,Watches,Watches,46310.jpg,Watches,Watches,0.9999474,OK
52324,ToniQ Women Black Bangle,Bangle,Jewellery,52324.jpg,Jewellery,Jewellery,0.98907954,OK
38968,Wildcraft Unisex Yellow & Grey Rucksack,Rucksacks,Bags,38968.jpg,Bags,Bags,0.9999982,OK
19759,Ice Unisex Sili Pink Watch,Watches,Watches,19759.jpg,Watches,Watches,1.0,OK
8824,Spykar Men Ranger Black Shirts,Shirts,Topwear,8824.jpg,Topwear,Topwear,0.9846036,OK
2245,ADIDAS Women White Polo T-shirt,Tshirts,Topwear,2245.jpg,Topwear,Topwear,0.9996816,OK
22646,Wildcraft Unisex Grey & Blue Duffle Bag,Duffel Bag,Bags,22646.jpg,Bags,Bags,0.9999956,OK
38608,Nike Men Grey T-shirt,Tshirts,Topwear,38608.jpg,Topwear,Topwear,0.9999933,OK
43622,Vero Moda Women Grey Top,Tops,Topwear,43622.jpg,Topwear,Topwear,0.98408616,OK
17886,Levis Men Comfort Style White Innerwear Vest,Innerwear Vests,Innerwear,17886.jpg,Innerwear,Innerwear,0.9978442,OK
35414,Enroute Men Black Formal Shoes,Formal Shoes,Shoes,35414.jpg,Shoes,Shoes,0.9999678,OK
9490,Puma Unisex Deck Black Backpacks,Backpacks,Bags,9490.jpg,Bags,Bags,0.99999976,OK
6013,Highlander Men White Purple Black Grey Checked Shirt,Shirts,Topwear,6013.jpg,Topwear,Topwear,0.99999,OK
20758,Carlton London Women Casual Black Sandals,Flats,Shoes,20758.jpg,Shoes,Shoes,0.6310086,OK
48080,French Connection Men Olive Green T-shirt,Tshirts,Topwear,48080.jpg,Topwear,Topwear,0.9998022,OK
10361,United Colors of Benetton Men Graphic Printed Purple Tshirts,Tshirts,Topwear,10361.jpg,Topwear,Topwear,0.999987,OK
20776,Carlton London Women Classy Black Sandals,Flats,Shoes,20776.jpg,Shoes,Shoes,0.9999206,OK
44932,Jack & Jones Men Blue Jeans,Jeans,Bottomwear,44932.jpg,Bottomwear,Bottomwear,0.99978477,OK
26949,Jealous 21 Women Printed Orange T-shirt,Tshirts,Topwear,26949.jpg,Topwear,Topwear,0.99999917,OK
14690,Basics Men Grey Trousers,Trousers,Bottomwear,14690.jpg,Bottomwear,Bottomwear,0.99988246,OK
8145,Fastrack Women Analog Pink Blue Watch,Watches,Watches,8145.jpg,Watches,Watches,0.9997893,OK
1902,FIFA Men Blue Jersey,Tshirts,Topwear,1902.jpg,Topwear,Topwear,0.99995947,OK
13538,Carlton London Men Casual Black Casual Shoes,Casual Shoes,Shoes,13538.jpg,Shoes,Shoes,0.99955136,OK
12768,Mother Earth Women Plain Mangalgiri Green Tunics,Tunics,Topwear,12768.jpg,Topwear,Topwear,0.9999887,OK
49885,Q&Q Kids Unisex White Dial Analog Watch,Watches,Watches,49885.jpg,Watches,Watches,0.99999785,OK
16173,Enroute Men Leather Black Formal Shoes,Formal Shoes,Shoes,16173.jpg,Shoes,Shoes,0.99980646,OK
11486,Puma Men Top Fluctuation Gents Black Black Watches,Watches,Watches,11486.jpg,Watches,Watches,0.95594066,OK
28861,Proline Men White T-shirt,Tshirts,Topwear,28861.jpg,Topwear,Topwear,0.992459,OK
43972,DKNY Men Perfume,Perfume and Body Mist,Fragrance,43972.jpg,Fragrance,Fragrance,1.0,OK
15168,Arrow Sport Men Solid Green Polo Tshirts,Tshirts,Topwear,15168.jpg,Topwear,Topwear,0.9999999,OK
6248,Lee Women's Clara Saffron T-shirt,Tshirts,Topwear,6248.jpg,Topwear,Topwear,1.0,OK
17017,Rocia Women Casual Brown Sandal,Flats,Shoes,17017.jpg,Shoes,Shoes,0.9990128,OK
2334,Reebok Men Shiamak Dance Black T-shirt,Tshirts,Topwear,2334.jpg,Topwear,Topwear,0.9998499,OK
37782,John Players Men White & Yellow Striped Shirt,Shirts,Topwear,37782.jpg,Topwear,Topwear,0.99860126,OK
38200,Polaroid Men Sunglasses,Sunglasses,Eyewear,38200.jpg,Eyewear,Eyewear,0.9999987,OK
7004,s.Oliver Men's What Up Cracker Blue T-shirt,Tshirts,Topwear,7004.jpg,Topwear,Topwear,0.9983432,OK
42175,Status Quo Men White T-shirt,Tshirts,Topwear,42175.jpg,Topwear,Topwear,0.997682,OK
13324,Gini and Jony Kids Boys Check Blue Shirts,Shirts,Topwear,13324.jpg,Topwear,Topwear,0.9960569,OK
11055,Scullers Men Check Blue Shirt,Shirts,Topwear,11055.jpg,Topwear,Topwear,0.999992,OK
16357,Peter England Men Stripes Blue Shirt,Shirts,Topwear,16357.jpg,Topwear,Topwear,0.99992955,OK
24707,Puma Men Yellow Printed T-shirt,Tshirts,Topwear,24707.jpg,Topwear,Topwear,0.99994373,OK
33019,Mother Earth Women Printed Yellow Kurta,Kurtas,Topwear,33019.jpg,Topwear,Topwear,0.9998851,OK
34188,Gini and Jony Boys Printed White T-shirt,Tshirts,Topwear,34188.jpg,Topwear,Topwear,0.9996019,OK
17127,Lino Perros Women Lock Green Handbag,Handbags,Bags,17127.jpg,Bags,Bags,0.99999976,OK
6362,Numero Uno Men's Dark Blue Shoe,Casual Shoes,Shoes,6362.jpg,Shoes,Shoes,0.9546414,OK
53669,Kiara Women Black Handbag,Handbags,Bags,53669.jpg,Bags,Bags,0.9999999,OK
47034,Shree Women Black & White Printed Kurta,Kurtas,Topwear,47034.jpg,Topwear,Topwear,0.9958189,OK
53763,Puma Men Blue T-shirt,Tshirts,Topwear,53763.jpg,Topwear,Topwear,0.9998616,OK
39847,Gini and Jony Girls Printed Pink Top,Tops,Topwear,39847.jpg,Topwear,Topwear,0.998901,OK
37415,Murcia Women Shiny Textured Maroon Handbag,Handbags,Bags,37415.jpg,Bags,Bags,0.9999385,OK
54608,Jockey ELANCE Men Blue Briefs 1009,Briefs,Innerwear,54608.jpg,Innerwear,Innerwear,0.9999999,OK
37777,John Players Men Check Green Shirt,Shirts,Topwear,37777.jpg,Topwear,Topwear,0.9998927,OK
44493,Gliders Men White Casual Shoes,Casual Shoes,Shoes,44493.jpg,Shoes,Shoes,0.99985194,OK
22549,Reebok Women Reeshine Deo,Deodorant,Fragrance,22549.jpg,Fragrance,Fragrance,0.99999964,OK
9669,Indigo Nation Men Checks Blue Shirts,Shirts,Topwear,9669.jpg,Topwear,Topwear,0.9999987,OK
11106,Indigo Nation Men Stripes Blue Shirts,Shirts,Topwear,11106.jpg,Topwear,Topwear,0.99964905,OK
20191,Wrangler Men Grey Polo T-shirt,Tshirts,Topwear,20191.jpg,Topwear,Topwear,0.99999964,OK
5833,Puma Men's Pop Logo Black T-shirt,Tshirts,Topwear,5833.jpg,Topwear,Topwear,0.9995004,OK
13918,Nike Women Serenity Black Casual Shoes,Casual Shoes,Shoes,13918.jpg,Shoes,Shoes,0.9979138,OK
45919,Maxima Men Blue Dial Watch,Watches,Watches,45919.jpg,Watches,Watches,1.0,OK
42692,Rocia Women Grey & Blue Sandals,Flats,Shoes,42692.jpg,Shoes,Shoes,0.571905,OK
32291,Q&Q Men Black Dial Watch,Watches,Watches,32291.jpg,Watches,Watches,1.0,OK
58693,ALayna Women Rust Kurta,Kurtas,Topwear,58693.jpg,Topwear,Topwear,0.99998736,OK
25781,Arrow Men Black Suspenders,Suspenders,Topwear,25781.jpg,Topwear,Topwear,0.99717593,OK
9116,Puma Women Ikonis 2 White Sports Shoes,Casual Shoes,Shoes,9116.jpg,Shoes,Shoes,0.99996746,OK
38746,Nike Unisex Blue Backpack,Backpacks,Bags,38746.jpg,Bags,Bags,0.99999714,OK
16762,Spice Art Women Printed Design Multi Handbags,Handbags,Bags,16762.jpg,Bags,Bags,0.99999225,OK
42640,W Women Red Dress,Kurtas,Topwear,42640.jpg,Topwear,Topwear,0.9999883,OK
59277,Titan Women White Watch,Watches,Watches,59277.jpg,Watches,Watches,0.9992316,OK
22750,BIBA Women Printed White Kurta,Kurtas,Topwear,22750.jpg,Topwear,Topwear,0.99999857,OK
22156,Lee Cooper Men Black Formal Shoes,Formal Shoes,Shoes,22156.jpg,Shoes,Shoes,0.9999924,OK
35813,Enroute Women Black Heels,Heels,Shoes,35813.jpg,Shoes,Shoes,0.9916706,OK
56322,Fastrack Women Black Dial Watch,Watches,Watches,56322.jpg,Watches,Watches,0.9992937,OK
30838,Fabindia Women Green Kurta,Kurtas,Topwear,30838.jpg,Topwear,Topwear,0.99996674,OK
31829,Titan Men White Dial Watch,Watches,Watches,31829.jpg,Watches,Watches,1.0,OK
22242,ID Men Black Casual Shoes,Casual Shoes,Shoes,22242.jpg,Shoes,Shoes,0.9999989,OK
27903,Scullers For Her Beige Trousers,Trousers,Bottomwear,27903.jpg,Bottomwear,Bottomwear,0.9996283,OK
54585,Sushilas Women Pink Kurta,Kurtas,Topwear,54585.jpg,Topwear,Topwear,0.9999559,OK
19428,Quiksilver Men Rincon Red Shirt,Shirts,Topwear,19428.jpg,Topwear,Topwear,0.9999734,OK
16488,Locomotive Men Printed Navy Blue TShirt,Tshirts,Topwear,16488.jpg,Topwear,Topwear,0.999874,OK
44925,Jack & Jones Men Brown Jeans,Trousers,Bottomwear,44925.jpg,Bottomwear,Bottomwear,0.99976116,OK
29493,Giordano Women Chronograph White Dial Watch,Watches,Watches,29493.jpg,Watches,Watches,0.9999999,OK
8693,Fastrack Women FT Girl Brown Sunglasses,Sunglasses,Eyewear,8693.jpg,Eyewear,Eyewear,0.9998957,OK
1856,Inkfruit Men Rebel Without a Clue T-shirt,Tshirts,Topwear,1856.jpg,Topwear,Topwear,0.99998105,OK
36664,Paridhan Women Brown Handbag,Handbags,Bags,36664.jpg,Bags,Bags,0.99999297,OK
54638,Fastrack Men Silver Dial Watch,Watches,Watches,54638.jpg,Watches,Watches,0.9999995,OK
27884,Scullers For Her Blue Shirt,Shirts,Topwear,27884.jpg,Topwear,Topwear,0.9999939,OK
24526,Mother Earth Men Maroon Shirt,Shirts,Topwear,24526.jpg,Topwear,Topwear,0.999915,OK
32458,ADIDAS Women Graphic Blue T-shirt,Tshirts,Topwear,32458.jpg,Topwear,Topwear,0.9999988,OK
26371,Arrow Woman Check Pink Shirt,Shrug,Topwear,26371.jpg,Topwear,Topwear,0.9999995,OK
9080,ADIDAS Men Adna Revpt Grey Trackpant,Track Pants,Bottomwear,9080.jpg,Bottomwear,Bottomwear,0.99997044,OK
13571,Hanes Men Racer Back Red Innerwear Vests,Innerwear Vests,Innerwear,13571.jpg,Innerwear,Innerwear,0.9953819,OK
40944,Gini and Jony Girls Kitch Bright Pink Top,Tops,Topwear,40944.jpg,Topwear,Topwear,0.99908996,OK
28109,Jockey MODERN CLASSIC Men Navy Blue Trunks 8009,Trunk,Innerwear,28109.jpg,Innerwear,Innerwear,0.99996996,OK
19310,Nike Men Lunarglide+ 3 White Sports Shoe,Sports Shoes,Shoes,19310.jpg,Shoes,Shoes,0.9997385,OK
24754,Spykar Women Blue Jeans,Jeans,Bottomwear,24754.jpg,Bottomwear,Bottomwear,0.99991226,OK
33709,Cobblerz Men Brown Semi-formal Shoes,Formal Shoes,Shoes,33709.jpg,Shoes,Shoes,0.9996978,OK
31117,Gini and Jony Girls White Top,Tops,Topwear,31117.jpg,Topwear,Topwear,0.99962413,OK
33170,Sepia Women Oxygen Blue Top,Tops,Topwear,33170.jpg,Topwear,Topwear,0.99994516,OK
33766,ADIDAS Neo Men Court Evo Blue Shoes,Casual Shoes,Shoes,33766.jpg,Shoes,Shoes,0.9994961,OK
16143,Tokyo Talkies Women Printed Pink T-shirt,Tshirts,Topwear,16143.jpg,Topwear,Topwear,0.9999876,OK
22332,John Players Men Solid Maroon Polo T-Shirt,Tshirts,Topwear,22332.jpg,Topwear,Topwear,0.9975776,OK
4596,Wildcraft Unisex Green Printed Backpack,Backpacks,Bags,4596.jpg,Bags,Bags,1.0,OK
20700,Buckaroo Men  Fiesta Brown Casual Shoes,Casual Shoes,Shoes,20700.jpg,Shoes,Shoes,0.9999733,OK
3021,Lee Men's March Blue T-shirt,Tshirts,Topwear,3021.jpg,Topwear,Topwear,0.99809366,OK
12640,Probase Men Solid Grey Tshirts,Tshirts,Topwear,12640.jpg,Topwear,Topwear,0.99986804,OK
6972,s.Oliver Women Printed Mauve Top,Tops,Topwear,6972.jpg,Topwear,Topwear,0.99979466,OK
20016,United Colors of Benetton Women Printed Pink Top,Tops,Topwear,20016.jpg,Topwear,Topwear,0.99969995,OK
30748,Fabindia Men Striped White Kurta,Kurtas,Topwear,30748.jpg,Topwear,Topwear,0.9857201,OK
56722,Converse Men Maroon Shoes,Casual Shoes,Shoes,56722.jpg,Shoes,Shoes,0.8244203,OK
33723,Pieces Women Multi Coloured Purse,Clutches,Bags,33723.jpg,Bags,Bags,0.9999075,OK
4266,Nike Men's Mercurial Purple Shoe,Sports Shoes,Shoes,4266.jpg,Shoes,Shoes,0.81556344,OK
14022,Nike Men Solid Navy Blue Shorts,Shorts,Bottomwear,14022.jpg,Bottomwear,Bottomwear,0.99998415,OK
53059,Rocia Women Beige Handbag,Handbags,Bags,53059.jpg,Bags,Bags,0.9999994,OK
28936,BIBA Women Printed Pink Kurta,Kurtas,Topwear,28936.jpg,Topwear,Topwear,0.9999341,OK
44929,Jack & Jones Men Black T-shirt,Tshirts,Topwear,44929.jpg,Topwear,Topwear,0.99684936,OK
41827,Skechers Women White Sports Shoes,Sports Shoes,Shoes,41827.jpg,Shoes,Shoes,0.9999021,OK
12785,Mother Earth Women Checks Pink Shirts,Tops,Topwear,12785.jpg,Topwear,Topwear,0.99999976,OK
7258,Rockport Men Rocky Brookl Nubuck Black Floater,Sandals,Sandal,7258.jpg,Sandal,Sandal,0.8782304,OK
28039,Jockey ELANCE Men Red Y Front Briefs 1006,Briefs,Innerwear,28039.jpg,Innerwear,Innerwear,0.9999554,OK
52665,Morellato Women Brown Watch,Watches,Watches,52665.jpg,Watches,Watches,1.0,OK
43337,Reebok Men Grey Turbo DMX Shear Sports Shoes,Sports Shoes,Shoes,43337.jpg,Shoes,Shoes,0.99999654,OK
22476,Timberland Men Blue T-shirt,Tshirts,Topwear,22476.jpg,Topwear,Topwear,0.9958852,OK
19769,Ice Unisex Sili Purple Watch,Watches,Watches,19769.jpg,Watches,Watches,1.0,OK
37632,Madagascar3 Girls Pink Printed T-Shirt,Tshirts,Topwear,37632.jpg,Topwear,Topwear,0.99999964,OK
3765,Status Quo Men's Unplugged Yellow T-shirt,Tshirts,Topwear,3765.jpg,Topwear,Topwear,0.99741095,OK
40137,Gini and Jony Boys Around The World Grey T-shirt,Tshirts,Topwear,40137.jpg,Topwear,Topwear,0.99998796,OK
19641,United Colors of Benetton Men Solid Black Sweatshirt,Sweatshirts,Topwear,19641.jpg,Topwear,Topwear,0.99997747,OK
8734,Indigo Nation Men Striped Shirt,Shirts,Topwear,8734.jpg,Topwear,Topwear,0.99965453,OK
2641,Carlton London Men's Casual Brown Shoe,Casual Shoes,Shoes,2641.jpg,Shoes,Shoes,0.99994123,OK
14701,Basics Men Olive Cargos,Trousers,Bottomwear,14701.jpg,Topwear,Bottomwear,0.99998426,ONE MODEL DISAGREES
44343,Indian Terrain Men Red T-shirt,Tshirts,Topwear,44343.jpg,Topwear,Topwear,0.9999902,OK
7806,Puma Men's Basket Classic White Shoe,Casual Shoes,Shoes,7806.jpg,Shoes,Shoes,0.9999951,OK
53652,Kiara Women Black Handbag,Handbags,Bags,53652.jpg,Bags,Bags,1.0,OK
9944,Probase Men Crew Neck Yellow Tshirts,Tshirts,Topwear,9944.jpg,Topwear,Topwear,0.9992083,OK
53068,Rocia Women Black Handbag,Handbags,Bags,53068.jpg,Bags,Bags,0.99999964,OK
25471,Nike Men Olive Green Liteforce Shoes,Casual Shoes,Shoes,25471.jpg,Shoes,Shoes,0.99998367,OK
6012,Highlander Men White Casual Checked Slim Fit Shirt,Shirts,Topwear,6012.jpg,Topwear,Topwear,0.9997048,OK
42554,Mother Earth Women White & Black Kurta,Kurtas,Topwear,42554.jpg,Topwear,Topwear,0.99993646,OK
51039,Enamor Women Brown Floral Printed Briefs,Briefs,Innerwear,51039.jpg,Innerwear,Innerwear,0.9994116,OK
30620,Nike Men Printed Green T-shirt,Tshirts,Topwear,30620.jpg,Topwear,Topwear,0.9999753,OK
13925,Nike Men Solarsoft Slide Red Slippers,Sandals,Sandal,13925.jpg,Sandal,Shoes,0.84049344,ONE MODEL DISAGREES
9487,Puma Unisex Big Cat Grey Backpacks,Backpacks,Bags,9487.jpg,Bags,Bags,0.9999999,OK
41703,Catwalk Women Teal Wedges,Heels,Shoes,41703.jpg,Shoes,Shoes,0.99839574,OK
48247,Avengers Boys Blue Printed T-shirt,Tshirts,Topwear,48247.jpg,Topwear,Topwear,0.99961543,OK
38625,Nike Women Green Polo T-shirt,Tshirts,Topwear,38625.jpg,Topwear,Topwear,0.9999454,OK
29321,ADIDAS Men Black Jersey,Tshirts,Topwear,29321.jpg,Topwear,Topwear,0.9996227,OK
26870,Jealous 21 Women Printed Black T-shirt,Tshirts,Topwear,26870.jpg,Topwear,Topwear,0.9996501,OK
57411,Amante Women Black & Brown Net Bikini Briefs PGSS01,Briefs,Innerwear,57411.jpg,Innerwear,Innerwear,0.9996283,OK
50027,Hanes Women Brown ComfortSoft Waistband Cotton Stretch Full Leggings,Leggings,Bottomwear,50027.jpg,Bottomwear,Bottomwear,0.99904245,OK
39267,Red Chief Men Beige Shoes,Casual Shoes,Shoes,39267.jpg,Shoes,Shoes,0.9997912,OK
45604,Arrow Men Brown Formal Shoes,Formal Shoes,Shoes,45604.jpg,Shoes,Shoes,0.99964523,OK
50643,Chromozome White Innerwear Vest PR-08,Innerwear Vests,Innerwear,50643.jpg,Innerwear,Innerwear,0.99945563,OK
9552,Nike Men As Race Day Ss Red T-Shirts,Tshirts,Topwear,9552.jpg,Topwear,Topwear,0.9999783,OK
12096,W Women Printed White Kurtas,Kurtas,Topwear,12096.jpg,Topwear,Topwear,0.99978524,OK
57097,Elle Women Blue Capris,Capris,Bottomwear,57097.jpg,Bottomwear,Bottomwear,0.99672085,OK
10129,Rockport Men Jefford Brown Formal Shoes,Formal Shoes,Shoes,10129.jpg,Shoes,Shoes,0.99936193,OK
59131,Just Natural Men Brown Jacket,Jackets,Topwear,59131.jpg,Topwear,Topwear,0.99999344,OK
6596,Spykar Women Purple Top,Tops,Topwear,6596.jpg,Topwear,Topwear,0.9999738,OK
17018,Rocia Women Casual yellow Sandal,Flats,Shoes,17018.jpg,Shoes,Shoes,0.99965,OK
6732,Locomotive Men's MidLand White T-shirt,Tshirts,Topwear,6732.jpg,Topwear,Topwear,0.99998415,OK
59305,U.S. Polo Assn. Denim Co. Men Red & Navy Blue Shirt,Shirts,Topwear,59305.jpg,Topwear,Topwear,0.99998236,OK
22479,Timberland Men Black Linear Logo T-Shirt,Tshirts,Topwear,22479.jpg,Topwear,Topwear,0.99950445,OK
34849,ADIDAS Men Trx HG Blue Sports Shoes,Sports Shoes,Shoes,34849.jpg,Shoes,Shoes,0.999959,OK
31696,Folklore Women Printed Orange Kurta,Kurtas,Topwear,31696.jpg,Topwear,Topwear,0.9953301,OK
15762,Facit Men Smart Olive Innerwear Vest,Innerwear Vests,Innerwear,15762.jpg,Innerwear,Innerwear,0.9904812,OK
3193,Tantra Men's Nerds Light Brown T-shirt,Tshirts,Topwear,3193.jpg,Topwear,Topwear,0.99129254,OK
3836,Crocs Men Santa Cruz Clog Espresso Brown Sandal,Sandals,Sandal,3836.jpg,Sandal,Shoes,0.81480974,ONE MODEL DISAGREES
47281,Myntra Men Pack of 3 T-shirts,Tshirts,Topwear,47281.jpg,Topwear,Topwear,0.99986744,OK
39987,Gas Men Europa Blue Shoes,Casual Shoes,Shoes,39987.jpg,Shoes,Shoes,0.9996779,OK
16429,Levi's Men Printed White Tshirts,Tshirts,Topwear,16429.jpg,Topwear,Topwear,0.99942505,OK
36618,Catwalk Women Bronze Flats,Heels,Shoes,36618.jpg,Shoes,Shoes,0.6270788,OK
19408,ADIDAS Men  Off White Polo Tshirt,Tshirts,Topwear,19408.jpg,Topwear,Topwear,0.9999951,OK
28463,Urban Yoga Women Black Shorts,Shorts,Bottomwear,28463.jpg,Bottomwear,Bottomwear,0.997497,OK
48027,Helix Women Black Dial Watch,Watches,Watches,48027.jpg,Watches,Watches,0.99999917,OK
50997,Enamor Grey & Black Reveal Bra,Bra,Innerwear,50997.jpg,Innerwear,Innerwear,0.999171,OK
38945,Gini and Jony Girls Printed White Top,Tops,Topwear,38945.jpg,Topwear,Topwear,0.99983585,OK
17915,Nike Women Purple Polo Tshirt,Tshirts,Topwear,17915.jpg,Topwear,Topwear,0.9999827,OK
34229,Proline Men Grey Comfort Fit Polo T-shirt,Tshirts,Topwear,34229.jpg,Topwear,Topwear,0.9998667,OK
27587,Scullers Men Yellow & Navy Blue Striped T-shirt,Tshirts,Topwear,27587.jpg,Topwear,Topwear,0.9999982,OK
3367,Asics Women Gel Strike 2 Running Pink White Shoe,Sports Shoes,Shoes,3367.jpg,Shoes,Shoes,0.99991727,OK
5260,Wildcraft Unisex Blue Printed Messenger Bag,Messenger Bag,Bags,5260.jpg,Bags,Bags,0.99998975,OK
10279,Clarks Men Nature Easy Leather Black Casual Shoes,Casual Shoes,Shoes,10279.jpg,Shoes,Shoes,0.9999777,OK
32627,Nike Women Miler Purple T-shirt,Tshirts,Topwear,32627.jpg,Topwear,Topwear,0.99983394,OK
16169,Enroute Men Leather Black Formal Shoes,Formal Shoes,Shoes,16169.jpg,Shoes,Shoes,0.9942952,OK
48821,Lucera Women Gold Pendant and Chain,Pendant,Jewellery,48821.jpg,Jewellery,Jewellery,0.999974,OK
15868,Warner Bros Kids Unisex TJ Playlogs Brown Sandals,Sandals,Sandal,15868.jpg,Sandal,Sandal,0.9771828,OK
19793,U.S. Polo Assn. Men Striped Navy Blue Tshirt,Tshirts,Topwear,19793.jpg,Topwear,Topwear,0.99998903,OK
43265,Aneri Women Orange Kurta,Kurtas,Topwear,43265.jpg,Topwear,Topwear,0.9999691,OK
44691,Wills Lifestyle Women Yellow Top,Tops,Topwear,44691.jpg,Topwear,Topwear,0.99999,OK
17434,CASIO Sheen Women Pink Dial Chronograph Watch SX005 SHN-5015L-4ADR,Watches,Watches,17434.jpg,Watches,Watches,1.0,OK
32741,Fila Men Calve Brown Casual Shoes,Casual Shoes,Shoes,32741.jpg,Shoes,Shoes,0.9998419,OK
34291,Fabindia Women Green Chanderi Dupatta,Dupatta,Topwear,34291.jpg,Topwear,Topwear,0.9997874,OK
39360,Timex Men Helix-Pop Black Dial Watch,Watches,Watches,39360.jpg,Watches,Watches,1.0,OK
12679,Probase Men Solid Black Trousers,Trousers,Bottomwear,12679.jpg,Bottomwear,Bottomwear,0.99998844,OK
25427,Lee Unisex Casual Olive Bag,Messenger Bag,Bags,25427.jpg,Bags,Bags,1.0,OK
10152,Rockport Men TR Bal Black Casual Shoes,Casual Shoes,Shoes,10152.jpg,Shoes,Shoes,0.9999552,OK
6048,UCB Men Ben Logo Black Shirt,Shirts,Topwear,6048.jpg,Topwear,Topwear,0.82117814,OK
9831,Little Miss Women Printed Dark Grey T-shirt,Tshirts,Topwear,9831.jpg,Topwear,Topwear,0.99999964,OK
34904,Fabindia Mustard Hand Printed Kota Dupatta,Dupatta,Topwear,34904.jpg,Topwear,Topwear,0.9996074,OK
14688,Basics Men Beige Trousers,Trousers,Bottomwear,14688.jpg,Bottomwear,Bottomwear,0.99949455,OK
56898,HM Women Golden Heels,Heels,Shoes,56898.jpg,Shoes,Shoes,0.9951892,OK
12665,Probase Men Check Blue Shirts,Shirts,Topwear,12665.jpg,Topwear,Topwear,0.9998784,OK
11615,W Women Solid Green Kurtas,Kurtas,Topwear,11615.jpg,Topwear,Topwear,0.99999297,OK
54698,Shree Women Black and White Printed Kurta,Kurtas,Topwear,54698.jpg,Topwear,Topwear,0.999041,OK
40013,Park Avenue Men Black Frame Sunglasses,Sunglasses,Eyewear,40013.jpg,Eyewear,Eyewear,0.9988374,OK
38321,Puma Women Blue Backpack,Backpacks,Bags,38321.jpg,Bags,Bags,0.9999597,OK
38181,Miami Blues Women Sunglasses,Sunglasses,Eyewear,38181.jpg,Eyewear,Eyewear,0.99999845,OK
31586,Mark Taylor Men Printed Yellow T-shirt,Tshirts,Topwear,31586.jpg,Topwear,Topwear,0.99997735,OK
32806,iPanema Women Ritmos Black Heels,Heels,Shoes,32806.jpg,Shoes,Shoes,0.9736907,OK
34532,Red Tape Men Black Shoes,Formal Shoes,Shoes,34532.jpg,Shoes,Shoes,0.999925,OK
9250,Mark Taylor Men Red Striped Shirt,Shirts,Topwear,9250.jpg,Topwear,Topwear,0.9969022,OK
29409,Giordano Men Cream & Yellow Dial Watch,Watches,Watches,29409.jpg,Watches,Watches,1.0,OK
28662,Nike Men Lunar Flow Black Casual Shoes,Casual Shoes,Shoes,28662.jpg,Shoes,Shoes,0.9999821,OK
25177,Lino Perros Women Brown Handbag,Handbags,Bags,25177.jpg,Bags,Bags,1.0,OK
22081,Vishudh Women Sea Green Floral Printed Kurta,Kurtas,Topwear,22081.jpg,Topwear,Topwear,0.9999709,OK
49653,Mineral Women Green Top,Tops,Topwear,49653.jpg,Topwear,Topwear,0.99999976,OK
16080,Mayhem Women Oval Sunglasses 9002-204,Sunglasses,Eyewear,16080.jpg,Eyewear,Eyewear,0.9999999,OK
28452,Urban Yoga Women Black Leggings,Leggings,Bottomwear,28452.jpg,Bottomwear,Bottomwear,0.9996979,OK
58180,Rocky S Women Red Handbag,Handbags,Bags,58180.jpg,Bags,Bags,0.9999647,OK
3873,Wrangler Men's Quality Gurtd Blue T-shirt,Tshirts,Topwear,3873.jpg,Topwear,Topwear,0.99898833,OK
33243,Arrow Men Navy Blue Check Shirt,Shirts,Topwear,33243.jpg,Topwear,Topwear,0.999908,OK
22235,ID Men Black Casual Shoes,Casual Shoes,Shoes,22235.jpg,Shoes,Shoes,0.99989283,OK
44752,Globalite Men White Court Shoes,Casual Shoes,Shoes,44752.jpg,Shoes,Shoes,0.999496,OK
14720,Jealous 21 Women Casual Top Purple Tops,Tops,Topwear,14720.jpg,Topwear,Topwear,0.99899286,OK
12166,Aurelia Women Voile Red Dupatta,Dupatta,Topwear,12166.jpg,Topwear,Topwear,0.9999492,OK
26284,Proline Men Yellow T-shirt with Printed Detail,Tshirts,Topwear,26284.jpg,Topwear,Topwear,0.99955946,OK
51495,Denizen Men Blue Jeans,Jeans,Bottomwear,51495.jpg,Bottomwear,Bottomwear,0.99905354,OK
19173,United Colors of Benetton Men Check Blue Shirt,Shirts,Topwear,19173.jpg,Topwear,Topwear,0.99991643,OK
37628,Madagascar3 Girls Off White Printed T-Shirt,Tshirts,Topwear,37628.jpg,Topwear,Jewellery,0.4006262,ONE MODEL DISAGREES
31966,Nike Men Sweet Classic Leather White Shoes,Casual Shoes,Shoes,31966.jpg,Shoes,Shoes,0.99999464,OK
48879,Lucera Women Silver Pendant with Chain,Pendant,Jewellery,48879.jpg,Jewellery,Jewellery,0.99990857,OK
47356,Baggit Women Brown Affair Hoor Purse,Clutches,Bags,47356.jpg,Bags,Bags,0.99999976,OK
3260,Guerrilla Men's Heroes Needed White T-shirt,Tshirts,Topwear,3260.jpg,Topwear,Topwear,0.9999924,OK
49857,Q&Q Kids Unisex Black Digital Watch,Watches,Watches,49857.jpg,Watches,Watches,0.9999995,OK
4923,Gini and Jony Girl's Velia White Peach Kidswear,Tops,Topwear,4923.jpg,Bottomwear,Topwear,0.89649016,ONE MODEL DISAGREES
22860,Woodland Men Black Casual Shoes,Casual Shoes,Shoes,22860.jpg,Shoes,Shoes,0.9996344,OK
45617,Arrow Men Brown Formal Shoes,Formal Shoes,Shoes,45617.jpg,Shoes,Shoes,0.99987185,OK
40301,Warner Bros Kids Charcoal sandals,Sandals,Sandal,40301.jpg,Sandal,Sandal,0.87841284,OK
11683,Lee Men Check Grey Shirts,Shirts,Topwear,11683.jpg,Topwear,Topwear,0.9999701,OK
45914,Maxima Men Black Dial Watch,Watches,Watches,45914.jpg,Watches,Watches,1.0,OK
13480,Rocia Women Black Flats,Flats,Shoes,13480.jpg,Shoes,Shoes,0.9912977,OK
57254,Murcia Women Red Handbag,Handbags,Bags,57254.jpg,Bags,Bags,1.0,OK
53408,Alma Women Beige Printed Kurta,Kurtas,Topwear,53408.jpg,Topwear,Topwear,0.9999987,OK
29043,ADIDAS Men Navy Blue Tracksuit,Tracksuits,Bottomwear,29043.jpg,Bottomwear,Bottomwear,0.99880755,OK
56361,Tommy Hilfiger Men 100 ml Perfume,Perfume and Body Mist,Fragrance,56361.jpg,Fragrance,Fragrance,0.9985733,OK
30297,Myntra Men Grand Sport Off White T-shirt,Tshirts,Topwear,30297.jpg,Topwear,Topwear,0.9921295,OK
44703,Wills Lifestyle Women Cream Top,Tops,Topwear,44703.jpg,Topwear,Topwear,0.9908593,OK
24273,Quiksilver Men Navy Blue Basic T-shirt,Tshirts,Topwear,24273.jpg,Topwear,Topwear,0.99953413,OK
58280,Baggit Women Blue Handbag,Handbags,Bags,58280.jpg,Bags,Bags,0.99999857,OK
3208,Tantra Women's Prism Blue T-shirt,Tshirts,Topwear,3208.jpg,Topwear,Topwear,0.9999802,OK
17963,Puma Women Trinity Black Casual Shoes,Casual Shoes,Shoes,17963.jpg,Shoes,Shoes,0.5946841,OK
24888,United Colors of Benetton Women Yellow Polo T-shirt,Tshirts,Topwear,24888.jpg,Topwear,Topwear,0.9999993,OK
57509,Provogue Men Black Casual Shoes,Casual Shoes,Shoes,57509.jpg,Shoes,Shoes,0.9998373,OK
45638,Park Avenue Men Red Briefs,Briefs,Innerwear,45638.jpg,Innerwear,Innerwear,0.9996125,OK
29650,Indigo Nation Men Grey Shirt,Shirts,Topwear,29650.jpg,Topwear,Topwear,0.9999833,OK
21174,s.Oliver Women Stripes Beige Top,Tops,Topwear,21174.jpg,Topwear,Topwear,0.99947196,OK
26784,Reebok Men Reeplay Perfume & Deodorant Set,Fragrance Gift Set,Fragrance,26784.jpg,Fragrance,Fragrance,0.99999845,OK
21295,Celine Dion Women Metalic Frame Sunglasses,Sunglasses,Eyewear,21295.jpg,Eyewear,Eyewear,0.99999976,OK
4950,Gini and Jony Boy's Kimon Blue Infant Bermuda Kidswear,Shorts,Bottomwear,4950.jpg,Topwear,Bottomwear,0.9992748,ONE MODEL DISAGREES
39647,Lotto Men White Casual Shoe,Casual Shoes,Shoes,39647.jpg,Shoes,Shoes,0.99996305,OK
11270,Nike Men As Ss Cruiser Maroon T-Shirts,Tshirts,Topwear,11270.jpg,Topwear,Topwear,0.9996996,OK
36735,Spykar Women Cult Multi T-shirt,Tshirts,Topwear,36735.jpg,Topwear,Topwear,0.9997398,OK
12089,W Women Brown Printed Kurta,Kurtas,Topwear,12089.jpg,Topwear,Topwear,0.99983835,OK
58544,Miami Blues Women Sunglasses,Sunglasses,Eyewear,58544.jpg,Eyewear,Eyewear,0.9999987,OK
47143,Be For Bag Women Combo pack Tote Bags,Handbags,Bags,47143.jpg,Bags,Bags,0.99999976,OK
7207,Jealous 21 Women Black Flower Print Pink Top,Tops,Topwear,7207.jpg,Topwear,Topwear,0.995987,OK
46151,Adrika Women Brown Necklace,Necklace and Chains,Jewellery,46151.jpg,Jewellery,Jewellery,0.9997137,OK
25245,Lino Perros Women Leatherette Orange Handbag,Handbags,Bags,25245.jpg,Bags,Bags,0.9999999,OK
15776,Facit Men Trophy BF Blue Briefs,Briefs,Innerwear,15776.jpg,Innerwear,Innerwear,0.9998776,OK
41794,Remanika Women Black Tunic,Tunics,Topwear,41794.jpg,Topwear,Topwear,0.99976367,OK
5448,Nike Men's Training White Blue T-shirt,Tshirts,Topwear,5448.jpg,Topwear,Topwear,0.99799526,OK
24974,United Colors of Benetton Women Light Pink Printed T-shirt,Tshirts,Topwear,24974.jpg,Topwear,Topwear,0.99990475,OK
27012,Jealous 21 Women Navy Blue Capris,Capris,Bottomwear,27012.jpg,Bottomwear,Bottomwear,0.9999516,OK
10439,Flying Machine Men Walnut Brown Tshirts,Tshirts,Topwear,10439.jpg,Topwear,Topwear,0.9998493,OK
22250,ID Men Brown Casual Sandal,Sandals,Sandal,22250.jpg,Sandal,Sandal,0.903188,OK
22775,BIBA Women Printed White Kurta,Kurtas,Topwear,22775.jpg,Topwear,Topwear,0.99951875,OK
11932,Skechers Women Tone Black Sandals,Flats,Shoes,11932.jpg,Shoes,Sandal,0.8811436,ONE MODEL DISAGREES
59764,Rocia Women Brown Wedges,Heels,Shoes,59764.jpg,Shoes,Shoes,0.9978933,OK
34732,Puma Men Iridium II Rubber White Sports Shoes,Sports Shoes,Shoes,34732.jpg,Shoes,Shoes,0.9991761,OK
16088,M tv Men My Fab Eyewear Black Sunglasses,Sunglasses,Eyewear,16088.jpg,Eyewear,Eyewear,0.9999995,OK
51631,FOSSIL Women Silver-Toned Dial Watch ES2880,Watches,Watches,51631.jpg,Watches,Watches,0.9999678,OK
10393,Puma Women Spark 351 Black Watches,Watches,Watches,10393.jpg,Watches,Watches,1.0,OK
21689,Fossil Women White Dial Watch ES1967,Watches,Watches,21689.jpg,Watches,Watches,0.99999464,OK
42206,Sepia Women Green Top,Tops,Topwear,42206.jpg,Topwear,Topwear,0.9955048,OK
47586,Portia Women Blue Flats,Flats,Shoes,47586.jpg,Shoes,Shoes,0.9992712,OK
11524,United Colors of Benetton Men Blue Sweatshirt,Sweatshirts,Topwear,11524.jpg,Topwear,Topwear,0.9999573,OK
9946,ADIDAS Men Frnt Str Black Sweaters,Sweaters,Topwear,9946.jpg,Topwear,Topwear,0.98375607,OK
25894,Femella Women Olive Green Spaghetti Top,Tops,Topwear,25894.jpg,Topwear,Topwear,0.94520324,OK
50183,Paridhan Women Brown Handbag,Handbags,Bags,50183.jpg,Bags,Bags,0.9999765,OK
45321,Cobblerz Women Beige & Pink Peep Toes,Heels,Shoes,45321.jpg,Shoes,Shoes,0.99993527,OK
13873,Scullers Men Solid Purple Shirts,Shirts,Topwear,13873.jpg,Topwear,Topwear,0.99999607,OK
16747,Spice Art Women Small Beads Blue Clutch,Clutches,Bags,16747.jpg,Bags,Bags,0.7771968,OK
56697,Fabindia Men Black Kurta,Kurtas,Topwear,56697.jpg,Topwear,Topwear,0.9996847,OK
51716,Allen Solly Women Wayfarer Sunglasses AS 236 C2,Sunglasses,Eyewear,51716.jpg,Eyewear,Eyewear,0.9999995,OK
23248,Arrow Men Formal Brown Shoe,Formal Shoes,Shoes,23248.jpg,Shoes,Shoes,0.9999516,OK
12586,Tantra Unisex Printed Pink Tshirts,Tshirts,Topwear,12586.jpg,Topwear,Topwear,0.99997926,OK
5797,ADIDAS Men's Bam Blue T-shirt,Tshirts,Topwear,5797.jpg,Topwear,Topwear,0.999959,OK
59731,Avirate Black & Purple Wired Corset Shapewear,Shapewear,Innerwear,59731.jpg,Innerwear,Innerwear,0.92985016,OK
4330,Tantra Kid's Unisex Caution Blue Kidswear,Tshirts,Topwear,4330.jpg,Topwear,Topwear,0.99999857,OK
26093,John Miller Men Striped Blue Shirt,Shirts,Topwear,26093.jpg,Topwear,Topwear,0.9999821,OK
43360,Reebok Men White Ultimate Vibe Sports Shoes,Sports Shoes,Shoes,43360.jpg,Shoes,Shoes,0.9999893,OK
47678,Femella Women Black Leopard Print Top,Tops,Topwear,47678.jpg,Topwear,Topwear,0.99378383,OK
21419,Roxy Women Yellow Top,Tops,Topwear,21419.jpg,Topwear,Topwear,0.9999536,OK
28714,W Women Printed White Kurta,Kurtas,Topwear,28714.jpg,Topwear,Topwear,0.9994266,OK
22009,Murcia Women Casual Black Handbag,Handbags,Bags,22009.jpg,Bags,Bags,1.0,OK
12245,Genesis Maroon Formal Shirt,Shirts,Topwear,12245.jpg,Topwear,Topwear,0.999894,OK
37959,Clarks Men Vent Jump Black Sandals,Sandals,Sandal,37959.jpg,Sandal,Sandal,0.9863966,OK
43331,United Colors of Benetton Women Pink Sheath Dress,Dresses,Topwear,43331.jpg,Topwear,Topwear,0.57883984,OK
51436,Myntra Women White & Pink Top,Tops,Topwear,51436.jpg,Topwear,Topwear,0.9999614,OK
28375,Idee Men Casual Black Sunglasses,Sunglasses,Eyewear,28375.jpg,Eyewear,Eyewear,0.9999871,OK
12782,Mother Earth Women Aug Bagru Red Kurtas,Kurtas,Topwear,12782.jpg,Topwear,Topwear,0.99998736,OK
10175,United Colors of Benetton Men Wango Black Casual Shoes,Casual Shoes,Shoes,10175.jpg,Shoes,Shoes,0.9999447,OK
28937,BIBA Women Printed Black Kurta,Kurtas,Topwear,28937.jpg,Topwear,Topwear,0.9999982,OK
21397,Locomotive Men Printed White T-shirt,Tshirts,Topwear,21397.jpg,Topwear,Topwear,0.9999753,OK
42104,ADIDAS Men Navy Blue Shorts,Shorts,Bottomwear,42104.jpg,Bottomwear,Bottomwear,0.9985789,OK
59132,Just Natural Men Black Reversible Jacket,Jackets,Topwear,59132.jpg,Topwear,Topwear,0.99995315,OK
4608,Wildcraft Wiki 4 Unisex Red Backpack,Backpacks,Bags,4608.jpg,Bags,Bags,1.0,OK
37485,Esprit Unisex Black Dial Watch,Watches,Watches,37485.jpg,Watches,Watches,1.0,OK
21944,Murcia Red Handbag,Handbags,Bags,21944.jpg,Bags,Bags,0.99988997,OK
46954,York Women Miss Charm Perfume,Perfume and Body Mist,Fragrance,46954.jpg,Fragrance,Fragrance,0.9679932,OK
21918,BIBA Women Printed Purple Kurta,Kurtas,Topwear,21918.jpg,Topwear,Topwear,0.9999788,OK
5320,Fila Men's Montello Grey Black Red Shoe,Casual Shoes,Shoes,5320.jpg,Shoes,Shoes,0.99968064,OK
21667,Fossil Men Black Dial Chronograph Watch CH2586,Watches,Watches,21667.jpg,Watches,Watches,0.99999905,OK
42929,French Connection Women Gold Clutch,Clutches,Bags,42929.jpg,Bags,Bags,0.9998498,OK
18007,U.S. Polo Assn. Unisex Black Backpack,Backpacks,Bags,18007.jpg,Bags,Bags,0.99999833,OK
40591,Aurelia Women Blue Kurta,Kurtas,Topwear,40591.jpg,Topwear,Topwear,0.99999976,OK
4871,Levis Kids Boy's Dawson Red Kidswear,Tshirts,Topwear,4871.jpg,Topwear,Topwear,0.99998426,OK
42686,Alma Women White Printed Kurta,Kurtas,Topwear,42686.jpg,Topwear,Topwear,1.0,OK
42113,ADIDAS Men Navy Blue Track Pants,Track Pants,Bottomwear,42113.jpg,Bottomwear,Bottomwear,0.99993086,OK
3862,Wrangler Men's Authentic Embro Orange T-shirt,Tshirts,Topwear,3862.jpg,Topwear,Topwear,0.9999969,OK
32278,ADIDAS Men Adipower Barricade Black Sports Shoes,Sports Shoes,Shoes,32278.jpg,Shoes,Shoes,0.99951804,OK
32914,Status Quo Men Multi Coloured Polo T-shirt,Tshirts,Topwear,32914.jpg,Topwear,Topwear,0.99995923,OK
30976,Cartier Men Declaration Perfume,Perfume and Body Mist,Fragrance,30976.jpg,Fragrance,Fragrance,0.99999607,OK
38933,Gini and Jony Girls Pink Leggings,Leggings,Bottomwear,38933.jpg,Bottomwear,Bottomwear,0.99999774,OK
31849,Titan Edge Men White Dial Watch NH1043SL01A,Watches,Watches,31849.jpg,Watches,Watches,0.9999987,OK
44222,Nike Men Red Ronaldo Football T-shirt,Tshirts,Topwear,44222.jpg,Topwear,Topwear,0.99997663,OK
16627,Facit Men Smart Rust Tshirt,Tshirts,Topwear,16627.jpg,Topwear,Topwear,0.9994741,OK
25606,Fastrack Men Casual Black Watches,Watches,Watches,25606.jpg,Watches,Watches,1.0,OK
29236,Puma Women Roque Navy Blue Sandals,Sports Sandals,Sandal,29236.jpg,Sandal,Sandal,0.9997551,OK
7794,Wrangler Women's Engineered Stripe Mustard T-shirt,Tshirts,Topwear,7794.jpg,Topwear,Topwear,0.9954169,OK
49676,United Colors of Benetton Men Sunglass,Sunglasses,Eyewear,49676.jpg,Eyewear,Eyewear,0.99999845,OK
16871,Idee Women Funky Eyewear Black Sunglasses,Sunglasses,Eyewear,16871.jpg,Eyewear,Eyewear,0.9999987,OK
37786,John Players Men Striped Blue Shirt,Shirts,Topwear,37786.jpg,Topwear,Topwear,0.99998605,OK
58678,ALayna Women Printed White Kurta,Kurtas,Topwear,58678.jpg,Topwear,Topwear,0.9999994,OK
31743,Reid & Taylor Men Semi Formal Olive Blazer,Blazers,Topwear,31743.jpg,Topwear,Topwear,0.9884516,OK
22246,ID Men Green Casual Shoe,Casual Shoes,Shoes,22246.jpg,Shoes,Shoes,0.9998847,OK
27229,Doodle Kids Girl  Green Capris,Capris,Bottomwear,27229.jpg,Bottomwear,Bottomwear,0.99947673,OK
25395,Levis Men White Innerwear T-shirt,Innerwear Vests,Innerwear,25395.jpg,Innerwear,Topwear,0.9573305,ONE MODEL DISAGREES
22202,Timberland Men Bonded Fleece Full Zip Blue Jacket,Jackets,Topwear,22202.jpg,Topwear,Topwear,0.9999099,OK
39805,Peter England Men Black Formal Trousers,Trousers,Bottomwear,39805.jpg,Bottomwear,Bottomwear,0.99999607,OK
23253,Arrow Men Formal Black Shoe,Formal Shoes,Shoes,23253.jpg,Shoes,Shoes,0.9997453,OK
43162,Fastrack Women Silver Dial Watch,Watches,Watches,43162.jpg,Watches,Watches,1.0,OK
19678,United Colors of Benetton Women Printed Grey Top,Tops,Topwear,19678.jpg,Topwear,Topwear,0.9997693,OK
12519,Red Tape Men Beige Shoes,Casual Shoes,Shoes,12519.jpg,Shoes,Shoes,0.9994055,OK
26720,Puma Men Foundation Polo Grey T-shirt,Tshirts,Topwear,26720.jpg,Topwear,Topwear,0.91956896,OK
24912,United Colors of Benetton Kids Boys Yellow Printed T-shirt,Tshirts,Topwear,24912.jpg,Topwear,Topwear,0.9999988,OK
21119,s.Oliver Men Black Sweater,Sweaters,Topwear,21119.jpg,Topwear,Topwear,0.9999927,OK
2030,ADIDAS Men's Black Knight T-shirt,Tshirts,Topwear,2030.jpg,Topwear,Topwear,0.9983535,OK
19425,Quiksilver Men Blue Shirt,Shirts,Topwear,19425.jpg,Topwear,Topwear,0.9999999,OK
32328,Q&Q Men White Dial Watch,Watches,Watches,32328.jpg,Watches,Watches,1.0,OK
16623,Probase Men Solid Brown Trouser,Trousers,Bottomwear,16623.jpg,Bottomwear,Bottomwear,0.9999945,OK
16797,Highlander Men Stripes Black Shirt,Shirts,Topwear,16797.jpg,Topwear,Topwear,0.9999956,OK
57080,Elle Women Blue Shirt,Shirts,Topwear,57080.jpg,Topwear,Topwear,0.9999628,OK
44778,Lotto Men Grey Skateboard Shoes,Casual Shoes,Shoes,44778.jpg,Shoes,Shoes,0.5144209,OK
22263,Inc. 5 Women Casual Bronze Flats,Heels,Shoes,22263.jpg,Shoes,Shoes,0.8339766,OK
9708,Scullers Men Scul White Shirts,Shirts,Topwear,9708.jpg,Topwear,Topwear,0.99999857,OK
13101,ADIDAS Men F50 Cl Tee Black T-Shirts,Tshirts,Topwear,13101.jpg,Topwear,Topwear,0.9998324,OK
38988,Gini and Jony Boys Wild West Red T-shirt,Tshirts,Topwear,38988.jpg,Topwear,Topwear,0.99987555,OK
23650,Disney Men Navy Blue Printed T-shirt,Tshirts,Topwear,23650.jpg,Topwear,Topwear,0.9999938,OK
56952,HM Women Brown Heels,Heels,Shoes,56952.jpg,Shoes,Shoes,0.9985247,OK
34651,Fila Women Top Fuel Black Sports Shoes,Sports Shoes,Shoes,34651.jpg,Shoes,Shoes,0.998135,OK
38981,Arrow Men Blue Striped Shirt,Shirts,Topwear,38981.jpg,Topwear,Topwear,0.9996964,OK
7294,Free Authority Men's Tattoo Gun Lime Yellow T-shirt,Tshirts,Topwear,7294.jpg,Topwear,Topwear,0.9999943,OK
40553,Titan Women Gold Watch,Watches,Watches,40553.jpg,Watches,Watches,0.9999993,OK
33930,Citizen Women White Dial Watch,Watches,Watches,33930.jpg,Watches,Watches,0.99998116,OK
26707,Nike Men Black Mikumi Sandals,Sandals,Sandal,26707.jpg,Sandal,Sandal,0.99322706,OK
46564,Timex Men Olive Watch,Watches,Watches,46564.jpg,Watches,Watches,1.0,OK
6470,Numero Uno Men's Beige Brown Casual Shoe,Casual Shoes,Shoes,6470.jpg,Shoes,Shoes,0.9242768,OK
58517,Tonga Women Pink Top,Tops,Topwear,58517.jpg,Topwear,Topwear,0.99971396,OK
18274,Aneri Women Niti Purple Kurta,Kurtas,Topwear,18274.jpg,Topwear,Topwear,0.99999714,OK
12972,ADIDAS Men Eqt Runbox Blue Sports Shoes,Sports Shoes,Shoes,12972.jpg,Shoes,Shoes,0.9998136,OK
25346,Levis Men Black  Brief,Briefs,Innerwear,25346.jpg,Innerwear,Innerwear,0.9999634,OK
52686,Just Cavalli Men Silver Watch,Watches,Watches,52686.jpg,Watches,Watches,1.0,OK
28123,Jockey MC Men Pack Of 2Briefs 8003,Briefs,Innerwear,28123.jpg,Innerwear,Innerwear,0.9999888,OK
25440,Nike Men Elite Green Shoes,Casual Shoes,Shoes,25440.jpg,Shoes,Shoes,0.9999356,OK
4270,Rockport Men's Ananti Chocolate Shoe,Casual Shoes,Shoes,4270.jpg,Shoes,Shoes,0.99995875,OK
9460,John Miller Men Stripes White Blend White Shirts,Shirts,Topwear,9460.jpg,Topwear,Topwear,0.9997539,OK
30865,Fabindia Women Navy Blue Mangalgiri Kurta,Kurtas,Topwear,30865.jpg,Topwear,Topwear,0.99993956,OK
22064,Vishudh Women Printed Green Kurta,Kurtas,Topwear,22064.jpg,Topwear,Topwear,0.999992,OK
22644,Nike Men Solid Navy Blue Shorts,Shorts,Bottomwear,22644.jpg,Bottomwear,Bottomwear,0.9999918,OK
44878,Puma Men Blue Striped Polo T-shirt,Tshirts,Topwear,44878.jpg,Topwear,Topwear,0.9999945,OK
25768,Lino Perros Men Cream Suspenders,Suspenders,Topwear,25768.jpg,Topwear,Topwear,0.99643904,OK
40305,Warner Bros Kids Unisex Brown sandals,Sandals,Sandal,40305.jpg,Sandal,Sandal,0.546389,OK
34339,Myntra Men Extreme Purple T-shirt,Tshirts,Topwear,34339.jpg,Topwear,Topwear,0.99972314,OK
38491,Gini and Jony Boys Core White T-shirt,Tshirts,Topwear,38491.jpg,Topwear,Topwear,0.9995473,OK
36776,Maxima Men White Dial Watch,Watches,Watches,36776.jpg,Watches,Watches,1.0,OK
6570,Inkfruit Men's Krishna Lemon Yellow T-shirt,Tshirts,Topwear,6570.jpg,Topwear,Topwear,0.9993205,OK
13870,Scullers Men Stripes Beige Shirts,Shirts,Topwear,13870.jpg,Topwear,Topwear,0.9999162,OK
22736,Nike Men T90 Exacto White Sports Shoes,Sports Shoes,Shoes,22736.jpg,Shoes,Shoes,0.9997944,OK
3529,Myntra Men's Ear Plugs Navy Blue T-shirt,Tshirts,Topwear,3529.jpg,Topwear,Topwear,0.9999646,OK
31235,Puma Men Fine Striped Polo Blue T-shirt,Tshirts,Topwear,31235.jpg,Topwear,Topwear,0.99997735,OK
59034,Carlton London Women Black Heels,Heels,Shoes,59034.jpg,Shoes,Shoes,0.99999714,OK
38479,Gini and Jony Boys Core Green T-shirt,Tshirts,Topwear,38479.jpg,Topwear,Topwear,0.9999918,OK
45002,Maxima Men Attivo Digital Watch,Watches,Watches,45002.jpg,Watches,Watches,0.99999845,OK
38176,Miami Blues Women Black Sunglasses,Sunglasses,Eyewear,38176.jpg,Eyewear,Eyewear,0.99999917,OK
11933,Skechers Women Sports Grey Sports Shoes,Sports Shoes,Shoes,11933.jpg,Shoes,Shoes,0.99997616,OK
34943,Fabindia Printed Cream Cotton Silk Dupatta,Dupatta,Topwear,34943.jpg,Topwear,Topwear,0.9999939,OK
6344,Converse Men Black CT Lace Color Hi Canvas Shoes,Casual Shoes,Shoes,6344.jpg,Shoes,Shoes,0.587768,OK
46802,Nike Men White Air Quick Sports Shoes,Sports Shoes,Shoes,46802.jpg,Shoes,Shoes,0.99998987,OK
3667,Fila Men Hex One Grey Red Shoe,Sports Shoes,Shoes,3667.jpg,Shoes,Shoes,0.998379,OK
3984,Mr.Men Men's Must Sleep Blue T-shirt,Tshirts,Topwear,3984.jpg,Topwear,Topwear,0.99995244,OK
27991,Jockey ZONE Men Zone Grey Brief US17,Briefs,Innerwear,27991.jpg,Innerwear,Innerwear,0.9999981,OK
52173,Lencia Sterling Silver Ring,Ring,Jewellery,52173.jpg,Jewellery,Bags,0.45847747,ONE MODEL DISAGREES
10346,United Colors of Benetton Women Printed Purple Tshirts,Tshirts,Topwear,10346.jpg,Topwear,Topwear,0.689802,OK
47173,Ganuchi Men Brown Sandals,Sandals,Sandal,47173.jpg,Sandal,Sandal,0.89828724,OK
20111,Diva Women Printed White Kurta,Kurtas,Topwear,20111.jpg,Topwear,Topwear,0.99974936,OK
5815,Puma Men's Sports Grey T-shirt,Tshirts,Topwear,5815.jpg,Topwear,Topwear,0.99186146,OK
48460,French Connection Men Green & White Check Cargo Shorts,Shorts,Bottomwear,48460.jpg,Bottomwear,Bottomwear,0.9999938,OK
54658,Fastrack Women White Dial Watch,Watches,Watches,54658.jpg,Watches,Watches,0.9999999,OK
21921,BIBA OUTLET Women Printed Multi Tunic,Tunics,Topwear,21921.jpg,Topwear,Topwear,0.99945015,OK
2015,ADIDAS Mens Classic Collar Black Polo T-shirt,Tshirts,Topwear,2015.jpg,Topwear,Topwear,0.99430954,OK
35821,Enroute Women Black Heels,Heels,Shoes,35821.jpg,Shoes,Shoes,0.9999894,OK
18549,Catwalk Women  Purple Casual Shoes,Flats,Shoes,18549.jpg,Shoes,Shoes,0.83928084,OK
35144,Allen Solly Woman Black Clutch,Clutches,Bags,35144.jpg,Bags,Bags,1.0,OK
6129,Puma Unisex Scuba Black Sandals,Sandals,Sandal,6129.jpg,Sandal,Shoes,0.7768587,ONE MODEL DISAGREES
19650,United Colors of Benetton Women Solid Purple Top,Tops,Topwear,19650.jpg,Topwear,Topwear,0.9999976,OK
35705,Nike Women Dart 9 MSL Grey Sports Shoes,Sports Shoes,Shoes,35705.jpg,Shoes,Shoes,0.9998072,OK
52754,Fiorelli Women Black and Taupe Leather Handbag,Handbags,Bags,52754.jpg,Bags,Bags,1.0,OK
32401,Arrow Woman Printed Multi Coloured Top,Tops,Topwear,32401.jpg,Topwear,Topwear,0.9999963,OK
49024,Lucera Women Set of Two Silver Ring,Ring,Jewellery,49024.jpg,Jewellery,Jewellery,0.99999964,OK
4192,Disney Kids Boy's Green Naughty Donald Kidswear,Tshirts,Topwear,4192.jpg,Topwear,Topwear,0.9998802,OK
22306,Inc. 5 Women Casual Brown Flats,Heels,Shoes,22306.jpg,Shoes,Shoes,0.9990965,OK
27553,Scullers Men Navy Blue Shirt,Shirts,Topwear,27553.jpg,Topwear,Topwear,0.9999317,OK
20110,Diva Women Printed Brown Kurta,Kurtas,Topwear,20110.jpg,Topwear,Topwear,0.99999285,OK
9982,Nike Men Blue Polo T-shirt,Tshirts,Topwear,9982.jpg,Topwear,Topwear,0.99987686,OK
50494,Chromozome Men Grey Innerwear Vest,Innerwear Vests,Innerwear,50494.jpg,Innerwear,Innerwear,0.9940274,OK
23562,Police Pure Women Perfume,Perfume and Body Mist,Fragrance,23562.jpg,Fragrance,Fragrance,0.9999888,OK
26388,Turtle Men Printed Grey T-shirt,Tshirts,Topwear,26388.jpg,Topwear,Topwear,0.9873996,OK
54115,Rocia Women Brown Sandals,Heels,Shoes,54115.jpg,Shoes,Shoes,0.9984042,OK
29640,Indigo Nation Men Black Shirt,Shirts,Topwear,29640.jpg,Topwear,Topwear,0.9999951,OK
7433,Proline Men Navy Shorts,Shorts,Bottomwear,7433.jpg,Bottomwear,Bottomwear,0.997818,OK
22340,John Players Men Printed Grey T-Shirt,Tshirts,Topwear,22340.jpg,Topwear,Topwear,0.99976164,OK
5023,Levis Kids Boy's Chad Red Kidswear,Shirts,Topwear,5023.jpg,Topwear,Topwear,0.9980008,OK
13554,Carlton London Women Casual Pink Sandals,Flats,Shoes,13554.jpg,Shoes,Shoes,0.7522624,OK
13919,Nike Men T-Lite 9 SL White Sports Shoes,Sports Shoes,Shoes,13919.jpg,Shoes,Shoes,0.99999845,OK
8551,Basics Men Brown T-shirt,Tshirts,Topwear,8551.jpg,Topwear,Topwear,0.99922013,OK
29941,Police Men Black Dial Watch PL12963JSB-02,Watches,Watches,29941.jpg,Watches,Watches,0.99999845,OK
8994,Puma Men Manilla Hi Black Casual Shoes,Casual Shoes,Shoes,8994.jpg,Shoes,Shoes,0.9999658,OK
2880,Catwalk Women Leather Formal Grey Heels,Heels,Shoes,2880.jpg,Shoes,Shoes,0.99875283,OK
44045,Hugo Men Energise Perfume,Perfume and Body Mist,Fragrance,44045.jpg,Fragrance,Fragrance,0.9858499,OK
33373,Baggit Women Bingri Club Silver Clutch,Clutches,Bags,33373.jpg,Bags,Bags,0.99996746,OK
57028,Forever New Women Red Top,Tops,Topwear,57028.jpg,Topwear,Topwear,0.99999905,OK
53141,Catwalk Women Blue Sandals,Heels,Shoes,53141.jpg,Shoes,Shoes,0.94355685,OK
16411,Levis Men Check Navy Blue Shirts,Shirts,Topwear,16411.jpg,Topwear,Topwear,0.999987,OK
49772,Alma Women White Kurta,Kurtas,Topwear,49772.jpg,Topwear,Topwear,0.99994266,OK
22590,Nike Men Solid Grey Shorts,Shorts,Bottomwear,22590.jpg,Bottomwear,Bottomwear,0.9994294,OK
15714,Nike Men Free Run+ 2 Black Sports Shoes,Sports Shoes,Shoes,15714.jpg,Shoes,Shoes,0.9987907,OK
23786,Oakley Women Beckon Blue Sunglasses,Sunglasses,Eyewear,23786.jpg,Eyewear,Eyewear,1.0,OK
45979,Tokyo Talkies Women Peach Printed Top,Tops,Topwear,45979.jpg,Topwear,Topwear,0.9999335,OK
48676,Lucera Women Silver Earrings,Earrings,Jewellery,48676.jpg,Jewellery,Jewellery,0.9684785,OK
14122,Flying Machine Women Washed Blue Jeans,Jeans,Bottomwear,14122.jpg,Bottomwear,Bottomwear,0.999998,OK
4306,Tantra Kid's Unisex 5 Elements Choco Brown Kidswear,Tshirts,Topwear,4306.jpg,Topwear,Topwear,0.9999927,OK
48447,French Connection Men White T-shirt,Tshirts,Topwear,48447.jpg,Topwear,Topwear,0.99363035,OK
34766,Be For Bag Women Zoli Pink Tote Bag,Handbags,Bags,34766.jpg,Bags,Bags,0.9998535,OK
37948,Mineral Women Blue Floral Print Shirt,Shirts,Topwear,37948.jpg,Topwear,Topwear,0.9999492,OK
50191,Hanes Women Black Cotton - Stretch Camisole,Camisoles,Innerwear,50191.jpg,Innerwear,Innerwear,0.87345195,OK
14102,Flying Machine Women Solid Brown Tops,Tops,Topwear,14102.jpg,Topwear,Topwear,0.99999166,OK
15026,ADIDAS Women Solid Purple Sweatshirts,Sweatshirts,Topwear,15026.jpg,Topwear,Topwear,0.99999964,OK
3268,Guerrilla Men's Judgement Day Grey T-shirt,Tshirts,Topwear,3268.jpg,Topwear,Topwear,0.9999912,OK
45337,Cobblerz Women Black & Grey Sandals,Heels,Shoes,45337.jpg,Shoes,Shoes,0.999979,OK
6592,Spykar Women's World Sweet Things White T-shirt,Tshirts,Topwear,6592.jpg,Topwear,Topwear,0.99913234,OK
5211,DC Comics Men's Dist Light Blue T-shirt,Tshirts,Topwear,5211.jpg,Topwear,Topwear,0.99970526,OK
34148,Gini and Jony Girls Washed Blue Skirt,Skirts,Bottomwear,34148.jpg,Bottomwear,Bottomwear,0.9998437,OK
18609,Puma Men Polo Red Tshirt,Tshirts,Topwear,18609.jpg,Topwear,Topwear,0.999845,OK
43716,Royal Diadem Set of 2 Golden Bangles,Bangle,Jewellery,43716.jpg,Jewellery,Jewellery,0.9984055,OK
42197,Sepia Women Navy Blue Tunic,Tunics,Topwear,42197.jpg,Topwear,Topwear,0.99988604,OK
24986,United Colors of Benetton Kids Girls White Top,Tops,Topwear,24986.jpg,Topwear,Topwear,0.99812895,OK
4094,Classic Polo Men's NAvy Melange T-shirt,Tshirts,Topwear,4094.jpg,Topwear,Topwear,0.99986637,OK
38612,Nike Women White & Red Striped T-shirt,Tshirts,Topwear,38612.jpg,Topwear,Topwear,0.99933594,OK
24835,Rockport Men Brown Cashaw Camel Suede Casual Shoes,Casual Shoes,Shoes,24835.jpg,Shoes,Shoes,0.99994874,OK
5790,ADIDAS Men's Crane White T-shirt,Tshirts,Topwear,5790.jpg,Topwear,Topwear,0.9813318,OK
49377,Vans Men Brown Zero Lo Shoes,Casual Shoes,Shoes,49377.jpg,Shoes,Shoes,0.99997187,OK
33560,Wrangler Women Floral Stud Navy Blue T-shirt,Tshirts,Topwear,33560.jpg,Topwear,Topwear,0.9999471,OK
32250,Fabindia Women Blue Skirts,Skirts,Bottomwear,32250.jpg,Bottomwear,Bottomwear,0.99927086,OK
8991,Puma Women Imani Shimmer Black Casual Shoes,Casual Shoes,Shoes,8991.jpg,Shoes,Shoes,0.7319403,OK
53409,Alma Women Printed White Kurta,Kurtas,Topwear,53409.jpg,Topwear,Topwear,0.9999989,OK
56199,Estelle Women Gold Earring & Pendant Set,Jewellery Set,Jewellery,56199.jpg,Jewellery,Jewellery,0.9996499,OK
56404,Rocia Women White & Silver Sandals,Flats,Shoes,56404.jpg,Shoes,Shoes,0.99816895,OK
7508,Nike Men's T90 Ss White T-shirt,Tshirts,Topwear,7508.jpg,Topwear,Topwear,0.9974324,OK
4256,Inkfruit Men Grey Melange Printed T-shirt,Tshirts,Topwear,4256.jpg,Topwear,Topwear,0.9992138,OK
10645,Doodle Boy Athlethic Red Tshirts,Tshirts,Topwear,10645.jpg,Topwear,Topwear,0.9982451,OK
10155,Rockport Men Tr Bal Brown Casual Shoes,Casual Shoes,Shoes,10155.jpg,Shoes,Shoes,0.9999404,OK
26641,Puma Men Drift White Casual Shoes,Casual Shoes,Shoes,26641.jpg,Shoes,Shoes,0.9999089,OK
23211,Aneri Women Lily Green Kurta,Kurtas,Topwear,23211.jpg,Topwear,Topwear,0.99953175,OK
10654,Doodle Girl Denim skirt with belt Blue Skirts,Skirts,Bottomwear,10654.jpg,Bottomwear,Bottomwear,0.98727894,OK
3470,ADIDAS Unisex Dark Navy Gym Backpack,Backpacks,Bags,3470.jpg,Bags,Bags,0.9999999,OK
10308,Clarks Men Brown Leather Boat Shoes,Casual Shoes,Shoes,10308.jpg,Shoes,Shoes,0.9754167,OK
9087,Buckaroo Men Valle Brown Casual Shoes,Casual Shoes,Shoes,9087.jpg,Shoes,Shoes,0.9984957,OK
35814,Enroute Women Black Heels,Heels,Shoes,35814.jpg,Shoes,Shoes,0.99772805,OK
4051,Myntra Men's Eagle Emblem Yellow T-shirt,Tshirts,Topwear,4051.jpg,Topwear,Topwear,0.9999292,OK
33156,Classic Polo Men Printed White T-shirt,Tshirts,Topwear,33156.jpg,Topwear,Topwear,0.99965024,OK
17627,ADIDAS Men Printed Blue Jersey,Tshirts,Topwear,17627.jpg,Topwear,Topwear,0.99999547,OK
16547,Basics Men Blue Slim Fit Checked Shirt,Shirts,Topwear,16547.jpg,Topwear,Topwear,0.9999982,OK
43656,ONLY Women Orange Shorts,Shorts,Bottomwear,43656.jpg,Bottomwear,Bottomwear,0.9999902,OK
51689,Louis Philippe Men Oversized Sunglasses LP226-C4,Sunglasses,Eyewear,51689.jpg,Eyewear,Eyewear,0.9999981,OK
33134,Catwalk Women Brown Heels,Heels,Shoes,33134.jpg,Shoes,Shoes,0.9998387,OK
51269,Hop Scotch Girls Pink Digital Watch,Watches,Watches,51269.jpg,Watches,Watches,0.9991703,OK
49904,Q&Q Kids Unisex Blue Dial Analog Watch,Watches,Watches,49904.jpg,Watches,Watches,0.9999999,OK
23212,Aneri Women Silver Moon Black Kurti,Kurtis,Topwear,23212.jpg,Topwear,Topwear,0.99999475,OK
53861,Vishudh Women Blue & Green Printed Kurta,Kurtas,Topwear,53861.jpg,Topwear,Topwear,0.9999995,OK
7709,Jealous 21 Women's Aaren Black Jegging,Jeans,Bottomwear,7709.jpg,Bottomwear,Bottomwear,0.99999607,OK
38650,Nike Men Capri Brown Shoes,Casual Shoes,Shoes,38650.jpg,Shoes,Shoes,0.999483,OK
43693,Doodle Boys Printed White T-shirt,Tshirts,Topwear,43693.jpg,Topwear,Topwear,0.9995029,OK
24481,Red Tape Men Grey Casual Sandals,Sandals,Sandal,24481.jpg,Sandal,Sandal,0.9477474,OK
34827,ADIDAS Men Equale Grey Shoes,Sports Shoes,Shoes,34827.jpg,Shoes,Shoes,0.9854291,OK
25366,Levis Men Green Innerwear T-shirt,Innerwear Vests,Innerwear,25366.jpg,Innerwear,Innerwear,0.992516,OK
14056,Flying Machine Men Printed White Tshirts,Tshirts,Topwear,14056.jpg,Topwear,Topwear,0.999998,OK
38624,Nike Men Polo Blue & Black Striped T-shirt,Tshirts,Topwear,38624.jpg,Topwear,Topwear,0.99993503,OK
5082,Wrangler Men's Minstrel Shoulder Loop Blue T-shirt,Tshirts,Topwear,5082.jpg,Topwear,Topwear,0.99968684,OK
6859,Forever New Women Stripe Top Lace Peach Top,Tops,Topwear,6859.jpg,Topwear,Topwear,0.9724558,OK
44500,Force 10 Men White & Navy Blue Shoes,Casual Shoes,Shoes,44500.jpg,Shoes,Shoes,0.9989114,OK
39676,Lotto Men White Shoes,Casual Shoes,Shoes,39676.jpg,Shoes,Shoes,0.99978834,OK
39561,Catwalk Women Black Peep Toes,Heels,Shoes,39561.jpg,Shoes,Sandal,0.6686788,ONE MODEL DISAGREES
30823,Fabindia Women Blue Churidar,Churidar,Bottomwear,30823.jpg,Bottomwear,Bottomwear,0.9999856,OK
4685,ADIDAS BP Classic Black Unisex Backpack,Backpacks,Bags,4685.jpg,Bags,Bags,1.0,OK
26066,John Miller Men Striped Black Shirt,Shirts,Topwear,26066.jpg,Topwear,Topwear,0.9999888,OK
50042,Hanes Women Beige Concealing Petals Underwire Moulded Bra,Bra,Innerwear,50042.jpg,Innerwear,Innerwear,0.9998615,OK
14069,Flying Machine Men Printed Blue Polo Tshirts,Tshirts,Topwear,14069.jpg,Topwear,Topwear,0.99861944,OK
28652,Nike Men Tiempo Natural IV Black Sports Shoes,Sports Shoes,Shoes,28652.jpg,Shoes,Shoes,0.9994677,OK
44102,Dunhill Men Custom Perfume,Perfume and Body Mist,Fragrance,44102.jpg,Fragrance,Fragrance,0.99999917,OK
50488,Chromozome Men Black Trunks,Trunk,Innerwear,50488.jpg,Innerwear,Innerwear,0.9999025,OK
8443,Jealous 21 Women Jealous Modele Coral Top Pink T-shirt,Tshirts,Topwear,8443.jpg,Topwear,Topwear,0.99999356,OK
47689,Murcia Women Brown Sling Bag,Handbags,Bags,47689.jpg,Bags,Bags,1.0,OK
29154,United Colors of Benetton Women Blue Top,Tops,Topwear,29154.jpg,Topwear,Topwear,0.9999496,OK
25144,Lino Perros Women Leatherite Orange Handbag,Handbags,Bags,25144.jpg,Bags,Bags,0.99999917,OK
38628,Nike Men Yellow Coaster T-shirt,Tshirts,Topwear,38628.jpg,Topwear,Topwear,0.99988806,OK
27910,Scullers For Her Women Black Trousers,Trousers,Bottomwear,27910.jpg,Bottomwear,Bottomwear,0.9972963,OK
51563,Fastrack Men White Watch,Watches,Watches,51563.jpg,Watches,Watches,0.979182,OK
24473,ADIDAS Men White Falcon Lea Sports Shoes,Sports Shoes,Shoes,24473.jpg,Shoes,Shoes,0.99997103,OK
3916,Urban Yoga Men's Breathe Grey T-shirt,Tshirts,Topwear,3916.jpg,Topwear,Topwear,0.8602116,OK
29466,Giordano Men Silver Dial Watch,Watches,Watches,29466.jpg,Watches,Watches,0.9999999,OK
31787,Lee Women Hanna Evergreen Green Top,Tops,Topwear,31787.jpg,Topwear,Topwear,0.99999833,OK
28655,Nike Men Zoom Structure White Sports Shoes,Sports Shoes,Shoes,28655.jpg,Shoes,Shoes,0.9999968,OK
34349,Myntra Men Purple T-shirt,Tshirts,Topwear,34349.jpg,Topwear,Topwear,0.99847394,OK
20241,Wrangler Women Printed Black T-shirt,Tshirts,Topwear,20241.jpg,Topwear,Topwear,0.9999491,OK
19037,Catwalk Women Black Heels,Heels,Shoes,19037.jpg,Shoes,Shoes,0.96808094,OK
13584,Hanes Men Half Sleeve Crew Pack of 3 Beige Innerwear T-shirts,Innerwear Vests,Innerwear,13584.jpg,Innerwear,Innerwear,0.928838,OK
16608,Jealous 21 Women Printed Green Top,Tops,Topwear,16608.jpg,Topwear,Topwear,0.99999917,OK
26831,Highlander Men Black Trousers,Trousers,Bottomwear,26831.jpg,Bottomwear,Bottomwear,0.99990404,OK
38576,Nike Men Black Breakline Track Pants,Track Pants,Bottomwear,38576.jpg,Bottomwear,Bottomwear,0.9999943,OK
56818,John Players Men Grey Shirt,Shirts,Topwear,56818.jpg,Topwear,Topwear,0.9999889,OK
26431,Spice Art Women Leatherette Grey Handbag,Handbags,Bags,26431.jpg,Bags,Bags,0.9999999,OK
14295,Classic Polo Men Printed pack of 3 Tshirts,Tshirts,Topwear,14295.jpg,Topwear,Topwear,0.9187216,OK
40514,Titan Men White Dial Watch,Watches,Watches,40514.jpg,Watches,Watches,0.9999975,OK
51048,Enamor Sage Green Bra,Bra,Innerwear,51048.jpg,Innerwear,Innerwear,0.99969697,OK
22936,Fastrack Women White Casual Watch,Watches,Watches,22936.jpg,Watches,Watches,0.9999908,OK
40449,Red Tape Men Brown Formal Shoes,Formal Shoes,Shoes,40449.jpg,Shoes,Shoes,0.99999523,OK
3879,Wrangler Men's Concert Blue T-shirt,Tshirts,Topwear,3879.jpg,Topwear,Topwear,0.9991153,OK
13345,Gini and Jony Kids Girls Solid White Capris,Capris,Bottomwear,13345.jpg,Bottomwear,Bottomwear,0.9999589,OK
31005,Versace Women Bright Crystal Perfume,Perfume and Body Mist,Fragrance,31005.jpg,Fragrance,Fragrance,0.9998029,OK
32835,Grendha Women Flori Brown Flats,Heels,Shoes,32835.jpg,Shoes,Shoes,0.99894243,OK
47927,Murcia Women Peach Handbag,Handbags,Bags,47927.jpg,Bags,Bags,0.99999964,OK
45918,Maxima Men White Dial Watch,Watches,Watches,45918.jpg,Watches,Watches,0.99999297,OK
10226,Murcia Women Rubena Black Handbags,Handbags,Bags,10226.jpg,Bags,Bags,0.9999999,OK
52089,Myntra Women Black T-shirt,Tshirts,Topwear,52089.jpg,Topwear,Topwear,0.99996686,OK
14094,Flying Machine Men Printed Green Polo Tshirts,Tshirts,Topwear,14094.jpg,Topwear,Topwear,0.9999999,OK
38222,Polaroid Unisex Sunglasses,Sunglasses,Eyewear,38222.jpg,Eyewear,Eyewear,0.9999995,OK
19284,Guess Women Black Dial Watch W60005L2,Watches,Watches,19284.jpg,Watches,Watches,0.99998033,OK
19255,Guess Women Glow Gold Watch,Watches,Watches,19255.jpg,Watches,Watches,1.0,OK
36139,Nike Men The Overplay VII Black Sports Shoes,Sports Shoes,Shoes,36139.jpg,Shoes,Shoes,0.9999913,OK
2159,Basics Men Green Polo T-shirt,Tshirts,Topwear,2159.jpg,Topwear,Topwear,0.9999808,OK
29314,ADIDAS Unisex Blue Backpack,Backpacks,Bags,29314.jpg,Bags,Bags,0.9999999,OK
16910,Mr. Men Men Printed Blue Sweatshirt,Sweatshirts,Topwear,16910.jpg,Topwear,Topwear,0.99999344,OK
40985,Gini and Jony Boys United White T-shirt,Tshirts,Topwear,40985.jpg,Topwear,Topwear,0.90542436,OK
9437,Nike Unisex Brasilia 5 Me Black Backpacks,Backpacks,Bags,9437.jpg,Bags,Bags,0.9999999,OK
8681,Fastrack Unisex Sunglasses,Sunglasses,Eyewear,8681.jpg,Eyewear,Eyewear,0.99999833,OK
3861,Ed Hardy Men's White Blue Dragon T-shirt,Tshirts,Topwear,3861.jpg,Topwear,Topwear,0.99998224,OK
45387,Rocia Women Black Flats,Flats,Shoes,45387.jpg,Shoes,Sandal,0.6015136,ONE MODEL DISAGREES
32592,ONLY Women Pink Top,Tops,Topwear,32592.jpg,Topwear,Topwear,0.9996045,OK
49514,Police Men Black Dial Watch PL12895JS-02M,Watches,Watches,49514.jpg,Watches,Watches,1.0,OK
4624,Jealous 21 Women Knit White Top,Tops,Topwear,4624.jpg,Topwear,Topwear,0.9996996,OK
17124,Lino Perros Women Golden Strap Black Handbag,Handbags,Bags,17124.jpg,Bags,Bags,0.9999956,OK
21282,Allen Solly Unisex Aviator Sunglasses AS201-C1,Sunglasses,Eyewear,21282.jpg,Eyewear,Eyewear,0.99999964,OK
25347,Levi's Men White Brief,Briefs,Innerwear,25347.jpg,Innerwear,Innerwear,0.99999774,OK
16093,M tv Women My Fab Eyewear Grey Sunglasses,Sunglasses,Eyewear,16093.jpg,Eyewear,Eyewear,0.9999629,OK
36977,Lino Perros Women Black Clutch,Clutches,Bags,36977.jpg,Bags,Bags,0.9997919,OK
53851,Vishudh Women Green Printed Kurta,Kurtas,Topwear,53851.jpg,Topwear,Topwear,0.99996805,OK
4238,Probase Men's Big Sound Grey T-shirt,Tshirts,Topwear,4238.jpg,Topwear,Topwear,0.9999602,OK
3299,Asics Men's Sport White Blue Gel Cushioning Shoe,Sports Shoes,Shoes,3299.jpg,Shoes,Shoes,0.99970835,OK
29724,Kiara Women Leatherette Peach Handbag,Handbags,Bags,29724.jpg,Bags,Bags,0.99999845,OK
47544,Portia Women Black Flats,Flats,Shoes,47544.jpg,Shoes,Shoes,0.9484881,OK
11912,Franco Leone Men Casual Maroon Sandals,Sandals,Sandal,11912.jpg,Sandal,Sandal,0.99328995,OK
18881,Arrow Woman Lana White Shirt,Shirts,Topwear,18881.jpg,Topwear,Topwear,0.9828655,OK
2824,Lee Cooper Men's Formal Leather Slip-On Black Shoe,Formal Shoes,Shoes,2824.jpg,Shoes,Shoes,0.99869365,OK
56198,Estelle Women Gold Bracelet,Bracelet,Jewellery,56198.jpg,Jewellery,Jewellery,0.9716884,OK
5834,Puma Men's Pop Graphic White T-shirt,Tshirts,Topwear,5834.jpg,Topwear,Topwear,0.99994016,OK
21684,Fossil Men Black Dial Chronograph Watch CH2732,Watches,Watches,21684.jpg,Watches,Watches,0.99999833,OK
24730,United Colors of Benetton Women White Printed T-shirt,Tshirts,Topwear,24730.jpg,Topwear,Topwear,0.9999813,OK
11791,Vishudh Women Pigment Print Navy Blue Kurtas,Kurtas,Topwear,11791.jpg,Topwear,Topwear,0.9999323,OK
10461,Flying Machine Men White Polo Tshirts,Tshirts,Topwear,10461.jpg,Topwear,Topwear,0.999275,OK
14706,Genesis Men Stripes Purple Shirts,Shirts,Topwear,14706.jpg,Topwear,Topwear,0.9999517,OK
20505,Baggit Women Beige Banjara Taj Handbag,Handbags,Bags,20505.jpg,Bags,Bags,0.9999958,OK
27610,Scullers Men Grey Trousers,Trousers,Bottomwear,27610.jpg,Bottomwear,Bottomwear,0.9998635,OK
12878,Provogue Men Formal Black Formal Shoes,Formal Shoes,Shoes,12878.jpg,Shoes,Shoes,0.9992046,OK
41811,Enamor Women Black Bra,Bra,Innerwear,41811.jpg,Innerwear,Innerwear,0.9999747,OK
9085,Buckaroo Men Grey Shoes,Casual Shoes,Shoes,9085.jpg,Shoes,Shoes,0.9997594,OK
18394,Undercolors of Benetton Men Red V-Brief,Briefs,Innerwear,18394.jpg,Innerwear,Innerwear,0.9999374,OK
59315,Gliders Women Beige Shoes,Casual Shoes,Shoes,59315.jpg,Shoes,Shoes,0.9999945,OK
8614,Fastrack Unisex Brown Gradient Sunglasses,Sunglasses,Eyewear,8614.jpg,Eyewear,Eyewear,0.9999974,OK
28356,Idee Men Steel Sunglasses,Sunglasses,Eyewear,28356.jpg,Eyewear,Eyewear,0.9999995,OK
5174,Inkfruit Women's Hip Huraa Red T-shirt,Tshirts,Topwear,5174.jpg,Topwear,Topwear,0.99978584,OK
52691,Just Cavalli Women Brown Watch,Watches,Watches,52691.jpg,Watches,Watches,0.79365754,OK
17222,United Colors of Benetton Men Funky Eyewear Blue Sunglasses,Sunglasses,Eyewear,17222.jpg,Eyewear,Eyewear,0.9999999,OK
42883,French Connection Women Black Sling Bag,Handbags,Bags,42883.jpg,Bags,Bags,0.99999535,OK
30662,Park Avenue Men Black Sunglasses,Sunglasses,Eyewear,30662.jpg,Eyewear,Eyewear,0.9999994,OK
13195,Puma Men Track Cat Basic White Casual Shoes,Casual Shoes,Shoes,13195.jpg,Shoes,Shoes,0.99985576,OK
16068,Highlander Men Solid Olive Trouser,Trousers,Bottomwear,16068.jpg,Bottomwear,Bottomwear,0.9999957,OK
54901,Do u speak green Men Olive T-shirt,Tshirts,Topwear,54901.jpg,Topwear,Topwear,0.98945016,OK
14675,Basics Men Printed Black Slim Fit Shirt,Shirts,Topwear,14675.jpg,Topwear,Topwear,0.9999938,OK
31848,Titan Men White Dial Watch NA1006YL08,Watches,Watches,31848.jpg,Watches,Watches,0.9999999,OK
15075,Mother Earth Men Solid Beige Shirts,Shirts,Topwear,15075.jpg,Topwear,Topwear,0.9996507,OK
2235,Puma Men Gypsy Black Sandal,Sandals,Sandal,2235.jpg,Sandal,Sandal,0.93016773,OK
25860,American Tourister Unisex Speedair Grey Laptop Bag,Laptop Bag,Bags,25860.jpg,Bags,Bags,1.0,OK
13454,United Colors of Benetton Women Pink Polo T-shirts,Tshirts,Topwear,13454.jpg,Topwear,Topwear,0.9996642,OK
3876,Wrangler Men's Greensboro Raw Edge Black T-shirt,Tshirts,Topwear,3876.jpg,Topwear,Topwear,0.98166937,OK
30233,Numero Uno Men White Shoes,Casual Shoes,Shoes,30233.jpg,Shoes,Shoes,0.99999464,OK
14651,Probase Men Punk Green Tshirts,Tshirts,Topwear,14651.jpg,Topwear,Topwear,0.9999999,OK
2136,Basics Men Blue & White Slim Fit Checked Shirt,Shirts,Topwear,2136.jpg,Topwear,Topwear,0.9999763,OK
23153,Mark Taylor Men Black Printed T-shirt,Tshirts,Topwear,23153.jpg,Topwear,Topwear,0.9998654,OK
12340,Mark Taylor Men Green Striped Shirt,Shirts,Topwear,12340.jpg,Topwear,Topwear,0.99995863,OK
56321,Fastrack Women White Dial Watch,Watches,Watches,56321.jpg,Watches,Watches,0.99998105,OK
38667,Nike Men Zoom Kobe Venomenon Black Sports Shoes,Sports Shoes,Shoes,38667.jpg,Shoes,Shoes,0.99965227,OK
9524,ADIDAS Unisex CR FB Black Backpacks,Backpacks,Bags,9524.jpg,Bags,Bags,0.99991155,OK
28451,Urban Yoga Women Black Track Pants,Track Pants,Bottomwear,28451.jpg,Bottomwear,Bottomwear,0.99999595,OK
18415,Skechers Men USA Brown Shoe,Casual Shoes,Shoes,18415.jpg,Shoes,Shoes,0.99948645,OK
25858,American Tourister Unisex Grey Laptop Bag,Laptop Bag,Bags,25858.jpg,Bags,Bags,1.0,OK
31236,Puma Men Graphic White T-shirt,Tshirts,Topwear,31236.jpg,Topwear,Innerwear,0.9797435,ONE MODEL DISAGREES
6641,Nike Women's Lunarelite Grey Orange Shoe,Sports Shoes,Shoes,6641.jpg,Shoes,Shoes,0.9999454,OK
5402,Kalenji Ekiden 200 Wn Purple 2011,Sports Shoes,Shoes,5402.jpg,Shoes,Shoes,0.9999993,OK
44157,Nike Fragrances Women Extreme Fragrance Gift Set,Fragrance Gift Set,Fragrance,44157.jpg,Fragrance,Fragrance,0.99975675,OK
19028,Catwalk Women Loafer Yellow Casual Shoes,Casual Shoes,Shoes,19028.jpg,Shoes,Shoes,0.9999825,OK
38815,Latin Quarters Women White Top,Tops,Topwear,38815.jpg,Topwear,Topwear,0.99267596,OK
42631,Estelle Women Bracelet,Bracelet,Jewellery,42631.jpg,Jewellery,Jewellery,0.99975055,OK
10211,Murcia Women Lambretta Grey Handbags,Handbags,Bags,10211.jpg,Bags,Bags,1.0,OK
2144,Basics Men Pink Striped Polo T-shirt,Tshirts,Topwear,2144.jpg,Topwear,Topwear,0.99993813,OK
14387,Catwalk Women Casual Beige Flats,Heels,Shoes,14387.jpg,Shoes,Shoes,0.996327,OK
3719,Lee Men's White Brooklyn T-shirt,Tshirts,Topwear,3719.jpg,Topwear,Topwear,0.9999776,OK
4124,Kochi Tuskers Kids Replica Jersey,Tshirts,Topwear,4124.jpg,Topwear,Topwear,0.99999475,OK
2141,Basics Men Green T-shirt,Tshirts,Topwear,2141.jpg,Topwear,Topwear,0.9999398,OK
38457,Baggit Women Navy Blue Handbag,Handbags,Bags,38457.jpg,Bags,Bags,0.99999785,OK
42617,Estelle Women Gold Jewellery Set,Jewellery Set,Jewellery,42617.jpg,Jewellery,Jewellery,0.99999166,OK
41210,Nike Men Black Shoes,Casual Shoes,Shoes,41210.jpg,Shoes,Shoes,0.9654326,OK
27150,Mark Taylor Men Striped Brown Shirt,Shirts,Topwear,27150.jpg,Topwear,Topwear,0.9999348,OK
44882,Puma Men Navy Blue Track Pants,Track Pants,Bottomwear,44882.jpg,Bottomwear,Bottomwear,0.9999801,OK
52159,Femella Women Maroon Summer Cape Top,Tops,Topwear,52159.jpg,Topwear,Topwear,0.99984026,OK
26695,Reebok Men White United Runner Sports Shoes,Sports Shoes,Shoes,26695.jpg,Shoes,Shoes,0.99678,OK
31591,Mark Taylor Men Printed White T-shirt,Tshirts,Topwear,31591.jpg,Topwear,Topwear,0.9872299,OK
57834,United Colors of Benetton Men Grey Melange T-shirt,Tshirts,Topwear,57834.jpg,Topwear,Topwear,0.9998111,OK
21696,Fossil Women Green Dial Watch ES2951,Watches,Watches,21696.jpg,Watches,Watches,1.0,OK
48778,Lucera Women Silver Pendant with Chain,Pendant,Jewellery,48778.jpg,Jewellery,Jewellery,0.9909457,OK
7349,Tantra Men's Chai Chai Grey T-shirt,Tshirts,Topwear,7349.jpg,Topwear,Topwear,0.99979204,OK
57112,Elle Women Green Color Clash Top,Tops,Topwear,57112.jpg,Topwear,Topwear,0.99935836,OK
2901,Catwalk Women Corporate Leather Black Heels,Heels,Shoes,2901.jpg,Shoes,Shoes,0.99768186,OK
24906,United Colors of Benetton Kids Boys Pink Printed T-shirt,Tshirts,Topwear,24906.jpg,Topwear,Topwear,0.99132514,OK
2129,Basics Men Green Slim Fit Checked Shirt,Shirts,Topwear,2129.jpg,Topwear,Topwear,0.99995124,OK
46531,Timen Women Silver Toned Dial Watch T2N150,Watches,Watches,46531.jpg,Watches,Watches,1.0,OK
30772,Fabindia Men Printed Mustard Kurta,Kurtas,Topwear,30772.jpg,Topwear,Topwear,0.9983176,OK
36058,OTLS Unisex Blue Messenger Bag,Messenger Bag,Bags,36058.jpg,Bags,Bags,0.99999976,OK
7850,Proline Men Grey & Blue Striped Polo T-shirt,Tshirts,Topwear,7850.jpg,Topwear,Topwear,0.99783427,OK
35233,Fortune Men Black Formal Shoes,Formal Shoes,Shoes,35233.jpg,Shoes,Shoes,0.9999032,OK
40669,Lee Women Navy Blue Printed Shirt,Shirts,Topwear,40669.jpg,Topwear,Topwear,0.9999906,OK
36500,Folklore Women Brown Kurta,Kurtas,Topwear,36500.jpg,Topwear,Topwear,0.9999926,OK
48878,Lucera Women Silver Pendant,Pendant,Jewellery,48878.jpg,Jewellery,Jewellery,0.99999976,OK
34594,Tonga Women Red Top,Tops,Topwear,34594.jpg,Topwear,Innerwear,0.6516251,ONE MODEL DISAGREES
26113,John Miller Men Check Purple Shirt,Shirts,Topwear,26113.jpg,Topwear,Topwear,0.99965405,OK
46953,York Women Fantasia Perfume,Perfume and Body Mist,Fragrance,46953.jpg,Fragrance,Fragrance,0.9999963,OK
28600,Fila Men Torando Black Sports Shoes,Sports Shoes,Shoes,28600.jpg,Shoes,Shoes,0.99993014,OK
43808,Royal Diadem Gold & Purple Earrings,Earrings,Jewellery,43808.jpg,Jewellery,Jewellery,0.9999684,OK
8383,Doodle Girl's Raw Edges Light Blue Teen Kidswear,Tshirts,Topwear,8383.jpg,Topwear,Topwear,0.9980196,OK
59399,Tokyo Talkies Women Yellow Top,Tops,Topwear,59399.jpg,Topwear,Topwear,0.9837204,OK
37227,United Colors of Benetton Men Black Backpack,Backpacks,Bags,37227.jpg,Bags,Bags,0.9999999,OK
15005,ADIDAS Men Solid Grey Jackets,Jackets,Topwear,15005.jpg,Topwear,Topwear,0.9997317,OK
28949,BIBA OUTLET Women Dyed Pink Kurti,Kurtis,Topwear,28949.jpg,Topwear,Topwear,0.9999968,OK
16788,ADIDAS Unisex Digital Black Watch,Watches,Watches,16788.jpg,Watches,Watches,0.9999988,OK
46480,Timex Women Steel Watch,Watches,Watches,46480.jpg,Watches,Watches,0.99979025,OK
35445,Doodle Girls Pink Top,Tops,Topwear,35445.jpg,Topwear,Topwear,0.97196937,OK
2655,Murcia Women Office Brown Bag,Handbags,Bags,2655.jpg,Bags,Bags,1.0,OK
57229,Murcia Women Brown Handbag,Handbags,Bags,57229.jpg,Bags,Bags,1.0,OK
42618,Estelle Women Gold Jewellery Set,Jewellery Set,Jewellery,42618.jpg,Jewellery,Jewellery,0.99999964,OK
31158,Gini and Jony Boys Yellow T-shirt,Tshirts,Topwear,31158.jpg,Topwear,Topwear,0.9995216,OK
27589,Scullers Men Green & White Striped T-shirt,Tshirts,Topwear,27589.jpg,Topwear,Topwear,0.9999963,OK
57280,French Connection Men Black & White Shirt,Shirts,Topwear,57280.jpg,Topwear,Topwear,0.99980634,OK
45350,Cobblerz Women Black Sandals,Heels,Shoes,45350.jpg,Shoes,Shoes,0.76866305,OK
51411,Myntra Men Turquoise Blue Striped Shirt,Shirts,Topwear,51411.jpg,Topwear,Topwear,0.9999963,OK
48769,Miki Pearl Women Ivory Jewellery Set,Jewellery Set,Jewellery,48769.jpg,Jewellery,Jewellery,0.9999995,OK
25574,FILA Men Trempet Black & White Sports Shoes,Sports Shoes,Shoes,25574.jpg,Shoes,Shoes,0.9999559,OK
12128,Aurelia Women Printed Black Kurtas,Kurtas,Topwear,12128.jpg,Topwear,Topwear,0.9999825,OK
45336,Cobblerz Women Beige & Green Sandals,Heels,Shoes,45336.jpg,Shoes,Shoes,0.99964535,OK
14058,Flying Machine Men Printed Black Tshirts,Tshirts,Topwear,14058.jpg,Topwear,Topwear,0.99999535,OK
25930,Femella Women Black Skirt,Skirts,Bottomwear,25930.jpg,Bottomwear,Bottomwear,0.99958235,OK
1697,Puma Deck Black Backpack,Backpacks,Bags,1697.jpg,Bags,Bags,0.99940026,OK
10221,Murcia Women Emma Green Handbags,Handbags,Bags,10221.jpg,Bags,Bags,0.9999987,OK
18637,Puma Men V.11 Speed Midnight Navy Tshirts,Tshirts,Topwear,18637.jpg,Topwear,Topwear,0.99957377,OK
44171,Nike Fragrances Men Ride Perfume 75 ml,Perfume and Body Mist,Fragrance,44171.jpg,Fragrance,Fragrance,1.0,OK
47453,Tiptopp Women Black Sandals,Flats,Shoes,47453.jpg,Shoes,Shoes,0.98384124,OK
7146,Scullers For Her Women's Wow Knit Red Top,Tops,Topwear,7146.jpg,Topwear,Topwear,0.99968255,OK
11489,Puma Women Flash Black Watch,Watches,Watches,11489.jpg,Watches,Watches,0.9999982,OK
50184,Paridhan Women Brown Handbag,Handbags,Bags,50184.jpg,Bags,Bags,0.9999523,OK
35328,Fabindia Women Anusuya Silver Earrings,Earrings,Jewellery,35328.jpg,Jewellery,Jewellery,0.996932,OK
51669,Louis Philippe Men Grey Sunglasses,Sunglasses,Eyewear,51669.jpg,Eyewear,Eyewear,0.99987817,OK
19547,United Colors of Benetton Men Solid Blue Sweatshirt,Sweatshirts,Topwear,19547.jpg,Topwear,Topwear,0.99950063,OK
17464,Beyouty Women Zena BR 01 Pink Bra,Bra,Innerwear,17464.jpg,Innerwear,Innerwear,0.9985935,OK
53148,Catwalk Women Grey Wedges,Heels,Shoes,53148.jpg,Shoes,Shoes,0.99982786,OK
22495,ADIDAS Men Adistar Ride 3  White  Sports Shoes,Sports Shoes,Shoes,22495.jpg,Shoes,Shoes,0.99997604,OK
22266,Inc. 5 Women Casual Black Heels,Heels,Shoes,22266.jpg,Shoes,Shoes,0.9986204,OK
11166,John Miller Men Solid Purple Shirt,Shirts,Topwear,11166.jpg,Topwear,Topwear,0.9990459,OK
31318,Aurelia Women Printed Brown Kurta,Kurtas,Topwear,31318.jpg,Topwear,Topwear,0.9999627,OK
5143,Wrangler Women's Reverse Striper White T-shirt,Tshirts,Topwear,5143.jpg,Topwear,Topwear,0.991024,OK
11262,Indigo Nation Men TR Yarn Dyed Beige Trousers,Trousers,Bottomwear,11262.jpg,Bottomwear,Bottomwear,0.9999502,OK
32190,ADIDAS Women Duramo Pink Sports Shoes,Sports Shoes,Shoes,32190.jpg,Shoes,Shoes,0.9997892,OK
48823,Lucera Women Silver Pendant with Chain,Pendant,Jewellery,48823.jpg,Jewellery,Jewellery,0.99999726,OK
7493,Nike Women Squad Purple Capri,Capris,Bottomwear,7493.jpg,Bottomwear,Bottomwear,0.99999046,OK
49663,United Colors of Benetton Men Sunglass,Sunglasses,Eyewear,49663.jpg,Eyewear,Eyewear,0.9999943,OK
49016,Lucera Women Silver Ring,Ring,Jewellery,49016.jpg,Jewellery,Jewellery,1.0,OK
53979,Kiara Women Black Handbag,Handbags,Bags,53979.jpg,Bags,Bags,0.99999976,OK
42272,Vans Unisex Black Authentic Shoes,Casual Shoes,Shoes,42272.jpg,Shoes,Shoes,0.99978155,OK
12568,Tantra Men Printed Brown T-shirt,Tshirts,Topwear,12568.jpg,Topwear,Topwear,0.9980428,OK
5209,Superman Men's Job Round Neck White T-shirt,Tshirts,Topwear,5209.jpg,Topwear,Topwear,0.99907863,OK
25392,Levis Men Navy Blue Innerwear T-shirt,Innerwear Vests,Innerwear,25392.jpg,Innerwear,Innerwear,0.7473434,OK
57307,Rocia Women Beige Flats,Heels,Shoes,57307.jpg,Shoes,Shoes,0.9895475,OK
21350,Pal Zileri Men Casual Metalic Frame Sunglasses,Sunglasses,Eyewear,21350.jpg,Eyewear,Eyewear,0.99999976,OK
44090,Boss Men Collector's Edition Perfume,Perfume and Body Mist,Fragrance,44090.jpg,Fragrance,Fragrance,0.9999999,OK
48451,French Connection Men Black T-shirt,Tshirts,Topwear,48451.jpg,Topwear,Topwear,0.759067,OK
13058,Fastrack Women Funky Digits Black Watches,Watches,Watches,13058.jpg,Watches,Watches,0.9984339,OK
10018,Nike Men Black Three Quarter Track Pants,Shorts,Bottomwear,10018.jpg,Bottomwear,Bottomwear,0.9651881,OK
24329,ADIDAS Women Blue Track Pants,Track Pants,Bottomwear,24329.jpg,Bottomwear,Bottomwear,0.99997747,OK
9692,Classic Polo Men Ikon Navy Blue Polo Tshirts,Tshirts,Topwear,9692.jpg,Topwear,Topwear,0.99843985,OK
24988,United Colors of Benetton Women Pink Top,Tops,Topwear,24988.jpg,Topwear,Topwear,0.9957573,OK
11771,Lee Men Printed Maroon Tshirts,Tshirts,Topwear,11771.jpg,Topwear,Topwear,0.9990069,OK
59160,Fortune Men Black Shoes,Casual Shoes,Shoes,59160.jpg,Shoes,Shoes,0.99924004,OK
19254,Guess Women Mini Rock Candy Silver Watch,Watches,Watches,19254.jpg,Watches,Watches,1.0,OK
38314,Puma Women Dazzle Grey Handbag,Handbags,Bags,38314.jpg,Bags,Bags,1.0,OK
8419,Doodle Girl's Crazy Funny Blue Teen Kidswear,Tshirts,Topwear,8419.jpg,Topwear,Topwear,0.99986255,OK
58133,Rreverie Golden Earrings,Earrings,Jewellery,58133.jpg,Jewellery,Jewellery,0.9999995,OK
33212,Sepia Women Black Top,Tops,Topwear,33212.jpg,Topwear,Topwear,0.999946,OK
40737,Converse Men Blue Shoes,Casual Shoes,Shoes,40737.jpg,Shoes,Shoes,0.9997454,OK
45742,Folklore Women Yellow Kurta,Kurtas,Topwear,45742.jpg,Topwear,Topwear,0.99860674,OK
19825,U.S. Polo Assn. Men Check Green Shirt,Shirts,Topwear,19825.jpg,Topwear,Topwear,0.99998987,OK
39385,Peter England Men Grey Jeans,Jeans,Bottomwear,39385.jpg,Bottomwear,Bottomwear,0.9999424,OK
9484,Puma Unisex Ferrari Replica Black Backpacks,Backpacks,Bags,9484.jpg,Bags,Bags,0.99999905,OK
35053,Windsor Men Black Formal Shoes,Casual Shoes,Shoes,35053.jpg,Shoes,Shoes,0.9998615,OK
4763,ADIDAS Men's Gym Polo Blue Black T-Shirt,Tshirts,Topwear,4763.jpg,Topwear,Topwear,0.9999938,OK
16807,Locomotive Men Check Blue Shirt,Shirts,Topwear,16807.jpg,Topwear,Topwear,0.99999094,OK
44532,Coolers Men Black Sandals,Sandals,Sandal,44532.jpg,Sandal,Sandal,0.8412707,OK
24291,Quick Silver Men Grey Melange Zip-up Sweatshirt,Sweatshirts,Topwear,24291.jpg,Topwear,Topwear,0.9999548,OK
44824,Clarks Men Tan Brown Leather Sandals,Sandals,Sandal,44824.jpg,Sandal,Sandal,0.9711774,OK
45577,Arrow Men Black Sandals,Sandals,Sandal,45577.jpg,Sandal,Sandal,0.99666494,OK
18874,Franco Leone Men Formal Black Shoes,Formal Shoes,Shoes,18874.jpg,Shoes,Shoes,0.99995685,OK
46048,Estelle Gold Earrings,Earrings,Jewellery,46048.jpg,Jewellery,Jewellery,0.9999993,OK
9860,Status Quo Men Green Polo Tshirts,Tshirts,Topwear,9860.jpg,Topwear,Topwear,0.999992,OK
53103,Fabindia Silver Earrings,Earrings,Jewellery,53103.jpg,Jewellery,Jewellery,0.9999956,OK
43704,Royal Diadem Green Earring & Pendant Set,Jewellery Set,Jewellery,43704.jpg,Jewellery,Jewellery,0.9999887,OK
19430,Quiksilver Men Grey Hammonds Cargo Shorts,Shorts,Bottomwear,19430.jpg,Bottomwear,Bottomwear,0.9826605,OK
59691,Avirate Purple Bra,Bra,Innerwear,59691.jpg,Innerwear,Innerwear,0.99996936,OK
39541,Bwitch Maroon Bra,Bra,Innerwear,39541.jpg,Innerwear,Innerwear,0.99988973,OK
13374,Timberland Men Jeunes Brown Casual Shoes,Casual Shoes,Shoes,13374.jpg,Shoes,Shoes,0.99996483,OK
17909,Nike Men Sptcas Black Sweatshirt,Sweatshirts,Topwear,17909.jpg,Topwear,Topwear,0.99942255,OK
3159,Nike Men's Air Max Moto White Blue Shoe,Sports Shoes,Shoes,3159.jpg,Shoes,Shoes,0.9999517,OK
11576,W Women Printed Cream Kurtis,Kurtis,Topwear,11576.jpg,Topwear,Topwear,0.99962616,OK
22316,Wildcraft Men Solid Grey Jacket,Jackets,Topwear,22316.jpg,Topwear,Topwear,0.9999951,OK
4810,ADIDAS Men's Star Polo White Polo T-shirt,Tshirts,Topwear,4810.jpg,Topwear,Topwear,0.99630773,OK
47126,Be For Bag Women Orange And Black Tote Bag,Handbags,Bags,47126.jpg,Bags,Bags,0.93837965,OK
30182,Nike Men Olive Backpack,Backpacks,Bags,30182.jpg,Bags,Bags,0.97738886,OK
50509,Chromozome Men Navy Blue Briefs,Briefs,Innerwear,50509.jpg,Innerwear,Innerwear,0.9999522,OK
50154,Rocia Women Beige Leopard Print Heels,Heels,Shoes,50154.jpg,Shoes,Shoes,1.0,OK
13553,Carlton London Brown Flats,Heels,Shoes,13553.jpg,Shoes,Shoes,0.9975199,OK
12043,Mark Taylor Men White & Blue Striped Shirt,Shirts,Topwear,12043.jpg,Topwear,Topwear,0.9998572,OK
24907,United Colors of Benetton Kids Boys Navy Blue Printed T-shirt,Tshirts,Topwear,24907.jpg,Topwear,Topwear,0.9968989,OK
56812,Aneri Women Multi Coloured Kurti,Kurtis,Topwear,56812.jpg,Topwear,Topwear,0.9969779,OK
11383,United Colors Of Benetton Women Light Winter Black Tops,Tops,Topwear,11383.jpg,Topwear,Topwear,0.99962974,OK
48487,French Connection Women White Top,Tops,Topwear,48487.jpg,Topwear,Topwear,0.9967069,OK
39534,Bwitch White Bra BW340-0002,Bra,Innerwear,39534.jpg,Innerwear,Innerwear,0.99789387,OK
41211,Buckaroo Men Multi Coloured Blanco Shoes,Casual Shoes,Shoes,41211.jpg,Shoes,Shoes,0.99965656,OK
45212,CASIO ENTICER Women White Dial Watch A667,Watches,Watches,45212.jpg,Watches,Watches,0.9999455,OK
36790,Maxima Men Black Attivo Watch,Watches,Watches,36790.jpg,Watches,Watches,1.0,OK
25549,Wrangler Men Green Polo T-shirt,Tshirts,Topwear,25549.jpg,Topwear,Topwear,0.999998,OK
12590,Tantra Unisex Printed White Tshirts,Tshirts,Topwear,12590.jpg,Topwear,Topwear,0.99239105,OK
35916,Peperone Women Purple Handbag,Handbags,Bags,35916.jpg,Bags,Bags,0.9999945,OK
28565,Nike Men Air Bags Blue T-shirt,Tshirts,Topwear,28565.jpg,Topwear,Topwear,0.9998241,OK
30192,Nike Unisex Hayward Black Backpack,Backpacks,Bags,30192.jpg,Bags,Bags,1.0,OK
43528,French Connection Women Cream and Navy Blue Striped Top,Tops,Topwear,43528.jpg,Topwear,Topwear,0.9998703,OK
23865,ADIDAS Men Black Fluid Trainer M Sports Shoes,Sports Shoes,Shoes,23865.jpg,Shoes,Shoes,0.9965269,OK
56721,Converse Men Black Shoes,Casual Shoes,Shoes,56721.jpg,Shoes,Shoes,0.70010614,OK
39621,Catwalk Women Golden Heels,Heels,Shoes,39621.jpg,Shoes,Shoes,0.9999838,OK
45748,Folklore Women Purple Kurta,Kurtas,Topwear,45748.jpg,Topwear,Topwear,1.0,OK
18176,Doodle Kids-Boys Flap 02 Green Sweatshirt,Sweatshirts,Topwear,18176.jpg,Topwear,Topwear,0.9996043,OK
38645,Nike Men White Jdi City T-Shirt,Tshirts,Topwear,38645.jpg,Topwear,Topwear,0.99997103,OK
32767,John Miller Men Striped White Shirt,Shirts,Topwear,32767.jpg,Topwear,Topwear,0.9997454,OK
4283,Rockport Men's Ananti Black Formal Shoe,Formal Shoes,Shoes,4283.jpg,Shoes,Shoes,0.99987245,OK
29571,Vans Men Classic Slip-On Navy Blue Shoes,Casual Shoes,Shoes,29571.jpg,Shoes,Shoes,0.9996536,OK
27401,Jockey White Solid Non-Wired Non-Padded Cross Over Bra 1242-0105,Bra,Innerwear,27401.jpg,Innerwear,Innerwear,0.99957246,OK
40562,Titan Men White Dial Watch,Watches,Watches,40562.jpg,Watches,Watches,1.0,OK
53685,Kiara Women Black Handbag,Handbags,Bags,53685.jpg,Bags,Bags,0.99999774,OK
17535,Mark Taylor Men Red & White Striped Shirt,Shirts,Topwear,17535.jpg,Topwear,Topwear,0.9996643,OK
12072,W Women Printed White Kurtas,Kurtas,Topwear,12072.jpg,Topwear,Topwear,0.9999989,OK
31271,Puma Men Calonge Graphic Red T-shirt,Tshirts,Topwear,31271.jpg,Topwear,Topwear,0.99986863,OK
3150,Nike Men's Lunarswift Black Shoe,Sports Shoes,Shoes,3150.jpg,Shoes,Shoes,0.99999154,OK
5428,Ant Kids Girl's White Free Bird Kidswear,Tshirts,Topwear,5428.jpg,Topwear,Topwear,0.99993587,OK
21075,Clarks Men Brown Leather Sandals,Sandals,Sandal,21075.jpg,Sandal,Sandal,0.99965477,OK
40666,Lee Women Rosa Navy Blue Top,Tops,Topwear,40666.jpg,Topwear,Topwear,0.9999968,OK
10644,Doodle Boy D Print Blue Tshirts,Tshirts,Topwear,10644.jpg,Topwear,Fragrance,0.80617964,ONE MODEL DISAGREES
52119,Myntra Women Navy Blue Printed Top,Tops,Topwear,52119.jpg,Topwear,Topwear,0.999998,OK
45209,CASIO ENTICER Women Black Dial Analogue Watch A664,Watches,Watches,45209.jpg,Watches,Watches,0.9990237,OK
41987,Gini and Jony Boys Core Blue T-shirt,Tshirts,Topwear,41987.jpg,Topwear,Topwear,0.9999987,OK
32371,Q&Q Women White Dial Watch,Watches,Watches,32371.jpg,Watches,Watches,1.0,OK
11566,W Women Printed White Kurtas,Kurtas,Topwear,11566.jpg,Topwear,Topwear,0.9997625,OK
38179,Miami Blues Women Sunglasses,Sunglasses,Eyewear,38179.jpg,Eyewear,Eyewear,0.99998283,OK
31259,Puma Men Munchen Grey T-shirt,Tshirts,Topwear,31259.jpg,Topwear,Topwear,0.989787,OK
32805,iPanema Women Ritmos White Heels,Heels,Shoes,32805.jpg,Shoes,Shoes,0.99719715,OK
17426,CASIO Edifice Men White Dial Watch ED309,Watches,Watches,17426.jpg,Watches,Watches,1.0,OK
16024,Highlander Men Check Green Shirt,Shirts,Topwear,16024.jpg,Topwear,Topwear,0.99999964,OK
17227,United Colors of Benetton Men Funky Eyewear Blue Sunglasses,Sunglasses,Eyewear,17227.jpg,Eyewear,Eyewear,0.9999988,OK
45150,Casio Enticer Men Silver Analogue Watch MTP-1302D-7A2VDF(A488),Watches,Watches,45150.jpg,Watches,Watches,1.0,OK
5884,Puma Women Classic Black Top,Tshirts,Topwear,5884.jpg,Topwear,Topwear,0.9988373,OK
43078,Nike Women Black Capris,Capris,Bottomwear,43078.jpg,Bottomwear,Bottomwear,0.9999813,OK
3734,Kochi Tuskers Mens Replica Jersey,Tshirts,Topwear,3734.jpg,Topwear,Topwear,0.9999641,OK
27212,Doodle Kids Boy Striped Blue Shirt,Shirts,Topwear,27212.jpg,Topwear,Topwear,0.9998678,OK
32766,John Miller Men Striped White Shirt,Shirts,Topwear,32766.jpg,Topwear,Topwear,0.9999658,OK
59220,Titan Women Gold Watch,Watches,Watches,59220.jpg,Watches,Watches,0.99995184,OK
47591,Portia Women Black Flats,Heels,Shoes,47591.jpg,Shoes,Shoes,0.98973686,OK
16909,Status Quo Men Solid Grey Sweatshirt,Sweatshirts,Topwear,16909.jpg,Topwear,Topwear,0.9993259,OK
31111,Gini and Jony Boys Solid Black Jeans,Jeans,Bottomwear,31111.jpg,Bottomwear,Bottomwear,0.99999857,OK
16766,Spice Art Women Leatherette  Green Handbags,Handbags,Bags,16766.jpg,Bags,Bags,0.99998724,OK
32301,Q&Q Men Black Dial Watch,Watches,Watches,32301.jpg,Watches,Watches,1.0,OK
22554,Reebok Unisex Reekick Deo,Deodorant,Fragrance,22554.jpg,Fragrance,Fragrance,1.0,OK
17309,Pepe Jeans Men Casual Sunglasses,Sunglasses,Eyewear,17309.jpg,Eyewear,Eyewear,0.9999943,OK
40046,ADIDAS Men Berty Black Shorts,Shorts,Bottomwear,40046.jpg,Bottomwear,Bottomwear,0.99980205,OK
44041,HUGO Women XX Deo,Deodorant,Fragrance,44041.jpg,Fragrance,Fragrance,0.9999982,OK
54590,Sushilas Women Printed Red Kurta,Kurtas,Topwear,54590.jpg,Topwear,Topwear,0.99999976,OK
3044,Tantra Men's Freddie Blue T-shirt,Tshirts,Topwear,3044.jpg,Topwear,Topwear,0.999899,OK
43082,Nike Women Grey Track Pants,Track Pants,Bottomwear,43082.jpg,Bottomwear,Bottomwear,0.9999795,OK
10676,Doodle Girl Bubbles Red Tops,Tops,Topwear,10676.jpg,Topwear,Topwear,0.9999931,OK
39176,Aneri Women Purple Kurta,Kurtas,Topwear,39176.jpg,Topwear,Topwear,0.9951441,OK
21539,Kiara Women Black Handbag,Handbags,Bags,21539.jpg,Bags,Bags,0.99999976,OK
58570,Puma Men Green T-shirt,Tshirts,Topwear,58570.jpg,Topwear,Topwear,0.99999213,OK
53119,Myntra Women Orange T-shirt,Tshirts,Topwear,53119.jpg,Topwear,Topwear,1.0,OK
36478,Spinn Men Agile Grey Shoes,Casual Shoes,Shoes,36478.jpg,Shoes,Shoes,0.9996884,OK
38587,Nike Women White Jdi T-Shirt,Tshirts,Topwear,38587.jpg,Topwear,Topwear,0.99999464,OK
7527,Nike Men's As T90 SS White Blue T-shirt,Tshirts,Topwear,7527.jpg,Topwear,Topwear,0.9992306,OK
39323,Gini and Jony Girls Blue Shorts,Shorts,Bottomwear,39323.jpg,Bottomwear,Bottomwear,0.9997471,OK
21131,s.Oliver Women Solid White Top,Tops,Topwear,21131.jpg,Topwear,Topwear,0.9998723,OK
7424,W Women U Neck Short Sleeve Lavender Green Kurta,Kurtas,Topwear,7424.jpg,Topwear,Topwear,0.99999094,OK
38970,Arrow New York Men Light Blue T-shirt,Tshirts,Topwear,38970.jpg,Topwear,Topwear,0.99987805,OK
22760,BIBA Women Solid Navy Blue Kurta,Kurtas,Topwear,22760.jpg,Topwear,Topwear,0.9999993,OK
51021,Enamor Wine Coloured Smooth Bra,Bra,Innerwear,51021.jpg,Innerwear,Innerwear,0.99924767,OK
19536,United Colors of Benetton Men Solid Purple Sweater,Sweaters,Topwear,19536.jpg,Topwear,Topwear,0.999972,OK
42990,Nike Women White Fivekay Sports Shoes,Sports Shoes,Shoes,42990.jpg,Shoes,Shoes,0.99990904,OK
39988,Gas Men Europa White Shoes,Casual Shoes,Shoes,39988.jpg,Shoes,Shoes,0.9998374,OK
26203,Nautica Men Classic Perfume,Perfume and Body Mist,Fragrance,26203.jpg,Fragrance,Fragrance,0.9999583,OK
58567,Puma Men Navy Blue Tracksuit,Tracksuits,Bottomwear,58567.jpg,Bottomwear,Bottomwear,0.9990681,OK
56987,HM Women Red Wedges,Heels,Shoes,56987.jpg,Shoes,Shoes,0.9937482,OK
50552,Chromozome Men Black Innerwear  T-shirt,Innerwear Vests,Innerwear,50552.jpg,Innerwear,Innerwear,0.9914131,OK
19631,United Colors of Benetton Men Solid Grey T-shirt,Tshirts,Topwear,19631.jpg,Topwear,Topwear,0.9969313,OK
25534,Wrangler Men American Flag Red Shirt,Shirts,Topwear,25534.jpg,Topwear,Topwear,0.9989581,OK
5897,Puma Women's Feuerwerk White Shoe,Casual Shoes,Shoes,5897.jpg,Shoes,Shoes,0.99979955,OK
43543,Scullers Men Checked Lavender Shirt,Shirts,Topwear,43543.jpg,Topwear,Topwear,0.9999906,OK
24301,Converse Men Black Tongue Triple Colour Shoes,Casual Shoes,Shoes,24301.jpg,Shoes,Shoes,0.9997439,OK
58112,Rreverie Dark Brown & Turquoise Earrings,Earrings,Jewellery,58112.jpg,Jewellery,Jewellery,0.99998677,OK
26618,Puma Men Redon Move Black Shoes,Casual Shoes,Shoes,26618.jpg,Shoes,Shoes,0.9996451,OK
19954,United Colors of Benetton Men Red Sweater,Sweaters,Topwear,19954.jpg,Topwear,Topwear,0.99999046,OK
14633,United Colors of Benetton Women Printed Green Tops,Tops,Topwear,14633.jpg,Topwear,Topwear,0.9999993,OK
13826,Indigo Nation Men Stripes Navy Blue Sweaters,Sweaters,Topwear,13826.jpg,Topwear,Topwear,0.99988556,OK
19517,United Colors of Benetton Men Solid Grey Sweater,Sweaters,Topwear,19517.jpg,Topwear,Topwear,0.9999862,OK
39890,ADIDAS Men White Desma Sports Shoes,Sports Shoes,Shoes,39890.jpg,Shoes,Shoes,0.9999969,OK
5998,Highlander Men Blue Red Plaid Checked Shirt,Shirts,Topwear,5998.jpg,Topwear,Topwear,0.9999887,OK
36926,Estee Lauder Men Pleasures Perfume,Perfume and Body Mist,Fragrance,36926.jpg,Fragrance,Fragrance,0.9999988,OK
43548,Woodland Men Khaki Sandals,Sandals,Sandal,43548.jpg,Sandal,Sandal,0.8843153,OK
27478,Jockey Essence Pink Seamless Bra 2003,Bra,Innerwear,27478.jpg,Innerwear,Innerwear,0.99999654,OK
58562,Puma Women Navy Blue Jeans,Jeans,Bottomwear,58562.jpg,Bottomwear,Bottomwear,0.99994123,OK
20794,Fila Men Tide Navy Blue Sandals,Sandals,Sandal,20794.jpg,Sandal,Sandal,0.9216882,OK
5454,Nike Men's Basic Woven Med Black Short,Shorts,Bottomwear,5454.jpg,Bottomwear,Bottomwear,0.9999895,OK
6380,Puma Men's Future Cat Remix Black Shoe,Sports Shoes,Shoes,6380.jpg,Shoes,Shoes,0.9688335,OK
12984,Fila Men Agony Black Shoes,Casual Shoes,Shoes,12984.jpg,Shoes,Shoes,0.9997861,OK
53755,ADIDAS Men Blue Shorts,Shorts,Bottomwear,53755.jpg,Bottomwear,Bottomwear,0.98851585,OK
5571,ADIDAS Men's Makis White Shoe,Sports Shoes,Shoes,5571.jpg,Shoes,Shoes,0.9999908,OK
2661,Murcia Women Jute Sling Pink Bag,Handbags,Bags,2661.jpg,Bags,Bags,0.98876613,OK
57301,Rocia Women Brown Heels,Heels,Shoes,57301.jpg,Shoes,Shoes,0.999041,OK
46434,Timex Men Blue Dial Watch,Watches,Watches,46434.jpg,Watches,Watches,0.9999999,OK
10490,Flying Machine Men HS Blue Shirts,Shirts,Topwear,10490.jpg,Topwear,Topwear,0.9999999,OK
59027,Carlton London Women Coffee Brown Heels,Heels,Shoes,59027.jpg,Shoes,Shoes,0.99995637,OK
46494,Timex Men Black Dial Watch,Watches,Watches,46494.jpg,Watches,Watches,1.0,OK
2165,Probase Men Check Blue Shirt,Shirts,Topwear,2165.jpg,Topwear,Topwear,0.99999356,OK
41080,Allen Solly Woman Blue Capri,Capris,Bottomwear,41080.jpg,Bottomwear,Bottomwear,0.9632,OK
32074,Playboy Men White Boxers,Boxers,Innerwear,32074.jpg,Innerwear,Innerwear,0.68577546,OK
20250,Wrangler Men Music Grey Tshirt,Tshirts,Topwear,20250.jpg,Topwear,Topwear,0.99998283,OK
36499,Folklore Women Red Kurta,Kurtas,Topwear,36499.jpg,Topwear,Topwear,0.9999999,OK
53377,Puma Unisex Fluorescent Green & Black Bolt LS Messenger Bag,Messenger Bag,Bags,53377.jpg,Bags,Bags,0.99971145,OK
13397,United Colors of Benetton Men Check Purple Shirts,Shirts,Topwear,13397.jpg,Topwear,Topwear,0.9999989,OK
2048,ADIDAS Men's Crew Black T-shirt,Tshirts,Topwear,2048.jpg,Topwear,Topwear,0.9990374,OK
7028,s.Oliver Men Grey Checked Shorts,Shorts,Bottomwear,7028.jpg,Bottomwear,Bottomwear,0.99760985,OK
34941,Fabindia Off White Chanderi Dupatta,Dupatta,Topwear,34941.jpg,Topwear,Topwear,0.99999774,OK
48384,French Connection Men Blue Jeans,Jeans,Bottomwear,48384.jpg,Bottomwear,Bottomwear,0.99999726,OK
8670,Fastrack Unisex Sport Sunglasses,Sunglasses,Eyewear,8670.jpg,Eyewear,Eyewear,1.0,OK
30618,Nike Men Printed Red T-shirt,Tshirts,Topwear,30618.jpg,Topwear,Topwear,0.99998665,OK
30903,Fabindia Women White Salwar,Salwar,Bottomwear,30903.jpg,Bottomwear,Bottomwear,0.99835676,OK
5372,Quechua Forclaz 50 Jr 10 Brown,Sports Shoes,Shoes,5372.jpg,Shoes,Shoes,0.99916995,OK
19720,United Colors of Benetton Men Black Striped Shirt,Shirts,Topwear,19720.jpg,Topwear,Topwear,0.9999796,OK
16441,Levi's Men Printed Green Tshirts,Tshirts,Topwear,16441.jpg,Topwear,Topwear,0.9999906,OK
16761,Spice Art Women Leatherette  Olive Handbags,Handbags,Bags,16761.jpg,Bags,Bags,0.9999943,OK
10277,Clarks Men Black Leather Semiformal Shoes,Formal Shoes,Shoes,10277.jpg,Shoes,Shoes,0.99928397,OK
14132,Nike Men Printed Black Tshirts,Tshirts,Topwear,14132.jpg,Topwear,Topwear,0.9995988,OK
46022,Fabindia Women White Printed Kurti,Kurtis,Topwear,46022.jpg,Topwear,Topwear,0.99998724,OK
4107,Fila Men Aruba Black Grey Sandal,Sandals,Sandal,4107.jpg,Sandal,Sandal,0.9962411,OK
30178,Esprit Men White Dial Watch,Watches,Watches,30178.jpg,Watches,Watches,0.9999981,OK
25849,Diva Women Printed Black Kurta,Kurtas,Topwear,25849.jpg,Topwear,Topwear,0.99964726,OK
27359,Tantra Men After The Fight Black T-shirt,Tshirts,Topwear,27359.jpg,Topwear,Topwear,0.99993515,OK
5835,ADIDAS Women's Birds White T-shirt,Tshirts,Topwear,5835.jpg,Topwear,Topwear,0.99837494,OK
3338,ADIDAS Men's Mumbai Indians White Polo T-shirt,Tshirts,Topwear,3338.jpg,Topwear,Topwear,0.99999416,OK
23900,Fila Unisex Wiser Black Sandals,Sandals,Sandal,23900.jpg,Sandal,Sandal,0.49931893,OK
22884,Woodland Men Brown Casual Sandals,Sandals,Sandal,22884.jpg,Sandal,Sandal,0.9999753,OK
13879,Scullers Men Check Red Shirts,Shirts,Topwear,13879.jpg,Topwear,Topwear,0.99957937,OK
22082,Vishudh Women Printed Dark Grey Kurta,Kurtas,Topwear,22082.jpg,Topwear,Topwear,0.99999607,OK
51359,Spykar Women Blue Washed Capri,Capris,Bottomwear,51359.jpg,Bottomwear,Bottomwear,0.9999962,OK
32351,Q&Q Women Steel Dial Watch,Watches,Watches,32351.jpg,Watches,Watches,0.99999964,OK
9712,Scullers Men Scul White Shirts,Shirts,Topwear,9712.jpg,Topwear,Topwear,0.999944,OK
39634,Nike Men Overplay White Sports Shoes,Sports Shoes,Shoes,39634.jpg,Shoes,Shoes,0.99996054,OK
12821,Puma Women Karlie Blur Wn's Dazzling Blue Casual Shoes,Casual Shoes,Shoes,12821.jpg,Shoes,Shoes,0.9760513,OK
16912,Mr. Men Men Printed Green Tshirt,Tshirts,Topwear,16912.jpg,Topwear,Topwear,0.9996427,OK
1588,Domyos Men White Dry-Fit T-shirt,Tshirts,Topwear,1588.jpg,Topwear,Topwear,0.5906914,OK
46662,Rasasi Women Souls Secret Deo,Deodorant,Fragrance,46662.jpg,Fragrance,Fragrance,0.9999871,OK
33061,U.S. Polo Assn. Denim Co. Men Red Check Shirt,Shirts,Topwear,33061.jpg,Topwear,Topwear,0.9999932,OK
49760,Vishudh Green Leggings,Leggings,Bottomwear,49760.jpg,Bottomwear,Bottomwear,0.999871,OK
22656,Wildcraft Unisex Gear for Life Black & Blue Printed Messenger Bag,Messenger Bag,Bags,22656.jpg,Bags,Bags,0.9999999,OK
28517,Nike Men Manu Core Black T-shirt,Tshirts,Topwear,28517.jpg,Topwear,Topwear,0.99903035,OK
16483,Locomotive Men Check Brown Shirt,Shirts,Topwear,16483.jpg,Topwear,Topwear,0.99999976,OK
31462,Nike Men Advantage Geometric Blue Jersey,Tshirts,Topwear,31462.jpg,Topwear,Topwear,0.9998652,OK
48718,Lucera Women Silver Earrings,Earrings,Jewellery,48718.jpg,Jewellery,Jewellery,1.0,OK
56917,HM Women Brown Sandals,Heels,Shoes,56917.jpg,Shoes,Shoes,0.9993292,OK
44093,Boss Men Perfume,Perfume and Body Mist,Fragrance,44093.jpg,Fragrance,Fragrance,1.0,OK
35055,Windsor Men Black Formal Shoes,Formal Shoes,Shoes,35055.jpg,Shoes,Shoes,0.99993396,OK
30743,Fabindia Men Striped White Kurta,Kurtas,Topwear,30743.jpg,Topwear,Topwear,0.9991703,OK
19682,United Colors of Benetton Women Purple Sweatshirt,Sweatshirts,Topwear,19682.jpg,Topwear,Topwear,0.9999831,OK
7325,Red Tape Men Formal Black Shoe,Formal Shoes,Shoes,7325.jpg,Shoes,Shoes,0.9998932,OK
10254,Murcia Women Hddcs Grey Handbags,Handbags,Bags,10254.jpg,Bags,Bags,0.9999999,OK
12714,Nike Women Air Cardio Silver Sports Shoes,Sports Shoes,Shoes,12714.jpg,Shoes,Shoes,0.99997306,OK
19356,Beyouty Women B01 Combo2 Fashion  Low-Rise Pack of 3 Breifs,Briefs,Innerwear,19356.jpg,Innerwear,Innerwear,0.99999785,OK
1569,Artengo Men Black Tennis Shorts,Shorts,Bottomwear,1569.jpg,Bottomwear,Bottomwear,0.9276675,OK
38201,Polaroid Men Sunglasses,Sunglasses,Eyewear,38201.jpg,Eyewear,Eyewear,0.99999917,OK
7863,Provogue Men's Formal Black Shoe,Formal Shoes,Shoes,7863.jpg,Shoes,Shoes,0.9989287,OK
6440,Lotto Men's Calcetto Black Brown Shoe,Casual Shoes,Shoes,6440.jpg,Shoes,Shoes,0.99940026,OK
53615,Q&Q Men Black Digital Watch M010-002,Watches,Watches,53615.jpg,Watches,Watches,0.99999654,OK
51719,Allen Solly Unisex Sunglasses AS234-C3,Sunglasses,Eyewear,51719.jpg,Eyewear,Eyewear,0.99999976,OK
27897,Scullers For Her Women Magenta Top,Tops,Topwear,27897.jpg,Topwear,Topwear,0.9997464,OK
23735,Ray-Ban Women Jackie Sunglasses,Sunglasses,Eyewear,23735.jpg,Eyewear,Eyewear,0.99999607,OK
39980,Gas Men Flint Brown Shoes,Casual Shoes,Shoes,39980.jpg,Shoes,Shoes,0.99931777,OK
51511,Fastrack Men Brown Dial Watch NA3039sp02,Watches,Watches,51511.jpg,Watches,Watches,1.0,OK
24495,Mother Earth Women Magenta Printed Kurta,Kurtas,Topwear,24495.jpg,Topwear,Topwear,0.999992,OK
15396,Fila Men Ronin White Slippers,Sandals,Sandal,15396.jpg,Sandal,Shoes,0.9136433,ONE MODEL DISAGREES
48257,The Amazing Spiderman Boys Red T-shirt,Tshirts,Topwear,48257.jpg,Topwear,Topwear,0.99999535,OK
46337,Reebok Men Black Desire Shoes,Casual Shoes,Shoes,46337.jpg,Shoes,Shoes,0.9983,OK
50752,Red Chief Men Black Formal Shoes,Formal Shoes,Shoes,50752.jpg,Shoes,Shoes,0.99837554,OK
17948,Puma Men South Africa  Grey Track Pant,Track Pants,Bottomwear,17948.jpg,Bottomwear,Bottomwear,0.99909544,OK
51576,Fastrack Men Silver Dial Watch,Watches,Watches,51576.jpg,Watches,Watches,0.99999857,OK
56704,Fabindia Men Rust Kurta,Kurtas,Topwear,56704.jpg,Topwear,Topwear,0.9998416,OK
44435,Gliders Men Black Shoes,Casual Shoes,Shoes,44435.jpg,Shoes,Shoes,0.99958926,OK
49652,Mineral Women Blue Top,Tops,Topwear,49652.jpg,Topwear,Topwear,0.999998,OK
22113,Reebok Women Fusion Runner White Sports Shoes,Sports Shoes,Shoes,22113.jpg,Shoes,Shoes,0.99999774,OK
8346,ADIDAS Men Slimsoll White Sports Shoes,Sports Shoes,Shoes,8346.jpg,Shoes,Shoes,0.9999602,OK
31213,Lotto Men Dunk White Casual Shoes,Casual Shoes,Shoes,31213.jpg,Shoes,Shoes,0.99894744,OK
29727,Kiara Women Leatherette Light Green Handbag,Handbags,Bags,29727.jpg,Bags,Bags,0.9999982,OK
6107,UCB Women's Basic V Neck Pink T-shirt,Tshirts,Topwear,6107.jpg,Topwear,Topwear,0.95177567,OK
12121,Aurelia Women Printed Green Kurtas,Kurtas,Topwear,12121.jpg,Topwear,Topwear,0.9994628,OK
51922,Nyk Women Lavender Abelia Handbag,Handbags,Bags,51922.jpg,Bags,Bags,0.999997,OK
12142,Aurelia Women Solid Purple Kurtas,Kurtas,Topwear,12142.jpg,Topwear,Topwear,0.9999981,OK
44036,Dunhill Men London 50 ml Perfume,Perfume and Body Mist,Fragrance,44036.jpg,Fragrance,Fragrance,0.9999746,OK
35794,Enroute Women Black Wedges,Heels,Shoes,35794.jpg,Shoes,Sandal,0.679567,ONE MODEL DISAGREES
11416,United Colors of Benetton Men Black Sweatshirt,Sweatshirts,Topwear,11416.jpg,Topwear,Topwear,0.99995804,OK
35202,Wildcraft Women Pink & Grey Backpack,Backpacks,Bags,35202.jpg,Bags,Bags,0.9999999,OK
25143,Lino Perros Women Silver Clutch,Clutches,Bags,25143.jpg,Bags,Bags,0.9913434,OK
25890,Femella Women White Leggings,Leggings,Bottomwear,25890.jpg,Bottomwear,Bottomwear,0.999985,OK
33351,Homme Men Black Formal Shoes,Formal Shoes,Shoes,33351.jpg,Shoes,Shoes,0.9991309,OK
41448,Lee Cooper Men White Shoes,Casual Shoes,Shoes,41448.jpg,Shoes,Shoes,0.99996066,OK
4035,Myntra Men's Not Tonight Ladies I am Just Black T-shirt,Tshirts,Topwear,4035.jpg,Topwear,Topwear,0.99969876,OK
25222,Lino Perros Women Leatherette Purple Handbag,Handbags,Bags,25222.jpg,Bags,Bags,1.0,OK
44879,Puma Men Black Polo neck T-shirt,Tshirts,Topwear,44879.jpg,Topwear,Topwear,0.9987534,OK
17565,Mark Taylor Men Blue & White Striped Shirt,Shirts,Topwear,17565.jpg,Topwear,Topwear,0.99998975,OK
23134,Chhota Bheem Kids Boys I Like to Paint Navy Blue T-shirt,Tshirts,Topwear,23134.jpg,Topwear,Topwear,0.9994338,OK
26115,John Miller Men Purple Shirt,Shirts,Topwear,26115.jpg,Topwear,Topwear,0.99985766,OK
7504,Nike Women's Smash Pink T-shirt,Tshirts,Topwear,7504.jpg,Topwear,Topwear,0.99995995,OK
13690,Reebok Men Zigdynamic Sports Shoes,Sports Shoes,Shoes,13690.jpg,Shoes,Shoes,0.9991283,OK
31967,Nike Men Air Twilight Mid Grey Shoes,Sports Shoes,Shoes,31967.jpg,Shoes,Shoes,0.99947363,OK
1644,Kipsta Men Loose Fit Round Neck Jersey Red,Tshirts,Topwear,1644.jpg,Topwear,Topwear,0.999967,OK
36233,Nike Women Air Max S2S Grey Sports Shoes,Sports Shoes,Shoes,36233.jpg,Shoes,Shoes,0.9999546,OK
15333,Nike Men Solid Black Shorts,Shorts,Bottomwear,15333.jpg,Bottomwear,Bottomwear,0.99880254,OK
31320,Aurelia Women Printed Red Kurta,Kurtas,Topwear,31320.jpg,Topwear,Topwear,0.9999609,OK
52692,Just Cavalli Women Pink Watch,Watches,Watches,52692.jpg,Watches,Fragrance,0.8723799,ONE MODEL DISAGREES
45736,Folklore Women Black Kurta,Kurtas,Topwear,45736.jpg,Topwear,Topwear,0.9999888,OK
53994,Kiara Women White Handbag,Handbags,Bags,53994.jpg,Bags,Bags,1.0,OK
36760,Maxima Men White Dial Watch,Watches,Watches,36760.jpg,Watches,Watches,0.9999999,OK
4672,ADIDAS C365 Dark Navy Black Unisex Backpack,Backpacks,Bags,4672.jpg,Bags,Bags,0.99999976,OK
38191,Polaroid Unisex Sunglasses,Sunglasses,Eyewear,38191.jpg,Eyewear,Eyewear,1.0,OK
37321,CASIO Enticer Women Pink Dial Watch LTP-1165A-4CDF SH20,Watches,Watches,37321.jpg,Watches,Watches,0.9999995,OK
7857,Proline Men Black T-shirt,Tshirts,Topwear,7857.jpg,Topwear,Topwear,0.9997296,OK
11432,United Colors of Benetton Women Winter Purple Top,Tops,Topwear,11432.jpg,Topwear,Topwear,0.9920759,OK
23502,Lotto Men Brown Revorb Sandals,Sandals,Sandal,23502.jpg,Sandal,Sandal,0.9555419,OK
54007,Kiara Women Grey Handbag,Handbags,Bags,54007.jpg,Bags,Bags,0.9999881,OK
22072,Vishudh Women Printed Green Kurta,Kurtas,Topwear,22072.jpg,Topwear,Topwear,0.99999464,OK
24776,Nike Men Obs T-Lite 9 Sl Bronze Sports Shoes,Sports Shoes,Shoes,24776.jpg,Shoes,Shoes,0.9999721,OK
23864,ADIDAS Men White Ambition Sports Shoes,Sports Shoes,Shoes,23864.jpg,Shoes,Shoes,0.99996984,OK
34883,Envirosax Women Multi Coloured Bag,Handbags,Bags,34883.jpg,Bags,Bags,0.38202482,OK
5752,Reebok Men's Winning Stride White Shoe,Sports Shoes,Shoes,5752.jpg,Shoes,Shoes,0.99997437,OK
6640,Nike Women Air Max Turbulence Grey Pink Shoe,Sports Shoes,Shoes,6640.jpg,Shoes,Shoes,0.98400927,OK
6339,Converse Unisex Skull Print Hi Red Shoe,Casual Shoes,Shoes,6339.jpg,Shoes,Shoes,0.99999774,OK
4874,Levis Kids Boy's Davis Red Polo Tshirt,Tshirts,Topwear,4874.jpg,Topwear,Topwear,0.9804381,OK
54699,Shree Women Blue and White Printed Kurta,Kurtas,Topwear,54699.jpg,Topwear,Topwear,0.999801,OK
10362,United Colors of Benetton Women Purple Polo T-shirt,Tshirts,Topwear,10362.jpg,Topwear,Topwear,0.99998546,OK
24074,Catwalk Women Beige Shoes,Flats,Shoes,24074.jpg,Shoes,Shoes,0.9997297,OK
10756,Disney Kids Welding Red Casual Shoes,Casual Shoes,Shoes,10756.jpg,Shoes,Sandal,0.94057536,ONE MODEL DISAGREES
14950,Status Quo Men Stripes Purple Tshirts,Tshirts,Topwear,14950.jpg,Topwear,Topwear,0.9999858,OK
47292,Baggit Women Purple Handbag,Handbags,Bags,47292.jpg,Bags,Bags,0.99882716,OK
41038,Nautica Men Brown Dial Watch,Watches,Watches,41038.jpg,Watches,Watches,1.0,OK
22482,Timberland Men Navy Blue Rugby T-Shirt,Tshirts,Topwear,22482.jpg,Topwear,Topwear,0.9996152,OK
23975,Peter England Men Brown Striped Shirt,Shirts,Topwear,23975.jpg,Topwear,Topwear,0.9995278,OK
43324,United Colors of Benetton Women White T-shirt,Tshirts,Topwear,43324.jpg,Topwear,Topwear,0.99998343,OK
10185,Indigo Nation Men Price catch White Shirts,Shirts,Topwear,10185.jpg,Topwear,Topwear,0.999913,OK
50587,Chromozome Men Grey Briefs,Briefs,Innerwear,50587.jpg,Innerwear,Innerwear,0.99998057,OK
59036,Carlton London Women Gold Toned Flats,Flats,Shoes,59036.jpg,Shoes,Shoes,0.92843807,OK
20672,Classic Polo Men Striped Pink Tshirt,Tshirts,Topwear,20672.jpg,Topwear,Topwear,0.9999976,OK
18991,ADIDAS Originals Men Grinball Black Tshirt,Tshirts,Topwear,18991.jpg,Topwear,Topwear,0.9991899,OK
57241,Murcia Women Blue Handbag,Handbags,Bags,57241.jpg,Bags,Bags,0.9999969,OK
44813,Spykar Women Navy Blue T-Shirt,Tshirts,Topwear,44813.jpg,Topwear,Topwear,0.9997838,OK
5022,Levis Kids Boy's Calcio Grey Blue Kidswear,Shirts,Topwear,5022.jpg,Topwear,Topwear,0.99999964,OK
34622,Aspen Women White Dial Watch,Watches,Watches,34622.jpg,Watches,Watches,1.0,OK
37304,Casio Youth Series Men Analog-Digital Watch AW-80V-5BVDFAD125,Watches,Watches,37304.jpg,Watches,Watches,1.0,OK
42520,Mother Earth Men Maroon Shirt,Shirts,Topwear,42520.jpg,Topwear,Topwear,0.975713,OK
19481,Quiksilver Men Striped Black Shorts,Shorts,Bottomwear,19481.jpg,Bottomwear,Bottomwear,0.8719069,OK
25909,Femella Women Pink Leggings,Leggings,Bottomwear,25909.jpg,Bottomwear,Bottomwear,0.9999931,OK
19135,Lotto Men Riot Black Sandals,Sandals,Sandal,19135.jpg,Sandal,Sandal,0.98659015,OK
35165,Coolers Men Black Sandals,Sandals,Sandal,35165.jpg,Sandal,Sandal,0.9996996,OK
45785,Senorita Women Black Sandals,Flats,Shoes,45785.jpg,Shoes,Shoes,0.98089534,OK
42880,French Connection Women Orange Sling Bag,Handbags,Bags,42880.jpg,Bags,Bags,1.0,OK
14776,Arrow Men Stripes Blue Shirts,Shirts,Topwear,14776.jpg,Topwear,Topwear,0.9998796,OK
13681,ADIDAS Women Furano 3 Sports Shoes,Sports Shoes,Shoes,13681.jpg,Shoes,Shoes,0.99998236,OK
6903,Tantra Women's Mudra Cream T-shirt,Tshirts,Topwear,6903.jpg,Topwear,Topwear,0.99926215,OK
45349,Cobblerz Women Pink Sandals,Heels,Shoes,45349.jpg,Shoes,Shoes,0.99998546,OK
16787,ADIDAS Unisex Digital Grey Watch,Watches,Watches,16787.jpg,Watches,Watches,0.9999995,OK
22011,Murcia Women Casual Blue Handbag,Handbags,Bags,22011.jpg,Bags,Bags,1.0,OK
9455,John Miller Men Red Striped Shirt,Shirts,Topwear,9455.jpg,Topwear,Topwear,0.9645668,OK
27348,Tantra Women 3G White T-shirt,Tshirts,Topwear,27348.jpg,Topwear,Topwear,0.99987125,OK
11128,Urban Yoga Men Solid Beige Track Pants,Track Pants,Bottomwear,11128.jpg,Bottomwear,Bottomwear,0.9999995,OK
29967,Cat Men Copper Sunglasses,Sunglasses,Eyewear,29967.jpg,Eyewear,Eyewear,1.0,OK
8448,Jealous 21 Women about my style Purple Top,Tops,Topwear,8448.jpg,Topwear,Topwear,0.9999963,OK
30745,Fabindia Men Beige Ajrakh Kurta,Kurtas,Topwear,30745.jpg,Topwear,Topwear,0.9997236,OK
7265,Scullers Men's Scul White T-shirt,Tshirts,Topwear,7265.jpg,Topwear,Topwear,0.9998022,OK
20858,United Colors of Benetton Women Casual Olive Sunglasses,Sunglasses,Eyewear,20858.jpg,Eyewear,Eyewear,0.9999995,OK
4542,Nike Men's Total90 Exact White Shoe,Sports Shoes,Shoes,4542.jpg,Shoes,Shoes,0.99908197,OK
49768,Alma Women Maroon Kurta,Kurtas,Topwear,49768.jpg,Topwear,Topwear,0.9999846,OK
26177,Rocia Women Silver Casual Sandals,Flats,Shoes,26177.jpg,Shoes,Shoes,0.99855286,OK
32543,Playboy Women Play It Spicy Deo,Deodorant,Fragrance,32543.jpg,Fragrance,Fragrance,0.9999666,OK
38522,Puma Men White Surge Casual Shoes,Casual Shoes,Shoes,38522.jpg,Shoes,Shoes,0.9991461,OK
6733,Puma Unisex Scrunch Red Shoe,Casual Shoes,Shoes,6733.jpg,Shoes,Shoes,0.9992174,OK
45939,Maxima Men White Dial Watch,Watches,Watches,45939.jpg,Watches,Watches,0.9999511,OK
20523,Baggit Women Hail Taj Teal Handbag,Handbags,Bags,20523.jpg,Bags,Bags,0.99999726,OK
21169,s.Oliver Women Blue Printed Top,Tops,Topwear,21169.jpg,Topwear,Topwear,0.9930333,OK
31277,Puma Men Spike Graphic White T-shirt,Tshirts,Topwear,31277.jpg,Topwear,Topwear,0.98895174,OK
34927,Fabindia Brown Dupatta,Dupatta,Topwear,34927.jpg,Topwear,Topwear,0.9999708,OK
41754,Doodle Boys Printed White T-shirt,Tshirts,Topwear,41754.jpg,Topwear,Topwear,0.9579144,OK
1757,Lotto Men Polo Slate Black Rugby T-shirt,Tshirts,Topwear,1757.jpg,Topwear,Topwear,0.9990232,OK
34510,ADIDAS Women Feather Black & Blue Sandals,Sports Sandals,Sandal,34510.jpg,Sandal,Sandal,0.998185,OK
56718,Folklore Women Navy Blue Kurta,Kurtas,Topwear,56718.jpg,Topwear,Topwear,0.99719054,OK
9458,John Miller Men Red white Red Shirts,Shirts,Topwear,9458.jpg,Topwear,Topwear,0.999824,OK
4590,Wildcraft Unisex Red Backpack,Backpacks,Bags,4590.jpg,Bags,Bags,1.0,OK
30868,Fabindia Women Off White Kurta,Kurtas,Topwear,30868.jpg,Topwear,Topwear,0.99981815,OK
28740,W Women Printed White Top,Tops,Topwear,28740.jpg,Topwear,Topwear,0.9999918,OK
53393,Alma Women Printed Beige Kurta,Kurtas,Topwear,53393.jpg,Topwear,Topwear,0.9999999,OK
7790,Proline Men Olive Green Polo T-shirt,Tshirts,Topwear,7790.jpg,Topwear,Topwear,0.99894136,OK
25399,Lino Perros Women Leatherette Black Handbag,Handbags,Bags,25399.jpg,Bags,Bags,1.0,OK
18795,Peter England Unisex Casual Beige Bag,Laptop Bag,Bags,18795.jpg,Bags,Bags,0.99999535,OK
7685,Puma Men's Alonso Lifestyle Black T-shirt,Tshirts,Topwear,7685.jpg,Topwear,Topwear,0.9996762,OK
26525,Gas Men Passtime Blue Casual Shoes,Casual Shoes,Shoes,26525.jpg,Shoes,Shoes,0.9920739,OK
52176,Lencia Sterling Silver Ring,Ring,Jewellery,52176.jpg,Jewellery,Jewellery,0.88709056,OK
12386,Reid & Taylor Men Stripes Red Shirts,Shirts,Topwear,12386.jpg,Topwear,Bags,0.8881828,ONE MODEL DISAGREES
15373,Urban Yoga Women Solid Purple Tops,Tops,Topwear,15373.jpg,Topwear,Topwear,0.99999964,OK
28465,Urban Yoga Women Printed Pink T-shirt,Tshirts,Topwear,28465.jpg,Topwear,Topwear,0.99999917,OK
16613,Genesis Men Stripes Grey Trouser,Trousers,Bottomwear,16613.jpg,Bottomwear,Bottomwear,0.99999547,OK
51543,Fastrack Women Black Dial Watch,Watches,Watches,51543.jpg,Watches,Watches,0.9999999,OK
17021,Rocia Women Casual Black Sandal,Flats,Shoes,17021.jpg,Sandal,Shoes,0.9999937,ONE MODEL DISAGREES
40023,ADIDAS Men Black T-shirt,Tshirts,Topwear,40023.jpg,Topwear,Topwear,0.9998622,OK
3527,Myntra Men's I'm Smiling Because Black T-shirt,Tshirts,Topwear,3527.jpg,Topwear,Topwear,0.9999826,OK
9064,Mark Taylor Men Blue Striped Shirt,Shirts,Topwear,9064.jpg,Topwear,Topwear,0.9997707,OK
10508,Flying Machine Women RN SL Black Top,Tops,Topwear,10508.jpg,Topwear,Topwear,0.99945587,OK
51435,Myntra Women Pink Top,Shirts,Topwear,51435.jpg,Topwear,Topwear,0.99999547,OK
35660,U.S. Polo Assn. Men Black Shoes,Casual Shoes,Shoes,35660.jpg,Shoes,Shoes,0.999841,OK
7818,Proline Men Navy Striped Polo T-shirt,Tshirts,Topwear,7818.jpg,Topwear,Topwear,0.9771867,OK
53468,Amante Confidence Nude-Coloured Balconette Bra BCMW11,Bra,Innerwear,53468.jpg,Innerwear,Innerwear,0.9995695,OK
23566,Boss Men Pure Perfume,Perfume and Body Mist,Fragrance,23566.jpg,Fragrance,Fragrance,0.9915656,OK
3689,Lotto Men's Melbourne White Gravity Shoe,Sports Shoes,Shoes,3689.jpg,Shoes,Shoes,0.9977956,OK
26294,Proline Men Blue Striped Polo T-shirt,Tshirts,Topwear,26294.jpg,Topwear,Topwear,0.9999522,OK
5925,ADIDAS Men's Terrace Brown Shoe,Casual Shoes,Shoes,5925.jpg,Shoes,Shoes,0.99998677,OK
48230,United Colors of Benetton Men Black Sunglasses,Sunglasses,Eyewear,48230.jpg,Eyewear,Eyewear,0.998078,OK
5321,Fila Men's Retro Red Casual Shoe,Casual Shoes,Shoes,5321.jpg,Shoes,Shoes,0.99994385,OK
20679,Buckaroo Men Eva Black Casual Shoes,Casual Shoes,Shoes,20679.jpg,Shoes,Shoes,0.99983764,OK
43520,French Connection Women Navy Blue Skirt,Skirts,Bottomwear,43520.jpg,Bottomwear,Bottomwear,0.9991943,OK
28613,Nike Men Air Max Tailwind Grey Sports Shoes,Sports Shoes,Shoes,28613.jpg,Shoes,Shoes,0.99997985,OK
21913,BIBA Women Printed Red Kurta,Kurtas,Topwear,21913.jpg,Topwear,Topwear,0.99345523,OK
45760,Lomani Men Desired Deo,Deodorant,Fragrance,45760.jpg,Fragrance,Fragrance,0.9999993,OK
37725,John Players Men Yellow Check Shirt,Shirts,Topwear,37725.jpg,Topwear,Topwear,0.99999726,OK
47639,Carlton London Women Yellow Peep Toes,Heels,Shoes,47639.jpg,Shoes,Shoes,0.99998355,OK
10672,Doodle Girls Little song board Purple Tops,Tops,Topwear,10672.jpg,Topwear,Topwear,0.9999989,OK
29456,Giordano Men White Dial Watch,Watches,Watches,29456.jpg,Watches,Watches,1.0,OK
30649,Nike Women Striped Purple T-shirt,Tshirts,Topwear,30649.jpg,Topwear,Topwear,0.99997234,OK
18672,Fila Men Survivor Grey Sports Shoes,Sports Shoes,Shoes,18672.jpg,Shoes,Shoes,0.99996734,OK
18490,Puma Women Vogue Black Shoes,Casual Shoes,Shoes,18490.jpg,Shoes,Sandal,0.8121034,ONE MODEL DISAGREES
16865,Idee Women Funky Eyewear Black Sunglasses,Sunglasses,Eyewear,16865.jpg,Eyewear,Eyewear,0.9999989,OK
46290,ADIDAS Men Black Hangkok Sports Shoes,Sports Shoes,Shoes,46290.jpg,Shoes,Shoes,0.9999906,OK
37610,Madagascar3 Girls Pink Printed T-Shirt,Tshirts,Topwear,37610.jpg,Topwear,Topwear,0.99974376,OK
22274,Inc. 5 Women Casual Pink Flats,Heels,Shoes,22274.jpg,Shoes,Shoes,0.99873227,OK
37244,United Colors of Benetton Men Camel Shoes,Casual Shoes,Shoes,37244.jpg,Shoes,Shoes,0.9999232,OK
26880,Jealous 21 Women Printed White T-shirt,Tshirts,Topwear,26880.jpg,Topwear,Topwear,0.99997973,OK
19295,Guess Women Hopscotch Steel Watch,Watches,Watches,19295.jpg,Watches,Watches,0.95385444,OK
9035,Buckaroo Men Amigo Green Casual Shoes,Casual Shoes,Shoes,9035.jpg,Shoes,Shoes,0.99946564,OK
16845,Idee Women Funky Eyewear Purple Sunglasses,Sunglasses,Eyewear,16845.jpg,Eyewear,Eyewear,0.9999696,OK
13379,Timberland Unisex Infant Grey Casual Shoes,Casual Shoes,Shoes,13379.jpg,Shoes,Shoes,0.99550545,OK
2474,Nike Men's Dual Fusion Black Shoe,Sports Shoes,Shoes,2474.jpg,Shoes,Shoes,0.9998035,OK
11469,United Colors of Benetton Men Light Winter Green Tshirts,Tshirts,Topwear,11469.jpg,Topwear,Topwear,0.9997402,OK
57379,Amante Women Cream-Coloured Briefs PFCL06,Briefs,Innerwear,57379.jpg,Innerwear,Innerwear,0.9985374,OK
25520,Doodle Kids Girls City Chic White Top,Tops,Topwear,25520.jpg,Topwear,Topwear,0.9989084,OK
33716,Pieces Women Black Handbag,Handbags,Bags,33716.jpg,Bags,Bags,1.0,OK
34852,Vans Unisex Classic Slip-On Black Shoes,Casual Shoes,Shoes,34852.jpg,Shoes,Shoes,0.99989176,OK
8990,Puma Unisex Puma Evo White Casual Shoes,Casual Shoes,Shoes,8990.jpg,Shoes,Shoes,0.99999845,OK
23277,Maxima Ssteele Men Blue Watch,Watches,Watches,23277.jpg,Watches,Watches,1.0,OK
25880,American Tourister Unisex Black Backpack,Backpacks,Bags,25880.jpg,Bags,Bags,0.99999976,OK
10189,Indigo Nation Men Hot Stepper Blue Shirts,Shirts,Topwear,10189.jpg,Topwear,Topwear,0.99999595,OK
57355,Amante Black Full-Coverage Bra BGSK01,Bra,Innerwear,57355.jpg,Innerwear,Innerwear,0.9999455,OK
33648,Lotto Men Ridge Brown Sandals,Sandals,Sandal,33648.jpg,Sandal,Sandal,0.9957082,OK
57009,HM Women Yellow Sandals,Flats,Shoes,57009.jpg,Shoes,Shoes,0.99945575,OK
1983,ADIDAS Women Graphic Blue T-shirt,Tshirts,Topwear,1983.jpg,Topwear,Topwear,0.99998415,OK
34198,Proline Men Blue Striped Polo T-shirt,Tshirts,Topwear,34198.jpg,Topwear,Topwear,0.99999976,OK
52318,ToniQ Women Black Wooden Bangle,Bangle,Jewellery,52318.jpg,Jewellery,Jewellery,0.63517344,OK
40080,ADIDAS Men Blue T-shirt,Tshirts,Topwear,40080.jpg,Topwear,Topwear,0.99987817,OK
32850,Grendha Women Romance Grey Flats,Heels,Shoes,32850.jpg,Shoes,Shoes,0.9758775,OK
11098,Scullers Women Solid Purple Leggings,Leggings,Bottomwear,11098.jpg,Bottomwear,Bottomwear,0.99999845,OK
27906,Scullers For Her Beige Trousers,Trousers,Bottomwear,27906.jpg,Bottomwear,Bottomwear,0.99944884,OK
9260,Mark Taylor Men Blue Striped Shirt,Shirts,Topwear,9260.jpg,Topwear,Topwear,0.9999869,OK
17331,Pepe Jeans Men Casual Sunglasses,Sunglasses,Eyewear,17331.jpg,Eyewear,Eyewear,0.999997,OK
22645,Wildcraft Unisex Grey Duffle Bag,Duffel Bag,Bags,22645.jpg,Bags,Bags,0.9999981,OK
14001,Nike Men Solid Navy Blue Jerseys,Tshirts,Topwear,14001.jpg,Topwear,Topwear,0.9994916,OK
34550,Puma Women Dizzy Shopper Multi Colour Handbag,Handbags,Bags,34550.jpg,Bags,Bags,0.9974291,OK
10867,Wrangler Men Navy Blue Tough Service Navy T-shirt,Tshirts,Topwear,10867.jpg,Topwear,Topwear,0.9998423,OK
3694,Lotto Men's Dynamo Green Canvas Shoe,Casual Shoes,Shoes,3694.jpg,Shoes,Shoes,0.99321884,OK
11780,Lee Men Printed Grey Tshirts,Tshirts,Topwear,11780.jpg,Topwear,Topwear,0.9997565,OK
24080,Catwalk Women Beige Sandals,Heels,Shoes,24080.jpg,Shoes,Sandal,0.52882,ONE MODEL DISAGREES
12725,ADIDAS Men Anzo Breeze Brown Casual Shoes,Casual Shoes,Shoes,12725.jpg,Shoes,Shoes,0.99603385,OK
9032,Buckaroo Men Diana Black Casual Shoes,Casual Shoes,Shoes,9032.jpg,Shoes,Shoes,0.9991399,OK
28536,Nike Men Relay Red T-shirt,Tshirts,Topwear,28536.jpg,Topwear,Topwear,0.9998704,OK
25298,Lino Perros Women Sporty Black Handbag,Handbags,Bags,25298.jpg,Bags,Bags,0.9993286,OK
2323,Reebok Men Club Stripe White Polo T-shirt,Tshirts,Topwear,2323.jpg,Topwear,Topwear,0.9882487,OK
2061,Lee Men's Progress Marches On T-shirt,Tshirts,Topwear,2061.jpg,Topwear,Topwear,0.99866927,OK
13653,ADIDAS Brown Agora Lea Casual Shoe,Casual Shoes,Shoes,13653.jpg,Shoes,Shoes,0.9995395,OK
15793,Facit Men Navy Blue Comfort Briefs,Briefs,Innerwear,15793.jpg,Innerwear,Innerwear,0.9998772,OK
51333,Wildcraft Men Beige Wind Cheater Jackets,Jackets,Topwear,51333.jpg,Topwear,Topwear,0.99999106,OK
21966,Murcia Women Casual Navy Blue Handbag,Handbags,Bags,21966.jpg,Bags,Bags,0.9999994,OK
39642,Lotto Men White Shoes,Casual Shoes,Shoes,39642.jpg,Shoes,Shoes,0.9999733,OK
10708,Nike Men Logo T-shirt Black Tshirts,Tshirts,Topwear,10708.jpg,Topwear,Topwear,0.9995503,OK
2691,Disney Kids Boy's Mickey Blue Denim Kidswear,Shorts,Bottomwear,2691.jpg,Topwear,Bottomwear,0.9994373,ONE MODEL DISAGREES
21289,Allen Solly Women Sunglasses AS205-C2,Sunglasses,Eyewear,21289.jpg,Eyewear,Eyewear,0.9999927,OK
50994,Enamor Black Smooth Bra,Bra,Innerwear,50994.jpg,Innerwear,Innerwear,0.9962059,OK
53872,Puma Women Speeder Ind White Sports Shoes,Sports Shoes,Shoes,53872.jpg,Shoes,Shoes,0.9904309,OK
1972,Kalenji Mens White T-shirt,Tshirts,Topwear,1972.jpg,Topwear,Topwear,0.98951775,OK
13898,Nike Men Ballista Sl White Sports Shoes,Sports Shoes,Shoes,13898.jpg,Shoes,Shoes,0.999998,OK
45802,Senorita Women Black Flats,Heels,Shoes,45802.jpg,Shoes,Shoes,0.9947148,OK
12344,Reid & Taylor Men Solid Beige Trousers,Trousers,Bottomwear,12344.jpg,Bottomwear,Bottomwear,0.9708246,OK
47294,Baggit Women Purple Bag,Handbags,Bags,47294.jpg,Bags,Bags,0.99993277,OK
34457,Rocia Women Beige Wedges,Heels,Shoes,34457.jpg,Shoes,Shoes,0.99987495,OK
41349,Wrangler Men Blue Skanders Jeans,Jeans,Bottomwear,41349.jpg,Bottomwear,Bottomwear,0.999915,OK
47527,Facit Men White Brief,Briefs,Innerwear,47527.jpg,Innerwear,Innerwear,0.99961287,OK
5933,ADIDAS Men's Terrace Casual Low White Shoe,Casual Shoes,Shoes,5933.jpg,Shoes,Shoes,0.9999989,OK
7056,Nike Unisex Trng Max Black Backpack,Backpacks,Bags,7056.jpg,Bags,Bags,1.0,OK
33066,U.S. Polo Assn. Denim Co. Men Red Check Shirt,Shirts,Topwear,33066.jpg,Topwear,Topwear,0.999998,OK
46501,Timex Men Black Dial Watch,Watches,Watches,46501.jpg,Watches,Watches,0.99998343,OK
31328,Franco Leone Men Brown Formal Shoes,Formal Shoes,Shoes,31328.jpg,Shoes,Shoes,0.9983096,OK
26473,Puma Men Graphic Print Grey T-shirt,Tshirts,Topwear,26473.jpg,Topwear,Topwear,0.88164485,OK
58528,Miami Blues Unisex Sunglasses,Sunglasses,Eyewear,58528.jpg,Eyewear,Eyewear,1.0,OK
34890,Envirosax Women Navy Blue Bag,Handbags,Bags,34890.jpg,Bags,Bags,0.9961255,OK
49629,Mineral Women White Top,Tops,Topwear,49629.jpg,Topwear,Topwear,0.9998197,OK
59752,Avirate Cream Brief,Briefs,Innerwear,59752.jpg,Innerwear,Innerwear,0.99968207,OK
2057,Lee Men's Saddle Storm T-shirt,Tshirts,Topwear,2057.jpg,Topwear,Topwear,0.9999511,OK
27078,Catwalk Women Black Heels,Heels,Shoes,27078.jpg,Shoes,Sandal,0.8579367,ONE MODEL DISAGREES
32118,Playboy Men Jack Green Brief,Briefs,Innerwear,32118.jpg,Innerwear,Innerwear,0.99999535,OK
40606,Span Women Purple Kurta,Kurtas,Topwear,40606.jpg,Topwear,Topwear,0.9999976,OK
27953,Jockey SP-IW Men White Briefs SP01,Briefs,Innerwear,27953.jpg,Innerwear,Innerwear,0.9999416,OK
1799,Domyos Men Blue & White Tracksuit,Track Pants,Bottomwear,1799.jpg,Bottomwear,Bottomwear,0.8450109,OK
53432,ADIDAS Men Navy Blue Jersey,Tshirts,Topwear,53432.jpg,Topwear,Topwear,0.9999498,OK
20860,United Colors of Benetton Women Casual Sunglasses,Sunglasses,Eyewear,20860.jpg,Eyewear,Eyewear,0.99999976,OK
3901,Disney Kids Girl's Pooh Denim Blue Skirt,Skirts,Bottomwear,3901.jpg,Bottomwear,Bottomwear,0.7958024,OK
46608,Catwalk Women Silver Heels,Heels,Shoes,46608.jpg,Shoes,Shoes,0.9998301,OK
58187,Rocky S Women Peach Handbag,Handbags,Bags,58187.jpg,Bags,Bags,0.9999944,OK
53793,Puma Men Black Ferrari T-shirt,Tshirts,Topwear,53793.jpg,Topwear,Topwear,0.99957424,OK
43950,Catwalk Women Beige Shoes,Flats,Shoes,43950.jpg,Shoes,Shoes,0.9998816,OK
38545,Puma Unisex Grey Suede Archive Eco Shoes,Casual Shoes,Shoes,38545.jpg,Shoes,Shoes,0.9993074,OK
6675,Nike Men's Free White Grey Shoe,Sports Shoes,Shoes,6675.jpg,Shoes,Shoes,0.99958414,OK
6642,Nike Men's Air Max Lte White Blue Shoe,Sports Shoes,Shoes,6642.jpg,Shoes,Shoes,0.999926,OK
53850,Vishudh Women Turquoise Blue Printed Kurta,Kurtas,Topwear,53850.jpg,Topwear,Topwear,0.9999999,OK
58281,Baggit Women Olive Sling Bag,Handbags,Bags,58281.jpg,Bags,Bags,0.9994306,OK
6541,Nike Unisex Fundamen Red Backpack,Backpacks,Bags,6541.jpg,Bags,Bags,0.99999523,OK
54664,Fastrack Men Silver Dial Watch,Watches,Watches,54664.jpg,Watches,Watches,1.0,OK
16813,Locomotive Men Check Navy Blue Shirt,Shirts,Topwear,16813.jpg,Topwear,Topwear,0.9999862,OK
2240,ADIDAS Men Crew Blue T-shirt,Tshirts,Topwear,2240.jpg,Topwear,Topwear,0.999997,OK
20419,Baggit Women Frankie Slub Blue Handbag,Handbags,Bags,20419.jpg,Bags,Bags,1.0,OK
15079,Mother Earth Women Printed Green Tunics,Tunics,Topwear,15079.jpg,Topwear,Topwear,0.9999975,OK
11519,Catwalk Women Bronze Brown Heels,Heels,Shoes,11519.jpg,Shoes,Shoes,0.9997092,OK
7332,Red Tape Men's Grey Black Shoe,Casual Shoes,Shoes,7332.jpg,Shoes,Shoes,0.9999068,OK
41998,Gini and Jony Girls Pretty Blossom Blue Top,Tops,Topwear,41998.jpg,Topwear,Topwear,0.9962297,OK
21322,Louis Philippe Men Sunglasses LP045-C3,Sunglasses,Eyewear,21322.jpg,Eyewear,Eyewear,0.9999995,OK
7216,Rockport Men's Evander Brown Shoe,Formal Shoes,Shoes,7216.jpg,Shoes,Shoes,0.9930692,OK
8620,Fastrack Men Beach Sunglasses,Sunglasses,Eyewear,8620.jpg,Eyewear,Eyewear,1.0,OK
4514,Puma Men's Tarun White Navy Silver Red Shoe,Sports Shoes,Shoes,4514.jpg,Shoes,Shoes,0.9999752,OK
56338,Fastrack Men Steel Watch,Watches,Watches,56338.jpg,Watches,Watches,1.0,OK
27006,Jealous 21 Women Washed Navy Blue Jeggings,Jeans,Bottomwear,27006.jpg,Bottomwear,Bottomwear,0.9999995,OK
9799,Scullers For Her Women Scullers Top Magenta Tops,Tops,Topwear,9799.jpg,Topwear,Topwear,0.9999969,OK
41346,Wrangler Men Navy Blue Texas Jeans,Jeans,Bottomwear,41346.jpg,Bottomwear,Bottomwear,0.9999441,OK
29410,Giordano Men Black Dial Watch,Watches,Watches,29410.jpg,Watches,Watches,0.9999999,OK
51921,Nyk Women Off White Albedo Handbag,Handbags,Bags,51921.jpg,Bags,Bags,1.0,OK
58565,Puma Men Black T-shirt,Tshirts,Topwear,58565.jpg,Topwear,Topwear,0.9740244,OK
21339,Pal Zileri Men Casual Metalic Frame Sunglasses,Sunglasses,Eyewear,21339.jpg,Eyewear,Eyewear,0.99997556,OK
4222,Probase Men's 8 Brown T-shirt,Tshirts,Topwear,4222.jpg,Topwear,Topwear,0.999987,OK
8124,Fastrack Women Core Analog Steel White Watch,Watches,Watches,8124.jpg,Watches,Watches,0.9999994,OK
57983,Latin Quarters Women Black & White Top,Tops,Topwear,57983.jpg,Topwear,Topwear,0.9999925,OK
59677,Avirate Black & White  Brief,Briefs,Innerwear,59677.jpg,Innerwear,Innerwear,0.99935013,OK
44385,Spinz Women Hip-Hop Deo,Deodorant,Fragrance,44385.jpg,Fragrance,Fragrance,0.9999213,OK
16875,Idee Women Funky Eyewear Black Sunglasses,Sunglasses,Eyewear,16875.jpg,Eyewear,Eyewear,0.9999987,OK
2939,DUSG Women's Play Lady Organic Blue T-shirt,Tshirts,Topwear,2939.jpg,Topwear,Topwear,0.99999976,OK
44579,Lee Men Blue Pent Jeans,Jeans,Bottomwear,44579.jpg,Bottomwear,Bottomwear,0.999984,OK
48981,Lucera Women Silver Ring,Ring,Jewellery,48981.jpg,Jewellery,Jewellery,0.99997854,OK
41668,Catwalk Women Silver Heels,Heels,Shoes,41668.jpg,Shoes,Shoes,0.99976426,OK
8720,Indigo Nation Men Stripes Green Shirts,Shirts,Topwear,8720.jpg,Topwear,Topwear,0.9998055,OK
10886,Wrangler Men Cream Mark Your Territory T-shirt,Tshirts,Topwear,10886.jpg,Topwear,Topwear,0.99970067,OK
27110,Aneri Women Rani Pink Kurta,Kurtas,Topwear,27110.jpg,Topwear,Topwear,1.0,OK
46674,Rasasi Women Pack of 3 Perfumes,Perfume and Body Mist,Fragrance,46674.jpg,Fragrance,Fragrance,0.9999789,OK
20959,Fastrack Men Polyester Black Backpack,Backpacks,Bags,20959.jpg,Bags,Bags,0.9738558,OK
15792,Facit Men Mid- Rise BF Navy Blue Briefs,Briefs,Innerwear,15792.jpg,Innerwear,Innerwear,0.9997689,OK
28700,W Women Printed Peach Kurta,Kurtas,Topwear,28700.jpg,Topwear,Topwear,0.9998504,OK
18269,Aneri Women Monalisa Black Tunic,Tunics,Topwear,18269.jpg,Topwear,Topwear,0.9993462,OK
48424,French Connection Men White Printed T-shirt,Tshirts,Topwear,48424.jpg,Topwear,Topwear,0.999746,OK
32566,ONLY Women Smock Peach Top,Tops,Topwear,32566.jpg,Topwear,Topwear,0.9999751,OK
9106,Forever New Women Brown Top,Tops,Topwear,9106.jpg,Topwear,Topwear,0.99999917,OK
33882,Citizen Men Black Dial Eco-Drive Watch,Watches,Watches,33882.jpg,Watches,Watches,1.0,OK
8782,Indigo Nation Men Bling PC Purple Shirts,Shirts,Topwear,8782.jpg,Topwear,Topwear,0.9998111,OK
27701,Murcia Women Brown Handbag,Handbags,Bags,27701.jpg,Bags,Bags,0.9999987,OK
28726,W Women Printed Beige Kurta,Kurtas,Topwear,28726.jpg,Topwear,Topwear,0.9998833,OK
2241,ADIDAS Men Green T-shirt,Tshirts,Topwear,2241.jpg,Topwear,Topwear,0.99998283,OK
16798,Highlander Men Solid Black Trouser,Trousers,Bottomwear,16798.jpg,Bottomwear,Bottomwear,0.99999785,OK
9546,Nike Men As Elite Ultimate Ss Training Purple T-Shirts,Tshirts,Topwear,9546.jpg,Topwear,Topwear,0.99993217,OK
19583,United Colors of Benetton Men Stripes Black Tshirt,Tshirts,Topwear,19583.jpg,Topwear,Topwear,0.8899029,OK
36901,Fossil Men Black Dial Chronograph Watch FS4642,Watches,Watches,36901.jpg,Watches,Watches,1.0,OK
47503,Facit Men Green Innerwear Vest,Innerwear Vests,Innerwear,47503.jpg,Innerwear,Topwear,0.9961874,ONE MODEL DISAGREES
20962,Fastrack Brown Sling Bag,Handbags,Bags,20962.jpg,Bags,Bags,0.9999279,OK
16942,Image Women Classic Eyewear Purple  Sunglasses,Sunglasses,Eyewear,16942.jpg,Eyewear,Eyewear,0.99999547,OK
36615,Catwalk Women Blue Wedges,Heels,Shoes,36615.jpg,Shoes,Shoes,0.997182,OK
54611,Jockey ELANCE Men Red Briefs 1009,Briefs,Innerwear,54611.jpg,Innerwear,Innerwear,0.99830014,OK
57353,Amante Grey Full-Coverage T-shirt Bra BGSI01,Bra,Innerwear,57353.jpg,Innerwear,Innerwear,0.99997663,OK
45119,Casio Enticer Men Silver Analogue Watch MTP-1243D-2AVDF(A217),Watches,Watches,45119.jpg,Watches,Watches,0.9999999,OK
31466,Nike Men Cricket White Jersey,Tshirts,Topwear,31466.jpg,Topwear,Topwear,0.99964154,OK
25789,Arrow Men Black/Beige Suspenders,Suspenders,Topwear,25789.jpg,Topwear,Topwear,0.9819318,OK
5504,Mr.Men Men's Mischief Chilly Pepper T-shirt,Tshirts,Topwear,5504.jpg,Topwear,Topwear,0.99994683,OK
4465,Disney Boy's Marked Red Teen Kidswear,Tshirts,Topwear,4465.jpg,Topwear,Topwear,0.99996984,OK
2722,Disney Kids Boy's Denim Mickey Surf Kidswear,Shorts,Bottomwear,2722.jpg,Topwear,Bottomwear,0.9999186,ONE MODEL DISAGREES
17534,Mark Taylor Men Solid Blue Shirt,Shirts,Topwear,17534.jpg,Topwear,Topwear,0.9999932,OK
28230,Playboy Men Ibiza Deo,Deodorant,Fragrance,28230.jpg,Fragrance,Fragrance,0.9999974,OK
6775,Timberland Men's Tipped Pique Polo Black T-shirt,Tshirts,Topwear,6775.jpg,Topwear,Topwear,0.9999889,OK
46624,Rasasi Men Emotion Deo and Perfume Set,Deodorant,Fragrance,46624.jpg,Fragrance,Fragrance,0.99992573,OK
7307,UCB Women Sleeveless White Top,Tops,Topwear,7307.jpg,Topwear,Topwear,0.9867523,OK
10114,Reebok Unisex Black Sports Sandals,Sports Sandals,Sandal,10114.jpg,Sandal,Sandal,0.98550385,OK
44750,Globalite Men Black Tracker Shoes,Casual Shoes,Shoes,44750.jpg,Shoes,Shoes,0.9997867,OK
38014,Q&Q Men Black Watch,Watches,Watches,38014.jpg,Watches,Watches,0.99999523,OK
29931,Police Women White Dial Watch PL12895LS-04M,Watches,Watches,29931.jpg,Watches,Watches,0.9999999,OK
47220,Franco Leone Men Brown Formal Shoes,Formal Shoes,Shoes,47220.jpg,Shoes,Shoes,0.99834764,OK
7090,Wildcraft Unisex Blue Backpack,Backpacks,Bags,7090.jpg,Bags,Bags,1.0,OK
47592,Portia Women White Flats,Heels,Shoes,47592.jpg,Shoes,Shoes,0.9969302,OK
54523,F Sports Men White Voyager Sports Shoes,Sports Shoes,Shoes,54523.jpg,Shoes,Shoes,0.99998105,OK
50178,Rocia Women Red Wedges,Heels,Shoes,50178.jpg,Shoes,Shoes,0.9998678,OK
49983,Hanes Women Pack of Three 100% Cotton Plain Bikini Briefs,Briefs,Innerwear,49983.jpg,Innerwear,Innerwear,0.99999964,OK
10874,Wrangler Men Wrangler Station Navy Blue T-Shirts,Tshirts,Topwear,10874.jpg,Topwear,Topwear,0.9995498,OK
17883,Levis Men Comfort Style Navy Blue Innerwear Vest,Innerwear Vests,Innerwear,17883.jpg,Innerwear,Innerwear,0.9995378,OK
2636,Carlton London Men Brown Strapped Sandal,Sandals,Sandal,2636.jpg,Sandal,Sandal,0.9984926,OK
37155,Campbell Men Pack of 3 T-shirt,Tshirts,Topwear,37155.jpg,Topwear,Topwear,0.99926513,OK
35815,Enroute Women White Heels,Heels,Shoes,35815.jpg,Shoes,Shoes,0.999778,OK
31944,Nike Women Court Shuttle IV White Sports Shoes,Sports Shoes,Shoes,31944.jpg,Shoes,Shoes,0.9999963,OK
4125,Lotto Men Kochi Tuskers Authentic Orange Jersey,Tshirts,Topwear,4125.jpg,Topwear,Topwear,0.99998176,OK
20771,Carlton London Women Funky Silver Sandals,Flats,Shoes,20771.jpg,Shoes,Shoes,0.99964106,OK
1542,Puma Men's Ballistic Rubber Shoe,Sports Shoes,Shoes,1542.jpg,Shoes,Shoes,0.99960905,OK
48815,Lucera Women Silver Pendant with Chain,Pendant,Jewellery,48815.jpg,Jewellery,Jewellery,0.9999708,OK
38688,Spice Art Women Grey Clutch,Clutches,Bags,38688.jpg,Bags,Bags,0.9831874,OK
6965,s.Oliver Men's Generous Grey T-shirt,Tshirts,Topwear,6965.jpg,Topwear,Topwear,0.99973005,OK
44523,Coolers Men Brown Sandals,Sandals,Sandal,44523.jpg,Sandal,Sandal,0.9315274,OK
14911,Mr. Men Men Mr. Silly Red Tshirts,Tshirts,Topwear,14911.jpg,Topwear,Topwear,0.99996483,OK
29921,Police Men Black Dial Chronograph Watch PL12777JS-02M,Watches,Watches,29921.jpg,Watches,Watches,1.0,OK
50641,Chromozome Men Grey Innerwear Vest,Innerwear Vests,Innerwear,50641.jpg,Innerwear,Innerwear,0.96392596,OK
21641,Enamor Women Lift Skin Bra,Bra,Innerwear,21641.jpg,Innerwear,Innerwear,0.99943167,OK
53760,Puma Men Navy Blue and White T-shirt,Tshirts,Topwear,53760.jpg,Topwear,Topwear,0.9993994,OK
12185,Basics Men Black Slim Fit Shirt,Shirts,Topwear,12185.jpg,Topwear,Topwear,0.99978966,OK
18376,Under Colors of Benetton Men Black Boxer Trunks,Trunk,Innerwear,18376.jpg,Innerwear,Innerwear,0.99993145,OK
37730,John Players Men Orange Gingham Shirt,Shirts,Topwear,37730.jpg,Topwear,Topwear,0.9995054,OK
34823,ADIDAS Women Trainer White Sports Shoes,Sports Shoes,Shoes,34823.jpg,Shoes,Shoes,0.9999685,OK
53474,Amante White Medium-Coverage Plunge Bra BCSB01,Bra,Innerwear,53474.jpg,Innerwear,Innerwear,0.9997421,OK
41348,Wrangler Men Navy Blue Skanders Jeans,Jeans,Bottomwear,41348.jpg,Bottomwear,Bottomwear,0.9999455,OK
24062,Locomotive Men Navy Blue Printed T-shirt,Tshirts,Topwear,24062.jpg,Topwear,Topwear,0.9998124,OK
19059,Aurelia Women Solid Black Kurta,Kurtas,Topwear,19059.jpg,Topwear,Topwear,0.9999702,OK
4767,ADIDAS Men Peach Polo T-shirt,Tshirts,Topwear,4767.jpg,Topwear,Topwear,0.8533803,OK
19406,ADIDAS Men White Twenty2yds Lite IV Sports Shoes,Sports Shoes,Shoes,19406.jpg,Shoes,Shoes,0.99956125,OK
22199,Timberland Men Black Casual Shoes,Casual Shoes,Shoes,22199.jpg,Shoes,Shoes,0.8864958,OK
22938,Fastrack Women Black Casual Watch,Watches,Watches,22938.jpg,Watches,Watches,0.9999232,OK
19363,Redtape Men Comfort Black Sandal,Sandals,Sandal,19363.jpg,Sandal,Sandal,0.9718855,OK
26898,Jealous 21 Women Pink Top,Tops,Topwear,26898.jpg,Topwear,Topwear,0.9980724,OK
2198,ADIDAS Men's Sports Shoe,Sports Shoes,Shoes,2198.jpg,Shoes,Shoes,0.90296537,OK
28564,Nike Men Air Bags Black T-shirt,Tshirts,Topwear,28564.jpg,Topwear,Topwear,0.99997663,OK
51614,Kraus Jeans Women White Leggings,Leggings,Bottomwear,51614.jpg,Bottomwear,Bottomwear,0.99993515,OK
46407,ADIDAS Men Red T-shirt,Tshirts,Topwear,46407.jpg,Topwear,Topwear,0.99992085,OK
28254,Wild Stone Men Forest Spice Deo,Deodorant,Fragrance,28254.jpg,Fragrance,Fragrance,0.9999896,OK
52317,ToniQ Women Set of 3 Bangles,Bangle,Jewellery,52317.jpg,Jewellery,Jewellery,0.9994018,OK
22684,Wildcraft Unisex Black Duffel Bag,Duffel Bag,Bags,22684.jpg,Bags,Bags,0.999951,OK
37241,United Colors of Benetton Men Black Shoes,Casual Shoes,Shoes,37241.jpg,Shoes,Shoes,0.9996693,OK
17437,CASIO Sheen Women Black Dial Chronograph Watch SX006 SHN-5016D-1ADR,Watches,Watches,17437.jpg,Watches,Watches,1.0,OK
23154,Mark Taylor Men Off White Printed T-shirt,Tshirts,Topwear,23154.jpg,Topwear,Topwear,0.9992574,OK
12693,Nike Women Transform White Sports Shoes,Sports Shoes,Shoes,12693.jpg,Shoes,Shoes,0.99995804,OK
36721,Gini and Jony Boys Printed Dark Navy T-Shirt,Tshirts,Topwear,36721.jpg,Topwear,Topwear,0.99445033,OK
4424,Wrangler Men's Thrill Washed Dark Grey T-shirt,Tshirts,Topwear,4424.jpg,Topwear,Topwear,0.9999279,OK
43194,Fastrack Women White Dial Watch NA2049SM09,Watches,Watches,43194.jpg,Watches,Watches,0.9998965,OK
4114,Fila Men Obsidian Black Sandal,Sandals,Sandal,4114.jpg,Sandal,Sandal,0.9983353,OK
11628,W Women Printed Purple Kurtas,Kurtas,Topwear,11628.jpg,Topwear,Topwear,0.9998573,OK
15242,ADIDAS Originals Men Porsche Design SP 2 Black Casual Shoes,Casual Shoes,Shoes,15242.jpg,Shoes,Shoes,0.9999975,OK
20909,Catwalk Women Casual Bronze Heels,Heels,Shoes,20909.jpg,Shoes,Shoes,0.9930963,OK
28577,ADIDAS Originals Men White Dial Chronograph Watch ADH2624,Watches,Watches,28577.jpg,Watches,Watches,1.0,OK
10295,Clarks Men Brown Leather Casual Shoes,Casual Shoes,Shoes,10295.jpg,Shoes,Shoes,0.9961408,OK
34856,Vans Men Classic Slip-On Black Shoes,Casual Shoes,Shoes,34856.jpg,Shoes,Shoes,0.9999534,OK
18716,Arrow Woman Shanna Black Top,Tops,Topwear,18716.jpg,Topwear,Topwear,0.99846774,OK
13754,Belmonte Men Stripes White Shirts,Shirts,Topwear,13754.jpg,Topwear,Topwear,0.999956,OK
29297,Wrangler Women Birdy Tee Black T-shirt,Tshirts,Topwear,29297.jpg,Topwear,Topwear,0.9998727,OK
16799,Highlander Men Solid Grey Trouser,Trousers,Bottomwear,16799.jpg,Bottomwear,Bottomwear,0.9999982,OK
5691,Skechers Men's Regions Off White Shoe,Casual Shoes,Shoes,5691.jpg,Shoes,Shoes,0.99892646,OK
49638,Mineral Women Pink Top,Tops,Topwear,49638.jpg,Topwear,Topwear,0.99999726,OK
36446,Spinn Men Orbit Black Sports Shoes,Sports Shoes,Shoes,36446.jpg,Shoes,Shoes,0.97954774,OK
20058,united Colors Of Benetton Women Grey Tight,Stockings,Bottomwear,20058.jpg,Bottomwear,Bottomwear,0.9999932,OK
56337,Fastrack Men Red and Black Dial Watch,Watches,Watches,56337.jpg,Watches,Watches,0.99999976,OK
6616,Spykar Men Linen Pink Shirt,Shirts,Topwear,6616.jpg,Topwear,Topwear,0.79334116,OK
58051,Rreverie Silver & Green Earrings,Earrings,Jewellery,58051.jpg,Jewellery,Jewellery,0.99999297,OK
16409,Levis Men Striped Grey Shirt,Shirts,Topwear,16409.jpg,Topwear,Topwear,0.9989022,OK
23757,Oakley Men Translucent Grey Frame Driving Goggles,Sunglasses,Eyewear,23757.jpg,Eyewear,Eyewear,0.99919456,OK
34030,Gini and Jony Boys Check Blue Shirt,Shirts,Topwear,34030.jpg,Topwear,Topwear,0.9999943,OK
40255,Scullers Men Maroon & Navy Blue Shirt,Shirts,Topwear,40255.jpg,Topwear,Topwear,0.9999995,OK
8388,ADIDAS Women Wo Basic Black Track Pants,Track Pants,Bottomwear,8388.jpg,Bottomwear,Bottomwear,0.9999988,OK
36038,OTLS Unisex Blue Bag,Handbags,Bags,36038.jpg,Bags,Bags,0.99999523,OK
16172,Enroute Men Leather Black Casual Shoes,Casual Shoes,Shoes,16172.jpg,Shoes,Shoes,0.9869265,OK
39503,Peter England Unisex Brown Duffle Bag,Duffel Bag,Bags,39503.jpg,Bags,Bags,1.0,OK
21466,Roxy Women Blue Striped Sweater,Sweaters,Topwear,21466.jpg,Topwear,Topwear,0.99999666,OK
3842,Crocs Women Lady Bubblegum Pink Sandal,Flats,Shoes,3842.jpg,Sandal,Shoes,0.99990714,ONE MODEL DISAGREES
7442,Proline Men Purple Polo T-shirt,Tshirts,Topwear,7442.jpg,Topwear,Topwear,0.99878687,OK
2744,Disney Kids Girl's Orange Stripe Kidswear,Tops,Topwear,2744.jpg,Topwear,Topwear,0.9988662,OK
25185,Lino Perros Women Brown Handbag,Handbags,Bags,25185.jpg,Bags,Bags,1.0,OK
4647,ADIDAS Men Neo Feather Lead Red Sandal,Sandals,Sandal,4647.jpg,Sandal,Sandal,0.9683027,OK
56931,HM Women Golden Flats,Heels,Shoes,56931.jpg,Shoes,Shoes,0.98924106,OK
42028,ADIDAS Women White Sukoi Sports Shoes,Sports Shoes,Shoes,42028.jpg,Shoes,Shoes,0.99998677,OK
5398,Quechua Arpenaz Flex Novadry Grey,Sports Shoes,Shoes,5398.jpg,Shoes,Shoes,0.99994755,OK
26022,Slazenger Men Extreme Deo,Deodorant,Fragrance,26022.jpg,Fragrance,Fragrance,0.58430016,OK
15303,ADIDAS Women Hispana Beige Sandals,Sports Sandals,Sandal,15303.jpg,Sandal,Sandal,0.9804191,OK
12727,Timberland Men Solid Green Polo T-Shirts,Tshirts,Topwear,12727.jpg,Topwear,Topwear,0.9999999,OK
3635,Puma Unisex White Speeder Sports Shoes,Sports Shoes,Shoes,3635.jpg,Shoes,Shoes,0.9999943,OK
22260,Inc.5 Women Multi Casual Flats,Heels,Shoes,22260.jpg,Shoes,Shoes,0.7645944,OK
19185,United Colors of Benetton Men Check Blue Shirt,Shirts,Topwear,19185.jpg,Topwear,Topwear,0.99999726,OK
13504,Chimp Men Kutta Pyjama White Tshirts,Tshirts,Topwear,13504.jpg,Topwear,Topwear,0.999995,OK
9431,Decathlon Men Quechua Grey Sports Shoes,Sports Shoes,Shoes,9431.jpg,Shoes,Shoes,0.9999305,OK
45151,Casio Enticer Men Black Analogue Watch MTP-1302L-7BVDF(A490),Watches,Watches,45151.jpg,Watches,Watches,1.0,OK
48927,Lucera Women Silver Ring,Ring,Jewellery,48927.jpg,Jewellery,Jewellery,0.99975675,OK
23778,Oakley Men Blue Fast Jacket Sunglasses,Sunglasses,Eyewear,23778.jpg,Eyewear,Eyewear,0.99999654,OK
21133,s.Oliver Women Striped Purple Tshirt,Tops,Topwear,21133.jpg,Topwear,Topwear,0.9999988,OK
49494,Vans Men Navy Blue Shoes,Casual Shoes,Shoes,49494.jpg,Shoes,Shoes,0.99991286,OK
22103,Flying Machine Men Black Casual Shoes,Casual Shoes,Shoes,22103.jpg,Shoes,Sandal,0.52545893,ONE MODEL DISAGREES
53895,Kiara Women Pink Handbag,Handbags,Bags,53895.jpg,Bags,Bags,0.9985073,OK
3074,Tantra Women's Red Flower Heart Yellow T-shirt,Tshirts,Topwear,3074.jpg,Topwear,Topwear,0.9999883,OK
22789,Manchester United Men Red Tshirt,Tshirts,Topwear,22789.jpg,Topwear,Topwear,0.99998796,OK
5810,Puma Women's Move Graphic Logo White T-shirt,Tshirts,Topwear,5810.jpg,Topwear,Topwear,0.99975115,OK
25637,Fastrack Women Silver Casual Watch,Watches,Watches,25637.jpg,Watches,Watches,1.0,OK
10495,Flying Machine Women HS Blue Shirt,Shirts,Topwear,10495.jpg,Topwear,Topwear,0.9999993,OK
26788,Arrow Men Brown Shirt,Shirts,Topwear,26788.jpg,Topwear,Topwear,0.99911624,OK
3501,ADIDAS Men's Deep Black Yellow Shoe,Sports Shoes,Shoes,3501.jpg,Shoes,Shoes,0.99351066,OK
7633,Puma Men's Woven Black Short,Shorts,Bottomwear,7633.jpg,Bottomwear,Bottomwear,0.99987113,OK
44456,Senorita Women Black Sandals,Heels,Shoes,44456.jpg,Shoes,Sandal,0.74038446,ONE MODEL DISAGREES
15520,Rockport Men CV Wing Black Casual Shoes,Casual Shoes,Shoes,15520.jpg,Shoes,Shoes,0.9999962,OK
19681,United Colors of Benetton Women Solid Olive Top,Tops,Topwear,19681.jpg,Topwear,Topwear,0.9999982,OK
44414,Red Tape Men Grey Shoes,Casual Shoes,Shoes,44414.jpg,Shoes,Shoes,0.9995326,OK
23263,Maxima Men Black Dial Watch,Watches,Watches,23263.jpg,Watches,Watches,1.0,OK
40683,Lee Men Blue T-shirt,Tshirts,Topwear,40683.jpg,Topwear,Topwear,0.99999475,OK
29685,Indigo Nation Men Charcoal Trousers,Trousers,Bottomwear,29685.jpg,Bottomwear,Bottomwear,0.99829406,OK
30846,Fabindia Women Printed Black Kurta,Kurtas,Topwear,30846.jpg,Topwear,Topwear,0.9999398,OK
40175,Fastrack Men Revo Coated Sporty Wrap Sunglasses,Sunglasses,Eyewear,40175.jpg,Eyewear,Eyewear,0.9999995,OK
10208,Murcia Women Hths Blue Handbags,Handbags,Bags,10208.jpg,Bags,Bags,0.99999714,OK
22562,Lino Perros Tan Women Casual Sling Bag,Handbags,Bags,22562.jpg,Bags,Bags,1.0,OK
26259,Proline Men Navy Track Pants,Track Pants,Bottomwear,26259.jpg,Bottomwear,Bottomwear,0.9993482,OK
14919,Mr. Men Men HA! Navy Blue Tshirts,Tshirts,Topwear,14919.jpg,Topwear,Topwear,0.9999945,OK
45153,Casio Enticer Men Silver Analogue Watch MTP-1303D-7AVDF(A494),Watches,Watches,45153.jpg,Watches,Watches,1.0,OK
7347,Tantra Men's Buddha Trance Purple T-shirt,Tshirts,Topwear,7347.jpg,Topwear,Topwear,0.99999785,OK
22154,Lee Cooper Men Black Formal Shoes,Formal Shoes,Shoes,22154.jpg,Shoes,Shoes,0.9999838,OK
37713,John Players Men Polo Maroon T-shirt,Tshirts,Topwear,37713.jpg,Topwear,Topwear,0.99884003,OK
38010,Q&Q Men White Dial Watch DB06J304Y,Watches,Watches,38010.jpg,Watches,Watches,0.9698622,OK
36718,Gini and Jony Boys Printed Yellow T-Shirt,Tshirts,Topwear,36718.jpg,Topwear,Topwear,0.99999344,OK
34649,Fila Women Artifice Grey Sports Shoes,Sports Shoes,Shoes,34649.jpg,Shoes,Shoes,0.99872464,OK
12152,Aurelia Women Printed Purple Kurti,Kurtis,Topwear,12152.jpg,Topwear,Topwear,0.99999845,OK
50418,Miss Sixty Silver Dial Watch,Watches,Watches,50418.jpg,Watches,Watches,0.98040134,OK
23609,Nike Fragrances Women Blue Fantasy Deo,Deodorant,Fragrance,23609.jpg,Fragrance,Fragrance,0.9999238,OK
6627,ADIDAS Men's Morin Black Shoe,Sports Shoes,Shoes,6627.jpg,Shoes,Shoes,0.99842584,OK
22550,Reebok Women Reefresh Deo,Deodorant,Fragrance,22550.jpg,Fragrance,Fragrance,0.99999976,OK
48329,Pitaraa Women Purple Sling Bag,Handbags,Bags,48329.jpg,Bags,Bags,0.99854505,OK
12937,Basics Men White Slim Fit Striped Shirt,Shirts,Topwear,12937.jpg,Topwear,Topwear,0.9973635,OK
50730,Red Chief Men Black Sandals,Sandals,Sandal,50730.jpg,Sandal,Sandal,0.63320714,OK
44063,Hugo Men XY Perfume Set,Fragrance Gift Set,Fragrance,44063.jpg,Fragrance,Fragrance,0.99993813,OK
13245,Palm Tree Kids Boys Solid Black Shorts,Shorts,Bottomwear,13245.jpg,Bottomwear,Bottomwear,0.9916898,OK
50562,Chromozome Men Pack of Two  Briefs,Briefs,Innerwear,50562.jpg,Innerwear,Innerwear,0.9999988,OK
37429,Murcia Women Lavender Handbag,Handbags,Bags,37429.jpg,Bags,Bags,0.9997261,OK
4233,Probase Men's Away To Glory Green Tshirt,Tshirts,Topwear,4233.jpg,Topwear,Topwear,0.9999356,OK
14551,Vishudh Women Small Flower Print Black Kurtas,Kurtas,Topwear,14551.jpg,Topwear,Topwear,0.99996245,OK
9258,Mark Taylor Men Green Striped Shirt,Shirts,Topwear,9258.jpg,Topwear,Topwear,0.9999641,OK
34432,Myntra Women Rider Blue T-shirt,Tshirts,Topwear,34432.jpg,Topwear,Topwear,0.99999976,OK
51717,Allen Solly Unisex Sunglasses AS236-C1,Sunglasses,Eyewear,51717.jpg,Eyewear,Eyewear,0.99999857,OK
21403,Locomotive Men Printed Grey T-shirt,Tshirts,Topwear,21403.jpg,Topwear,Topwear,0.99991846,OK
44461,Senorita Women Black Sandals,Flats,Shoes,44461.jpg,Shoes,Shoes,0.9997849,OK
59537,Lucera Silver Earrings,Earrings,Jewellery,59537.jpg,Jewellery,Jewellery,0.99999774,OK
39381,Peter England Men Party Black Jeans,Jeans,Bottomwear,39381.jpg,Bottomwear,Bottomwear,0.99999094,OK
31639,Indigo Nation Men Check Maroon Shirt,Shirts,Topwear,31639.jpg,Topwear,Topwear,0.999956,OK
3859,Ed Hardy Men's White Skull Rider T-shirt,Tshirts,Topwear,3859.jpg,Topwear,Topwear,0.99998224,OK
39277,Red Chief Men Olive Casual Shoes,Casual Shoes,Shoes,39277.jpg,Shoes,Shoes,0.9995011,OK
9791,Classic Polo Men Ikon Brown Polo Tshirts,Tshirts,Topwear,9791.jpg,Topwear,Topwear,0.9975539,OK
39196,Catwalk Women White Flats,Heels,Shoes,39196.jpg,Shoes,Shoes,0.99610525,OK
31245,Puma Men White Polo T-shirt,Tshirts,Topwear,31245.jpg,Topwear,Topwear,0.9909863,OK
15643,Nike Men AS Team Woven Black Track Pants,Track Pants,Bottomwear,15643.jpg,Bottomwear,Bottomwear,0.99999464,OK
14346,Nike Men Dunk High Black Sports Shoes,Sports Shoes,Shoes,14346.jpg,Shoes,Shoes,0.99997437,OK
33936,ADIDAS Men Clima White T-shirt,Tshirts,Topwear,33936.jpg,Topwear,Topwear,0.9704779,OK
29445,Giordano Men White Dial Watch,Watches,Watches,29445.jpg,Watches,Watches,1.0,OK
29675,Indigo Nation Men Black Shirt,Shirts,Topwear,29675.jpg,Topwear,Topwear,0.97156054,OK
27863,Scullers For Her Printed Purple Shirt,Shirts,Topwear,27863.jpg,Topwear,Topwear,0.99999297,OK
31023,Arrow New York Men Grey Check Slim Fit Shirt,Shirts,Topwear,31023.jpg,Topwear,Topwear,0.9995876,OK
37594,Madagascar 3 Boys Green Printed T-Shirt,Tshirts,Topwear,37594.jpg,Topwear,Topwear,0.9999956,OK
7858,Provogue Men's Formal Black Shoe,Formal Shoes,Shoes,7858.jpg,Shoes,Shoes,0.96137494,OK
39074,Arrow Sport Men White Slim Fit Shirt,Shirts,Topwear,39074.jpg,Topwear,Topwear,0.9968913,OK
13209,ASICS Men Gel Challenger 8 Running Black Sports Shoes,Sports Shoes,Shoes,13209.jpg,Shoes,Shoes,0.9996625,OK
1549,Puma Men's Jiyu Slip On Sneaker,Sports Shoes,Shoes,1549.jpg,Shoes,Shoes,0.95391846,OK
27932,Jealous 21 Women Blue Shirt,Shirts,Topwear,27932.jpg,Topwear,Topwear,0.9999988,OK
9914,Puma Women Core Lite Shopper Black Bags,Handbags,Bags,9914.jpg,Bags,Bags,0.99999905,OK
56294,Biara Women Rose  Bra,Bra,Innerwear,56294.jpg,Innerwear,Innerwear,0.99997354,OK
41440,Lee Cooper Men White Sports Shoes,Sports Shoes,Shoes,41440.jpg,Shoes,Shoes,0.99995995,OK
55630,Catwalk Women Brown Sandals,Heels,Shoes,55630.jpg,Shoes,Shoes,0.9731169,OK
8246,Fastrack Unisex Blue Bag,Messenger Bag,Bags,8246.jpg,Bags,Bags,0.99886656,OK
13886,Scullers Men Check Black Shirts,Shirts,Topwear,13886.jpg,Topwear,Topwear,0.99999845,OK
23224,Aneri Women Desire Cream Kurta,Kurtas,Topwear,23224.jpg,Topwear,Topwear,0.9999994,OK
24518,Mother Earth Women Purple Printed Kurta,Kurtas,Topwear,24518.jpg,Topwear,Topwear,0.9999877,OK
30499,Lovable Women Fiona Beige Bra,Bra,Innerwear,30499.jpg,Innerwear,Innerwear,0.999998,OK
34905,Fabindia Red Hand Printed Kota Dupatta,Dupatta,Topwear,34905.jpg,Topwear,Topwear,0.9999107,OK
52678,Morellato Men Black Watch,Watches,Watches,52678.jpg,Watches,Watches,0.9999999,OK
51381,Myntra Men Navy Blue Shorts,Shorts,Bottomwear,51381.jpg,Bottomwear,Bottomwear,0.9945679,OK
25625,Fastrack Women White Dial Watch N6013SL01,Watches,Watches,25625.jpg,Watches,Watches,0.9999994,OK
24527,Mother Earth Men Olive Shirt,Shirts,Topwear,24527.jpg,Topwear,Topwear,0.9999974,OK
23544,Police Men Original Deo,Deodorant,Fragrance,23544.jpg,Fragrance,Fragrance,0.9999968,OK
50628,Chromozome Men White Briefs,Briefs,Innerwear,50628.jpg,Innerwear,Innerwear,0.9997148,OK
36992,Lino Perros Women Grey Handbag,Handbags,Bags,36992.jpg,Bags,Bags,0.9999907,OK
46420,Timex Men Cream Dial Chronograph Watch,Watches,Watches,46420.jpg,Watches,Watches,1.0,OK
6390,Lotto Women Sofia Purple Black Floater,Flats,Shoes,6390.jpg,Sandal,Sandal,0.971484,LIKELY MISLABEL
42410,Basics Men White Hip Brief,Briefs,Innerwear,42410.jpg,Innerwear,Innerwear,0.9996476,OK
48885,Lucera Women Silver Pendant with Chain,Pendant,Jewellery,48885.jpg,Jewellery,Jewellery,0.99992657,OK
9952,Disney Kids Boys Little Captain Pack of 2 Red Green T-shirt,Tshirts,Topwear,9952.jpg,Topwear,Topwear,0.99998796,OK
46259,109F Women Cream-Coloured & Green Printed Tunic,Tunics,Topwear,46259.jpg,Topwear,Topwear,0.9988691,OK
35985,Flying Machine Women Poppy Red T-shirt,Tshirts,Topwear,35985.jpg,Topwear,Topwear,0.9999988,OK
18656,Fila Men Thunder Black Basketball Sports Shoes,Sports Shoes,Shoes,18656.jpg,Shoes,Shoes,0.99255025,OK
33772,Puma Women Foundation Grey Backpack,Backpacks,Bags,33772.jpg,Bags,Bags,0.99873585,OK
24592,Little Miss Women Blue Printed T-shirt,Tshirts,Topwear,24592.jpg,Topwear,Topwear,0.9999995,OK
27416,Jockey Women Grey Melange Relaxed Fit Capris 1306,Capris,Bottomwear,27416.jpg,Bottomwear,Bottomwear,0.9887989,OK
47326,Baggit Women Olive Green Handbag,Handbags,Bags,47326.jpg,Bags,Bags,0.999998,OK
59012,Skechers Men Charcoal Sports Shoes,Sports Shoes,Shoes,59012.jpg,Shoes,Shoes,0.99921286,OK
6342,Catwalk Blue Wedges,Heels,Shoes,6342.jpg,Shoes,Shoes,0.9986297,OK
8472,Scullers For Her Women Wow Woven Navy Blue Tops,Shirts,Topwear,8472.jpg,Topwear,Topwear,0.99999917,OK
50348,Aurelia Women Blue Kurta,Kurtas,Topwear,50348.jpg,Topwear,Topwear,0.99997866,OK
15983,Turtle Solid Men  Burgundy Shirt,Shirts,Topwear,15983.jpg,Topwear,Topwear,0.9992243,OK
44492,Gliders Men Black Shoes,Casual Shoes,Shoes,44492.jpg,Shoes,Shoes,0.9993117,OK
2556,Domyos Men's Tank Respi Black T-shirt,Tshirts,Topwear,2556.jpg,Topwear,Innerwear,0.5345851,ONE MODEL DISAGREES
20864,Disney Kids-Unisex Sandals,Sandals,Sandal,20864.jpg,Sandal,Sandal,0.9582626,OK
44410,Red Tape Men Black Shoes,Formal Shoes,Shoes,44410.jpg,Shoes,Shoes,0.9931914,OK
11435,United Colors of Benetton Women Light Winter White Tops,Tops,Topwear,11435.jpg,Topwear,Topwear,0.9990583,OK
42026,ADIDAS Women White Bolt Sports Shoes,Sports Shoes,Shoes,42026.jpg,Shoes,Shoes,0.999979,OK
57201,Elle Women Brown Tunic,Tunics,Topwear,57201.jpg,Topwear,Topwear,0.7943953,OK
7813,Puma Unisex 917 Mid Riddim 50s OC Black Shoe,Casual Shoes,Shoes,7813.jpg,Shoes,Shoes,0.9372951,OK
12062,W Women Printed Navy Blue Kurtas,Kurtas,Topwear,12062.jpg,Topwear,Topwear,0.99929166,OK
13815,Proline Pack of 3 Printed T-shirts,Tshirts,Topwear,13815.jpg,Topwear,Topwear,0.9999963,OK
4393,Free Authority Men's Music Machine Black T-shirt,Tshirts,Topwear,4393.jpg,Topwear,Topwear,0.9998673,OK
52322,ToniQ Women Gold & Black Bangle,Bangle,Jewellery,52322.jpg,Jewellery,Jewellery,0.9938372,OK
33884,Citizen Men Black Dial Eco-Drive Watch,Watches,Watches,33884.jpg,Watches,Watches,0.9999999,OK
47522,Facit Men Khaki Breif,Briefs,Innerwear,47522.jpg,Innerwear,Innerwear,0.9992342,OK
59893,Femella Women Blue Shirt,Shirts,Topwear,59893.jpg,Topwear,Topwear,0.99989796,OK
57334,Amante Bra BCSO01,Bra,Innerwear,57334.jpg,Innerwear,Innerwear,0.99997056,OK
47359,Baggit Women Brown Handbag,Handbags,Bags,47359.jpg,Bags,Bags,1.0,OK
46448,Timex Men Black Dial Watch,Watches,Watches,46448.jpg,Watches,Watches,0.99999917,OK
48517,French Connection Women Brown & Blue Striped Top,Tops,Topwear,48517.jpg,Topwear,Topwear,0.9999958,OK
54954,Do U Speak Green Men Green T-shirt,Tshirts,Topwear,54954.jpg,Topwear,Topwear,0.9981325,OK
49486,Vans Men Blue Casual Shoes,Casual Shoes,Shoes,49486.jpg,Shoes,Shoes,0.99990547,OK
32595,ONLY Women Pink Top,Tops,Topwear,32595.jpg,Topwear,Topwear,0.99996114,OK
39817,Red Tape Men Brown Sandals,Sandals,Sandal,39817.jpg,Sandal,Sandal,0.5062873,OK
28694,W Women Printed Black Kurta,Kurtas,Topwear,28694.jpg,Topwear,Topwear,0.9986388,OK
16742,Spice Art Women Beads White Clutch,Clutches,Bags,16742.jpg,Bags,Bags,0.9999229,OK
2187,ADIDAS Men Stripe Navy Short,Shorts,Bottomwear,2187.jpg,Bottomwear,Bottomwear,0.8133986,OK
9766,Puma Men Black Solid Sports T-shirt,Tshirts,Topwear,9766.jpg,Topwear,Topwear,0.9985044,OK
50164,Rocia Women White Wedges,Heels,Shoes,50164.jpg,Shoes,Shoes,0.99997294,OK
6240,UCB Men's Contrast Logo White T-shirt,Tshirts,Topwear,6240.jpg,Topwear,Topwear,0.99458164,OK
11539,W Women Printed White Kurtas,Kurtas,Topwear,11539.jpg,Topwear,Topwear,0.9999331,OK
48929,Lucera Women Silver Ring,Ring,Jewellery,48929.jpg,Jewellery,Jewellery,0.9998776,OK
39753,Gini Jony Boys Khaki Trousers,Trousers,Bottomwear,39753.jpg,Bottomwear,Bottomwear,0.9999374,OK
26855,Calvin Klein Women Euphoria Perfume,Perfume and Body Mist,Fragrance,26855.jpg,Fragrance,Fragrance,0.99880195,OK
17677,Catwalk Women Weaved Strap Tan Flats,Heels,Shoes,17677.jpg,Shoes,Shoes,0.7248376,OK
9933,Basics Men Grey Polo T-shirt,Tshirts,Topwear,9933.jpg,Topwear,Topwear,0.9999901,OK
6871,Forever New Women Multi Coloured Top,Tops,Topwear,6871.jpg,Topwear,Topwear,0.9999701,OK
45735,Folklore Women Cream Kurta,Kurtas,Topwear,45735.jpg,Topwear,Topwear,0.9872103,OK
21666,Fossil Men Black Dial Chronograph Watch CH2573,Watches,Watches,21666.jpg,Watches,Watches,1.0,OK
2679,Inkfruit Men's You Are Being Black T-shirt,Tshirts,Topwear,2679.jpg,Topwear,Topwear,0.9999443,OK
16166,Enroute Men Leather Brown Formal Shoes,Formal Shoes,Shoes,16166.jpg,Shoes,Shoes,0.9999827,OK
32245,Fabindia Women Printed White Kurta,Kurtas,Topwear,32245.jpg,Topwear,Topwear,0.99970204,OK
6036,UCB Womens Photographic Print Black T-shirt,Tshirts,Topwear,6036.jpg,Topwear,Topwear,0.9999896,OK
11276,Nike Men Running Maroon Sweatshirt,Sweatshirts,Topwear,11276.jpg,Topwear,Topwear,0.999979,OK
37775,John Players Men Blue & Orange Check Shirt,Shirts,Topwear,37775.jpg,Topwear,Topwear,0.9999994,OK
53532,Amante Women White Briefs PCLR02,Briefs,Innerwear,53532.jpg,Innerwear,Innerwear,0.99818194,OK
34100,Doodle Boys Printed Blue T-shirt,Tshirts,Topwear,34100.jpg,Topwear,Bags,0.67821056,ONE MODEL DISAGREES
35457,Doodle Boys Printed Grey T-shirt,Tshirts,Topwear,35457.jpg,Topwear,Topwear,0.99979395,OK
5179,Batman Men's Logo Dripping Black T-shirt,Tshirts,Topwear,5179.jpg,Topwear,Topwear,0.9991518,OK
18864,Puma Men Sports Division Black Sweatshirt,Sweatshirts,Topwear,18864.jpg,Topwear,Topwear,0.99951553,OK
15140,Arrow Sport Men Check Maroon Shirts,Shirts,Topwear,15140.jpg,Topwear,Topwear,0.9999745,OK
47229,Franco Leone Men Black Sandals,Sandals,Sandal,47229.jpg,Sandal,Sandal,0.9254515,OK
29261,ADIDAS Men Mactelo White Sports Shoes,Sports Shoes,Shoes,29261.jpg,Shoes,Shoes,0.92418987,OK
9874,Spykar Men Rts Style Live Ride Navy Blue Sweaters,Sweaters,Topwear,9874.jpg,Topwear,Topwear,0.9995782,OK
47680,Carlton London Men Off White Casual Shoes,Casual Shoes,Shoes,47680.jpg,Shoes,Shoes,0.9983224,OK
31592,Mark Taylor Men Printed Navy Blue T-shirt,Tshirts,Topwear,31592.jpg,Topwear,Topwear,0.99967813,OK
5430,Ant Kids Boy's White Check Kidswear,Shirts,Topwear,5430.jpg,Topwear,Topwear,0.9999994,OK
47054,Shree Women Brown & Green Jodhpuri Salwar,Salwar,Bottomwear,47054.jpg,Bottomwear,Bottomwear,0.9991296,OK
53121,Myntra Women Yellow T-shirt,Tshirts,Topwear,53121.jpg,Topwear,Topwear,0.9999964,OK
30945,Fabindia Women Purple Silk Kurti,Kurtis,Topwear,30945.jpg,Topwear,Topwear,0.9999001,OK
15565,Catwalk Women Casual Gold Heels,Heels,Shoes,15565.jpg,Shoes,Shoes,0.99945265,OK
24286,Quiksilver Men Blue Check Shirt,Shirts,Topwear,24286.jpg,Topwear,Topwear,0.99949694,OK
52523,Pepe Jeans Women Blue Jeans,Jeans,Bottomwear,52523.jpg,Bottomwear,Bottomwear,0.9999857,OK
3125,Inkfruit Men's Star War Black T-shirt,Tshirts,Topwear,3125.jpg,Topwear,Topwear,0.9999993,OK
57524,Provogue Men Black Casual Shoes,Casual Shoes,Shoes,57524.jpg,Shoes,Shoes,0.99650866,OK
57432,Angry Birds Women Yellow T-shirt,Tshirts,Topwear,57432.jpg,Topwear,Topwear,0.9998919,OK
28448,Kiara Women Brown Handbag,Handbags,Bags,28448.jpg,Bags,Bags,1.0,OK
34014,Gini and Jony Girls Printed White Top,Tops,Topwear,34014.jpg,Topwear,Topwear,0.99940395,OK
39659,Lotto Men Black Shoes,Casual Shoes,Shoes,39659.jpg,Shoes,Shoes,0.9998292,OK
42119,ADIDAS Men Navy Blue 3/4 Pant,Shorts,Bottomwear,42119.jpg,Bottomwear,Bottomwear,0.9999261,OK
17719,Reid & Taylor Men Check White Shirt,Shirts,Topwear,17719.jpg,Topwear,Topwear,0.99958783,OK
18438,Vital Gear Black Unisex Backpack,Backpacks,Bags,18438.jpg,Bags,Bags,0.9999993,OK
54569,Sushilas Women Printed Grey Kurta,Kurtas,Topwear,54569.jpg,Topwear,Topwear,0.99989057,OK
2508,Numero Uno Men's Casual Brown Shoe,Casual Shoes,Shoes,2508.jpg,Shoes,Shoes,0.99963343,OK
41359,Wrangler Men Blue Skanders Jeans,Jeans,Bottomwear,41359.jpg,Bottomwear,Bottomwear,0.99999845,OK
35051,Fabindia Women Printed Blue Kurtis,Kurtis,Topwear,35051.jpg,Topwear,Topwear,0.99999964,OK
8393,ADIDAS Men White T-shirt,Tshirts,Topwear,8393.jpg,Topwear,Topwear,0.9930179,OK
5350,Artengo Artengo 522c Man Synthe,Sports Shoes,Shoes,5350.jpg,Shoes,Shoes,0.9986578,OK
44563,Coolers Men Black Sandals,Sandals,Sandal,44563.jpg,Sandal,Sandal,0.9614763,OK
26016,TOUS Women Touch Eau De Toilette 100 ml,Perfume and Body Mist,Fragrance,26016.jpg,Fragrance,Bags,0.95428425,ONE MODEL DISAGREES
15101,Mother Earth Women Printed Black Kurtas,Kurtas,Topwear,15101.jpg,Topwear,Topwear,0.9997762,OK
39212,Franco Leone Men Black Formal Shoes,Formal Shoes,Shoes,39212.jpg,Shoes,Shoes,0.9987419,OK
11674,Lee Men Check Purple Shirts,Shirts,Topwear,11674.jpg,Topwear,Topwear,0.9999851,OK
5947,Locomotive Men Black Checked Shirt,Shirts,Topwear,5947.jpg,Topwear,Topwear,0.99986005,OK
56422,Biara Red Blush Bra ST 5001,Bra,Innerwear,56422.jpg,Innerwear,Innerwear,0.99972206,OK
3869,Wrangler Men's Cowboy Photo Blue T-shirt,Tshirts,Topwear,3869.jpg,Topwear,Topwear,0.99981827,OK
19653,United Colors of Benetton Women Printed Green Top,Tops,Topwear,19653.jpg,Topwear,Topwear,0.9999982,OK
21744,Vans Unisex Classic Slip-On Black Casual Shoe,Casual Shoes,Shoes,21744.jpg,Shoes,Shoes,0.99912745,OK
3229,Puma Men's Mid Black Silver Shoe,Sports Shoes,Shoes,3229.jpg,Shoes,Shoes,0.9938623,OK
49966,Hanes Men White Premium String Bikini Briefs,Briefs,Innerwear,49966.jpg,Innerwear,Innerwear,0.9991241,OK
36940,Hugo Boss Men Perfume,Perfume and Body Mist,Fragrance,36940.jpg,Fragrance,Fragrance,0.99999595,OK
50635,Chromozome Men Charcoal Melange Innerwear Vest,Innerwear Vests,Innerwear,50635.jpg,Innerwear,Innerwear,0.9845375,OK
15045,ADIDAS Kids Boys Printed Black Tshirts,Tshirts,Topwear,15045.jpg,Topwear,Topwear,0.9999449,OK
48225,United Colors of Benetton Men White Frame Sunglasses,Sunglasses,Eyewear,48225.jpg,Eyewear,Eyewear,0.9999999,OK
38745,Nike Unisex Black All Access Fullfare Backpack,Backpacks,Bags,38745.jpg,Bags,Bags,1.0,OK
25215,Lino Perros Women Leatherette Pink Handbag,Handbags,Bags,25215.jpg,Bags,Bags,0.99999475,OK
14007,Nike Men Printed White Tshirts,Tshirts,Topwear,14007.jpg,Topwear,Topwear,0.9996557,OK
54166,Femella Turquoise Blue Necklace,Necklace and Chains,Jewellery,54166.jpg,Jewellery,Jewellery,0.99999547,OK
6485,ADIDAS Men's Grey Strip T-shirt,Tshirts,Topwear,6485.jpg,Topwear,Topwear,0.9981589,OK
51482,Denizen Men Blue Jeans,Jeans,Bottomwear,51482.jpg,Bottomwear,Bottomwear,0.9999864,OK
28030,Jockey ELANCE Mens Grey Briefs 1005,Briefs,Innerwear,28030.jpg,Innerwear,Innerwear,0.99998593,OK
25176,Lino Perros Women Sequins Brown Handbag,Handbags,Bags,25176.jpg,Bags,Bags,0.99998474,OK
39457,Diva Women Printed White Kurta,Kurtas,Topwear,39457.jpg,Topwear,Topwear,0.99995637,OK
19596,United Colors of Benetton Women Printed White T-shirt,Tshirts,Topwear,19596.jpg,Topwear,Topwear,0.9999267,OK
54168,Femella Silver Balls Necklace,Necklace and Chains,Jewellery,54168.jpg,Jewellery,Jewellery,0.999471,OK
26158,John Miller Men Striped Grey Trousers,Trousers,Bottomwear,26158.jpg,Bottomwear,Bottomwear,0.99998915,OK
22505,Catwalk Women Dark Grey Casual Shoes,Casual Shoes,Shoes,22505.jpg,Shoes,Shoes,0.99993575,OK
2874,Catwalk Women Black Heels,Heels,Shoes,2874.jpg,Shoes,Shoes,0.823925,OK
38323,Puma Unisex Black Backpack,Backpacks,Bags,38323.jpg,Bags,Bags,0.9999994,OK
25265,Lino Perros Women Leatherette Off White Handbag,Handbags,Bags,25265.jpg,Bags,Bags,0.99999917,OK
5559,Reebok Men Reversible Blue & Yellow Jacket,Jackets,Topwear,5559.jpg,Topwear,Topwear,0.99986696,OK
52110,Myntra Women Sea Green Printed Kurta,Kurtas,Topwear,52110.jpg,Topwear,Topwear,0.9991493,OK
11399,United Colors of Benetton Men Grey Sweatshirt,Sweatshirts,Topwear,11399.jpg,Topwear,Topwear,0.9999907,OK
58690,ALayna Women Green Kurta,Kurtas,Topwear,58690.jpg,Topwear,Topwear,0.99999964,OK
51660,Fossil Men Black Dial Watch AM4384,Watches,Watches,51660.jpg,Watches,Watches,1.0,OK
12122,Aurelia Women Printed Navy Blue Kurtas,Kurtas,Topwear,12122.jpg,Topwear,Topwear,0.9982659,OK
13745,Belmonte Men Solid Blue Shirts,Shirts,Topwear,13745.jpg,Topwear,Topwear,0.9999931,OK
36521,United Colors of Benetton Women Orange Handbag,Handbags,Bags,36521.jpg,Bags,Bags,0.99999225,OK
51007,Enamor Black Full Figure Bra,Bra,Innerwear,51007.jpg,Innerwear,Innerwear,0.9983907,OK
27432,Jockey Black Eva Sports Bra 1375,Bra,Innerwear,27432.jpg,Innerwear,Innerwear,0.9930963,OK
7875,Proline Men Black Comfort Fit Sports Shorts,Shorts,Bottomwear,7875.jpg,Bottomwear,Bottomwear,0.99985826,OK
59269,Titan Women Mother Of Pearl Watch,Watches,Watches,59269.jpg,Watches,Watches,0.99999774,OK
46287,109F Women Black & Cream-Coloured Colourblocked Printed Tunic,Tunics,Topwear,46287.jpg,Topwear,Topwear,0.9989648,OK
9028,Buckaroo Men Mairin Brown Casual Shoes,Casual Shoes,Shoes,9028.jpg,Shoes,Shoes,0.9999112,OK
40927,Gini and Jony Boys Comics Blue Jeans,Jeans,Bottomwear,40927.jpg,Bottomwear,Bottomwear,0.99993896,OK
28725,W Women Printed Green Kurta,Kurtas,Topwear,28725.jpg,Topwear,Topwear,0.9999919,OK
26529,Gas Men Aishley Brown Casual Shoes,Casual Shoes,Shoes,26529.jpg,Shoes,Shoes,0.996014,OK
33310,Jack & Jones Men White & Green Polo T-shirt,Tshirts,Topwear,33310.jpg,Topwear,Topwear,0.9995055,OK
3918,Urban Yoga Men Grey  Bottom Yoga Pants,Track Pants,Bottomwear,3918.jpg,Bottomwear,Bottomwear,0.99753845,OK
12249,Genesis Men Striped Pink & Navy Shirt,Shirts,Topwear,12249.jpg,Topwear,Topwear,0.99890053,OK
2753,Classic Polo Men's Bold Stripe Grey T-shirt,Tshirts,Topwear,2753.jpg,Topwear,Topwear,0.9994073,OK
2601,ADIDAS Men's Red Stripe T-shirt,Tshirts,Topwear,2601.jpg,Topwear,Topwear,0.99999964,OK
31725,Fabindia Women Anusuya Silver Pendant,Pendant,Jewellery,31725.jpg,Jewellery,Jewellery,0.99285924,OK
10093,Reebok Men Racehound White Sports Shoes,Sports Shoes,Shoes,10093.jpg,Shoes,Shoes,0.9999813,OK
21249,Skybags Unisex Black Duffle Bag,Duffel Bag,Bags,21249.jpg,Bags,Bags,0.9999999,OK
31246,Puma Men Black Polo T-shirt,Tshirts,Topwear,31246.jpg,Topwear,Topwear,0.992724,OK
28349,Idee Men Casual Brown Sunglasses,Sunglasses,Eyewear,28349.jpg,Eyewear,Eyewear,0.999995,OK
43271,Murcia Women Black Handbag,Handbags,Bags,43271.jpg,Bags,Bags,0.9999999,OK
7352,Tantra Men's Whatever Purple T-shirt,Tshirts,Topwear,7352.jpg,Topwear,Topwear,0.9998229,OK
6292,UCB Men's 77 Agent Yellow T-shirt,Tshirts,Topwear,6292.jpg,Topwear,Topwear,0.9986358,OK
38974,Arrow New York Men Black Check Slim Fit Shirt,Shirts,Topwear,38974.jpg,Topwear,Topwear,0.9999752,OK
28268,Gatsby Men Intense Deo,Deodorant,Fragrance,28268.jpg,Fragrance,Fragrance,0.99999714,OK
45380,Rocia Women Yellow Sandals,Flats,Shoes,45380.jpg,Shoes,Shoes,0.9914234,OK
28063,Jockey ELANCE Men Pack Of 2 Briefs 1010,Briefs,Innerwear,28063.jpg,Innerwear,Innerwear,0.9999969,OK
14304,Spykar Men Solid White Shirts,Shirts,Topwear,14304.jpg,Topwear,Topwear,0.9988563,OK
42637,Estelle Women Gold Bracelet,Bracelet,Jewellery,42637.jpg,Jewellery,Jewellery,0.9999893,OK
3343,Myntra Executive Light Yellow T-shirt,Tshirts,Topwear,3343.jpg,Topwear,Topwear,0.9999939,OK
6524,Nike Women's Tempo Blue Short,Shorts,Bottomwear,6524.jpg,Bottomwear,Bottomwear,0.99814343,OK
33690,Cobblerz Men White & Red Casual Shoes,Casual Shoes,Shoes,33690.jpg,Shoes,Shoes,0.9999864,OK
47022,Shree Women Maroon Kurta,Kurtas,Topwear,47022.jpg,Topwear,Topwear,0.99974793,OK
9706,Hush Puppies Men Walsh Black Sandals,Sandals,Sandal,9706.jpg,Sandal,Sandal,0.9764714,OK
3103,Probase Men's Wtf Blue T-Shirt,Tshirts,Topwear,3103.jpg,Topwear,Topwear,0.9991635,OK
31461,Nike Men Tennis White Shorts,Shorts,Bottomwear,31461.jpg,Bottomwear,Bottomwear,0.99838614,OK
30327,Myntra Men Revolves Black T-shirt,Tshirts,Topwear,30327.jpg,Topwear,Topwear,0.99990845,OK
30609,Nike Men Black Shorts,Shorts,Bottomwear,30609.jpg,Bottomwear,Bottomwear,0.99999833,OK
16274,Free Authority Men Stripes Green Sweatshirts,Sweatshirts,Topwear,16274.jpg,Topwear,Topwear,0.9997298,OK
31209,Nike Men Lunarglide Black Sports Shoes,Sports Shoes,Shoes,31209.jpg,Shoes,Shoes,0.99999225,OK
8708,Fastrack Women Black Sunglasses,Sunglasses,Eyewear,8708.jpg,Eyewear,Eyewear,0.99999833,OK
2116,ADIDAS Men Smooth Striped Track Pants,Track Pants,Bottomwear,2116.jpg,Bottomwear,Bottomwear,0.99999523,OK
29798,Basics Men White Striped Shirt,Shirts,Topwear,29798.jpg,Topwear,Topwear,0.9985869,OK
15364,Red Tape Men Casual Brown Sandals,Sandals,Sandal,15364.jpg,Sandal,Sandal,0.98883843,OK
54738,Vans Men Grey Shoes,Casual Shoes,Shoes,54738.jpg,Shoes,Shoes,0.9999608,OK
28784,Enamor Women Pack of 2 String Bikini Brief,Briefs,Innerwear,28784.jpg,Innerwear,Innerwear,0.9999974,OK
24547,Mother Earth Women Blue Top,Tops,Topwear,24547.jpg,Topwear,Topwear,0.9999989,OK
54147,Femella White Necklace,Necklace and Chains,Jewellery,54147.jpg,Jewellery,Jewellery,0.9999999,OK
46324,Reebok Men Grey Premier Road Supreme Sports Shoes,Sports Shoes,Shoes,46324.jpg,Shoes,Shoes,0.9985311,OK
22319,Wildcraft Women Cream Kimono Top,Tops,Topwear,22319.jpg,Topwear,Topwear,0.9999745,OK
3797,Converse Men Black & Red Shoes,Casual Shoes,Shoes,3797.jpg,Shoes,Shoes,0.9999856,OK
34524,Red Tape Men Brown Sandals,Sandals,Sandal,34524.jpg,Sandal,Sandal,0.95998883,OK
5525,Reebok Men's Soqua Red Shoe,Sports Shoes,Shoes,5525.jpg,Shoes,Shoes,0.9997789,OK
24428,ADIDAS Men Hydroterra Shandal Black Sports Shoes,Sports Shoes,Shoes,24428.jpg,Shoes,Shoes,0.9998368,OK
23872,ADIDAS Men White Polo T-shirt,Tshirts,Topwear,23872.jpg,Topwear,Topwear,0.995752,OK
17764,Buckaroo Men Nieves Black Formal Shoe,Formal Shoes,Shoes,17764.jpg,Shoes,Shoes,0.9998222,OK
10814,Wrangler Men Easter Bright Amslar Purple Shirt,Shirts,Topwear,10814.jpg,Topwear,Topwear,0.99999595,OK
7330,Red Tape Men Strappy Black Floater,Sandals,Sandal,7330.jpg,Sandal,Sandal,0.9997291,OK
20073,David Beckham Men Signature Story Deo,Deodorant,Fragrance,20073.jpg,Fragrance,Fragrance,0.99999976,OK
13995,Nike Women Solid Blue Jackets,Jackets,Topwear,13995.jpg,Topwear,Topwear,0.6560602,OK
8826,Spykar Men Ranger White Mustard Stripe Shirts,Shirts,Topwear,8826.jpg,Topwear,Topwear,0.99997437,OK
26382,Turtle Men Check Brown Trousers,Trousers,Bottomwear,26382.jpg,Bottomwear,Bottomwear,0.99999094,OK
4897,Levis Kids Girl's Diane Yellow Kidswear,Tops,Topwear,4897.jpg,Topwear,Topwear,0.9895471,OK
13355,Timberland Men Toddler Brown Casual Shoes,Casual Shoes,Shoes,13355.jpg,Shoes,Sandal,0.9863398,ONE MODEL DISAGREES
10681,United Colors of Benetton Men Printed Grey Tshirts,Tshirts,Topwear,10681.jpg,Topwear,Topwear,0.9999925,OK
11046,Scullers Men Check White Shirts,Shirts,Topwear,11046.jpg,Topwear,Topwear,0.9992791,OK
39864,Gini and Jony Boys Polo Red T-Shirt,Tshirts,Topwear,39864.jpg,Topwear,Topwear,1.0,OK
59323,Gliders Men Black Sandals,Sandals,Sandal,59323.jpg,Sandal,Sandal,0.9981046,OK
39629,Nike Men Toki Premium Purple Casual Shoes,Casual Shoes,Shoes,39629.jpg,Shoes,Shoes,0.9999765,OK
13706,Basics Men Red Checked Waistcoat,Waistcoat,Topwear,13706.jpg,Topwear,Topwear,0.9999949,OK
26171,Rocia Women Gold Casual Sandals,Flats,Shoes,26171.jpg,Shoes,Shoes,0.9960879,OK
24040,Locomotive Men Navy Blue Printed T-shirt,Tshirts,Topwear,24040.jpg,Topwear,Topwear,0.9998186,OK
2397,Red Tape Men's Brown Casual Shoe,Casual Shoes,Shoes,2397.jpg,Shoes,Shoes,0.9999906,OK
48751,Lucera Women Silver Bangle,Bangle,Jewellery,48751.jpg,Jewellery,Jewellery,0.9999993,OK
50211,Stoln Women Purple Sunglasses,Sunglasses,Eyewear,50211.jpg,Eyewear,Eyewear,0.9999845,OK
31049,Arrow Sport Men Beige Striped Shirt,Shirts,Topwear,31049.jpg,Topwear,Topwear,0.998642,OK
19146,United Colors of Benetton Men Solid Grey Sweatshirt,Sweatshirts,Topwear,19146.jpg,Topwear,Topwear,0.9997601,OK
44072,Hugo Men Summer Edition Perfume,Perfume and Body Mist,Fragrance,44072.jpg,Fragrance,Fragrance,0.999941,OK
18893,Arrow Woman Eleana Purple Top,Tops,Topwear,18893.jpg,Topwear,Topwear,0.99990094,OK
30635,Nike Men Basic Crew Blue T-shirt,Tshirts,Topwear,30635.jpg,Topwear,Topwear,0.9992003,OK
12988,United Colors Of Benetton Women Womenlight Winter Black Sweaters Black Sweaters,Sweaters,Topwear,12988.jpg,Topwear,Innerwear,0.81899893,ONE MODEL DISAGREES
46677,Rasasi Women Pack of 3 Perfumes,Perfume and Body Mist,Fragrance,46677.jpg,Fragrance,Fragrance,0.99951017,OK
17855,Levis Men Boxer Navy Blue Brief,Briefs,Innerwear,17855.jpg,Innerwear,Innerwear,0.99999785,OK
22344,John Players Men Printed Red T-Shirt,Tshirts,Topwear,22344.jpg,Topwear,Topwear,0.9999858,OK
3796,Basics Men White & Red Striped Polo T-shirt,Tshirts,Topwear,3796.jpg,Topwear,Topwear,0.999861,OK
28104,Jockey COMFPLUS Men Olive Y Front Briefs 8004,Briefs,Innerwear,28104.jpg,Innerwear,Innerwear,0.99963796,OK
4478,Puma Women Exsis Black Silver Purple Shoe,Sports Shoes,Shoes,4478.jpg,Shoes,Shoes,0.99968827,OK
15753,Facit Men Square Neck Grey Innerwear Vest,Innerwear Vests,Innerwear,15753.jpg,Innerwear,Innerwear,0.9971462,OK
2635,Carlton London Men White Strapped Sandal,Sandals,Sandal,2635.jpg,Sandal,Shoes,0.6151362,ONE MODEL DISAGREES
6774,Timberland Men Claremont Popl Blue Shirt,Shirts,Topwear,6774.jpg,Topwear,Topwear,0.99955136,OK
33563,Wrangler Women Butterfly Yellow T-shirt,Tshirts,Topwear,33563.jpg,Topwear,Topwear,0.99999094,OK
15324,Nike Men Printed White Sweatshirts,Sweatshirts,Topwear,15324.jpg,Topwear,Topwear,0.99992263,OK
58611,ToniQ Women Black Earrings,Earrings,Jewellery,58611.jpg,Jewellery,Jewellery,0.99999857,OK
39712,ADIDAS Originals Unisex Black Dial Watch ADH2647,Watches,Watches,39712.jpg,Watches,Watches,0.99999976,OK
5667,Tantra Men's Gizmo Black T-shirt,Tshirts,Topwear,5667.jpg,Topwear,Topwear,0.99956137,OK
5980,Locomotive Men Charcoal Stripe Shirt,Shirts,Topwear,5980.jpg,Topwear,Topwear,0.9999826,OK
15104,Mother Earth Women Printed Black Kurtas,Kurtas,Topwear,15104.jpg,Topwear,Topwear,0.9986089,OK
51944,Yelloe Unisex Brown iPad Sleeve,Tablet Sleeve,Bags,51944.jpg,Bags,Innerwear,0.91960084,ONE MODEL DISAGREES
42021,ADIDAS Women Black Vigor Shoes,Casual Shoes,Shoes,42021.jpg,Shoes,Shoes,0.9991334,OK
44978,Maxima Women Black Dial Watch,Watches,Watches,44978.jpg,Watches,Watches,0.9999851,OK
41010,Gini and Jony Girls Woven Navy Blue Jeans,Jeans,Bottomwear,41010.jpg,Bottomwear,Bottomwear,0.9999937,OK
38164,Miami Blues Men Sunglasses,Sunglasses,Eyewear,38164.jpg,Eyewear,Eyewear,0.99998045,OK
27205,Doodle Kids Boy Dark Blue Shorts,Shorts,Bottomwear,27205.jpg,Bottomwear,Bottomwear,0.9999987,OK
37221,United Colors of Benetton Boys Check Olive Shirt,Shirts,Topwear,37221.jpg,Topwear,Topwear,0.9999912,OK
45200,CASIO ENTICER Women White Dial Analogue Watch A655,Watches,Watches,45200.jpg,Watches,Watches,0.95982176,OK
16319,Peter England Men Printed Purple TShirt,Tshirts,Topwear,16319.jpg,Topwear,Topwear,0.9999976,OK
18843,Puma Men Graphic Print Red Tshirt,Tshirts,Topwear,18843.jpg,Topwear,Topwear,0.99996185,OK
37205,United Colors of Benetton Men Washed Blue Jeans,Jeans,Bottomwear,37205.jpg,Bottomwear,Bottomwear,0.9999753,OK
57439,Angry Birds Women Pink T-shirt,Tshirts,Topwear,57439.jpg,Topwear,Topwear,0.9998436,OK
38131,Wildcraft Unisex Blue Backpack,Backpacks,Bags,38131.jpg,Bags,Bags,0.9999994,OK
29561,Vans Men Desurgent Black Shoes,Casual Shoes,Shoes,29561.jpg,Shoes,Shoes,0.99984634,OK
26937,Jealous 21 Women Printed White T-shirt,Tshirts,Topwear,26937.jpg,Topwear,Topwear,0.9999927,OK
38532,Puma Women Black Sports Shoes,Sports Shoes,Shoes,38532.jpg,Shoes,Shoes,0.97833455,OK
18915,Levis Men Work Western Red Shirt,Shirts,Topwear,18915.jpg,Topwear,Topwear,0.99996066,OK
47608,Portia Women Blue Flats,Heels,Shoes,47608.jpg,Shoes,Shoes,0.98532295,OK
39730,Arrow Woman Lavender Top,Tops,Topwear,39730.jpg,Topwear,Topwear,0.9944219,OK
59887,Femella Women Pink Tube Top,Tops,Topwear,59887.jpg,Topwear,Innerwear,0.7002474,ONE MODEL DISAGREES
37597,Madagascar3 Boys White Printed T-Shirt,Tshirts,Topwear,37597.jpg,Topwear,Topwear,0.99999225,OK
10619,Carlton London Women Silver Flats,Flats,Shoes,10619.jpg,Shoes,Shoes,0.59131885,OK
15671,Highlander Men High Original Blue Jeans,Jeans,Bottomwear,15671.jpg,Bottomwear,Bottomwear,0.9999572,OK
23771,Oakley Women Brown Forsake Sunglasses,Sunglasses,Eyewear,23771.jpg,Eyewear,Eyewear,0.9999496,OK
47542,Portia Women Grey Flats,Flats,Shoes,47542.jpg,Shoes,Shoes,0.9310377,OK
47868,Murcia Women Mauve Handbag,Handbags,Bags,47868.jpg,Bags,Bags,1.0,OK
42103,ADIDAS Men Black Polo T-shirt,Tshirts,Topwear,42103.jpg,Topwear,Topwear,0.9999486,OK
48653,Lucera Women Silver Earrings,Earrings,Jewellery,48653.jpg,Jewellery,Jewellery,0.9999994,OK
43585,Gini and Jony Girls Pink Top,Tops,Topwear,43585.jpg,Topwear,Topwear,0.99662304,OK
14325,ADIDAS Women Printed Pink T-shirt,Tshirts,Topwear,14325.jpg,Topwear,Topwear,0.9999981,OK
56676,Maxima Men White Chronograph Watch,Watches,Watches,56676.jpg,Watches,Watches,0.9999939,OK
10142,Rockport Men Captoe Brown Casual Shoes,Casual Shoes,Shoes,10142.jpg,Shoes,Shoes,0.99982506,OK
46517,Timex Men White Dial Watch,Watches,Watches,46517.jpg,Watches,Watches,1.0,OK
46094,ADIDAS Men Grey Climacool Cayoosh Sandals,Sandals,Sandal,46094.jpg,Sandal,Sandal,0.9926715,OK
5686,Skechers Men Regions Black Shoe,Casual Shoes,Shoes,5686.jpg,Shoes,Shoes,0.9999448,OK
5360,Kalenji Kapteren 100 Blue/grey,Sports Shoes,Shoes,5360.jpg,Shoes,Shoes,0.9995622,OK
20963,Fastrack Women Polyester Black Sling Bag,Handbags,Bags,20963.jpg,Bags,Bags,1.0,OK
11816,Playboy Men Casual White Casual Shoes,Casual Shoes,Shoes,11816.jpg,Shoes,Shoes,0.99703145,OK
8475,Scullers For Her Women Check Purple Top,Tops,Topwear,8475.jpg,Topwear,Topwear,0.9997563,OK
45878,Maxima Men White Dial Watch,Watches,Watches,45878.jpg,Watches,Watches,1.0,OK
4150,Nike Women Dunk Purple Violet Shoe,Sports Shoes,Shoes,4150.jpg,Shoes,Shoes,0.9996731,OK
18241,Manchester United Men Printed Red Tshirt,Tshirts,Topwear,18241.jpg,Topwear,Topwear,0.99999833,OK
28033,Jockey ELANCE Men Black Y Front Briefs 1006,Briefs,Innerwear,28033.jpg,Innerwear,Innerwear,0.9999987,OK
48349,Pitaraa Women Pink Clutch,Clutches,Bags,48349.jpg,Bags,Bags,0.9998318,OK
36957,Force 10 Men White Sports Shoes,Sports Shoes,Shoes,36957.jpg,Shoes,Shoes,0.99966776,OK
7257,Rockport Men's Alfrew Dark Tan Shoe,Formal Shoes,Shoes,7257.jpg,Shoes,Shoes,0.996491,OK
23833,Puma Women Silver Gladiator Sandals,Flats,Shoes,23833.jpg,Sandal,Shoes,0.83239466,ONE MODEL DISAGREES
31325,Aurelia Women Printed Purple Kurta,Kurtas,Topwear,31325.jpg,Topwear,Topwear,0.99999917,OK
41233,Puma Men White Aquil Sports Shoes,Sports Shoes,Shoes,41233.jpg,Shoes,Shoes,0.99959725,OK
29296,Wrangler Women Printed Black T-shirt,Tshirts,Topwear,29296.jpg,Topwear,Topwear,0.9999951,OK
52202,Lencia Sterling Silver Pendant,Pendant,Jewellery,52202.jpg,Jewellery,Jewellery,0.9775694,OK
20163,Wrangler Men Easter Bright Purple Shirt,Shirts,Topwear,20163.jpg,Topwear,Topwear,0.9999974,OK
46469,Timex Men Blue Dial Chronograph Watch,Watches,Watches,46469.jpg,Watches,Watches,1.0,OK
33511,Cobblerz Women Teal Green Boots,Casual Shoes,Shoes,33511.jpg,Shoes,Shoes,0.99968135,OK
3964,Jealous 21 Women Blue V Neck Party Top,Tops,Topwear,3964.jpg,Topwear,Topwear,0.99900335,OK
8689,Fastrack Women Basics Sunglasses P180BR1F,Sunglasses,Eyewear,8689.jpg,Eyewear,Eyewear,0.9999225,OK
23052,Arrow Woman Black Printed Top,Tops,Topwear,23052.jpg,Topwear,Topwear,0.9999852,OK
20321,Mother Earth Men Solid Olive Shirt,Shirts,Topwear,20321.jpg,Topwear,Topwear,0.9999765,OK
41392,Wrangler Men Blue & White Check Shirt,Shirts,Topwear,41392.jpg,Topwear,Topwear,0.9999987,OK
18598,Puma Men Navy Blue  Drifter Cat Flip flops,Sports Sandals,Sandal,18598.jpg,Sandal,Sandal,0.72758454,OK
5861,ADIDAS Men's 16th Polo Black T-shirt,Tshirts,Topwear,5861.jpg,Topwear,Topwear,0.99538773,OK
11647,Puma Men Turbo Black Watch,Watches,Watches,11647.jpg,Watches,Watches,0.9999999,OK
52556,Pepe Jeans Women Blue Jeans,Jeans,Bottomwear,52556.jpg,Bottomwear,Bottomwear,0.99997234,OK
53307,Locomotive Men White T-shirt,Tshirts,Topwear,53307.jpg,Topwear,Topwear,0.99443275,OK
30886,Fabindia Women Printed Red Kurta,Kurtas,Topwear,30886.jpg,Topwear,Topwear,0.9999956,OK
11662,Lee Women Grey Printed T-shirt,Tshirts,Topwear,11662.jpg,Topwear,Topwear,0.9997979,OK
34433,Myntra Women Dont Think Blue T-shirt,Tshirts,Topwear,34433.jpg,Topwear,Topwear,0.9999999,OK
34011,Gini and Jony Girls Printed White Top,Tops,Topwear,34011.jpg,Topwear,Topwear,0.99862814,OK
9820,Little Miss Women Printed Dark Grey T-shirt,Tshirts,Topwear,9820.jpg,Topwear,Topwear,0.9999999,OK
6684,UCB Women's Pleat At Back Yellow T-shirt,Tshirts,Topwear,6684.jpg,Topwear,Topwear,0.99975246,OK
57354,Amante White Full-Coverage T-shirt Bra BGSI01,Bra,Innerwear,57354.jpg,Innerwear,Innerwear,0.9997111,OK
9463,John Miller Men White Shirt,Shirts,Topwear,9463.jpg,Topwear,Topwear,0.99889475,OK
12819,Nike Men Air Impetus White Shoes,Sports Shoes,Shoes,12819.jpg,Shoes,Shoes,0.99997354,OK
18634,Puma Men GP Budg Logo Red Tshirts,Tshirts,Topwear,18634.jpg,Topwear,Topwear,0.99996495,OK
11541,W Women Printed Blue Kurtas,Kurtas,Topwear,11541.jpg,Topwear,Topwear,0.9999957,OK
10285,Clarks Men Goya Rates Leather Black Formal Shoes,Formal Shoes,Shoes,10285.jpg,Shoes,Shoes,0.9994041,OK
28264,Gatsby Men Spicy Deo,Deodorant,Fragrance,28264.jpg,Fragrance,Fragrance,0.9999949,OK
29808,Basics Men Blue Checked Slim Fit Shirt,Shirts,Topwear,29808.jpg,Topwear,Topwear,0.99909973,OK
44124,Hugo Women Deep Red Perfume,Perfume and Body Mist,Fragrance,44124.jpg,Fragrance,Fragrance,0.9858673,OK
50195,Gini and Jony Boys Black T-shirt,Tshirts,Topwear,50195.jpg,Topwear,Topwear,0.99982184,OK
30205,Nike Women Track Tote Pink Handbag,Handbags,Bags,30205.jpg,Bags,Bags,0.9999974,OK
13474,Rocia Women Gold Toned Flats,Flats,Shoes,13474.jpg,Shoes,Shoes,0.9983461,OK
29479,Giordano Men White Dial Watch,Watches,Watches,29479.jpg,Watches,Watches,0.996396,OK
41751,Doodle Boys Printed Yellow T-shirt,Tshirts,Topwear,41751.jpg,Topwear,Topwear,0.999982,OK
10434,Flying Machine Men Ydc Blue Shirts,Shirts,Topwear,10434.jpg,Topwear,Topwear,0.99999905,OK
48030,Nautica Men White Dial Chronograph Watch,Watches,Watches,48030.jpg,Watches,Watches,0.99999905,OK
47589,Portia Women Maroon Sandals,Heels,Shoes,47589.jpg,Shoes,Sandal,0.5291113,ONE MODEL DISAGREES
12753,Spykar Men Ep Jeans Black Jeans,Jeans,Bottomwear,12753.jpg,Bottomwear,Bottomwear,0.9999993,OK
7885,Proline Men Grey Track Pants,Track Pants,Bottomwear,7885.jpg,Bottomwear,Bottomwear,0.99999595,OK
9923,Puma Unisex Dazzle Shopper Black Bags,Handbags,Bags,9923.jpg,Bags,Bags,0.9999137,OK
41963,Gini and Jony Girls Core Green Top,Tops,Topwear,41963.jpg,Topwear,Topwear,0.99997926,OK
38327,Hannah Montana Girls Blue Top,Tops,Topwear,38327.jpg,Topwear,Topwear,0.9997949,OK
9902,Spykar Men Skinny Low Waist Tight Fit Blue Jeans,Jeans,Bottomwear,9902.jpg,Bottomwear,Bottomwear,0.9999838,OK
51437,Myntra Women Multi Coloured Printed Top,Tops,Topwear,51437.jpg,Topwear,Topwear,0.99999917,OK
20275,Catwalk Women Casual Multi Flats,Heels,Shoes,20275.jpg,Shoes,Shoes,0.9708774,OK
27486,Jockey Women Purple Bikini Briefs,Briefs,Innerwear,27486.jpg,Innerwear,Innerwear,0.9999604,OK
3658,Fila Men's Tribute Black Shoe,Casual Shoes,Shoes,3658.jpg,Shoes,Shoes,0.9996723,OK
53063,Rocia Women Blue Handbag,Handbags,Bags,53063.jpg,Bags,Bags,0.99999976,OK
7084,Wildcraft Unisex Olive Green Backpack,Backpacks,Bags,7084.jpg,Bags,Bags,0.9999999,OK
31215,Lotto Men Classica II White Sports Shoes,Sports Shoes,Shoes,31215.jpg,Shoes,Shoes,0.9999995,OK
2347,Reebok Men White Contrasts T-shirt,Tshirts,Topwear,2347.jpg,Topwear,Topwear,0.99760216,OK
2312,Nike Mens White Polo T-shirt,Tshirts,Topwear,2312.jpg,Topwear,Topwear,0.99983525,OK
8675,Fastrack Unisex Black Sunglasses,Sunglasses,Eyewear,8675.jpg,Eyewear,Eyewear,0.9999436,OK
28580,ADIDAS Originals Men Blue Dial Watch ADH2649,Watches,Watches,28580.jpg,Watches,Watches,0.9999932,OK
23710,Ray-Ban Men Wayfarer II Sunglasses,Sunglasses,Eyewear,23710.jpg,Eyewear,Eyewear,0.9996537,OK
15265,ADIDAS Originals Women Ulama White Casual Shoes,Casual Shoes,Shoes,15265.jpg,Shoes,Shoes,0.9999558,OK
3386,Murcia Women Stitch Turquoise blue Bag,Handbags,Bags,3386.jpg,Bags,Bags,1.0,OK
22900,Mark Taylor Men Green Striped Shirt,Shirts,Topwear,22900.jpg,Topwear,Topwear,0.99979323,OK
48091,French Connection Women Blue Shirt,Shirts,Topwear,48091.jpg,Topwear,Topwear,0.9999993,OK
5286,Wildcraft Unisex Grey Sling Bag,Handbags,Bags,5286.jpg,Bags,Bags,1.0,OK
49668,United Colors of Benetton Men Sunglass,Sunglasses,Eyewear,49668.jpg,Eyewear,Eyewear,0.9999994,OK
28961,BIBA Women Printed Blue Kurta,Kurtas,Topwear,28961.jpg,Topwear,Topwear,0.99760264,OK
28939,BIBA Women Printed Pink Kurta,Kurtas,Topwear,28939.jpg,Topwear,Topwear,0.99999976,OK
2737,Disney Kids Girl's Red Kidswear,Tops,Topwear,2737.jpg,Topwear,Topwear,0.9820081,OK
14746,Arrow Men Stripes White Shirts,Shirts,Topwear,14746.jpg,Topwear,Topwear,0.99992335,OK
52847,Adrika Red Earrings,Earrings,Jewellery,52847.jpg,Jewellery,Jewellery,0.9999889,OK
16324,Peter England Men Printed Navy Blue TShirt,Tshirts,Topwear,16324.jpg,Topwear,Topwear,0.9999995,OK
5416,Ant Kids Girl's White Little Heart Kidswear,Tshirts,Topwear,5416.jpg,Topwear,Topwear,0.99981457,OK
43380,Reebok Men White Mamba Casual Shoes,Casual Shoes,Shoes,43380.jpg,Shoes,Shoes,0.9998754,OK
6708,UCB Men Ben Logo At Chest Yellow Shirt,Shirts,Topwear,6708.jpg,Topwear,Topwear,0.9991548,OK
46752,Nautilus Women Pois Perfume,Perfume and Body Mist,Fragrance,46752.jpg,Fragrance,Fragrance,0.99852884,OK
13242,Palm Tree Kids Boys Solid Beige Shorts,Shorts,Bottomwear,13242.jpg,Bottomwear,Bottomwear,0.99965465,OK
19076,W Women Block Print Purple Kurta,Kurtas,Topwear,19076.jpg,Topwear,Topwear,0.99997115,OK
40596,Aurelia Women Brown Kurtis,Kurtis,Topwear,40596.jpg,Topwear,Topwear,0.9989435,OK
20927,Fastrack Unisex Polyester Black HandBag,Handbags,Bags,20927.jpg,Bags,Bags,1.0,OK
13941,United Colors of Benetton Men Solid Blue Shirts,Shirts,Topwear,13941.jpg,Topwear,Topwear,0.9998939,OK
15129,Arrow Sport Men Solid DK.Grey Trousers,Trousers,Bottomwear,15129.jpg,Bottomwear,Bottomwear,0.9999939,OK
7459,Proline Men Green Striped Polo T-shirt,Tshirts,Topwear,7459.jpg,Topwear,Topwear,0.9999876,OK
23042,Arrow Men Navy Blue Trousers,Trousers,Bottomwear,23042.jpg,Bottomwear,Bottomwear,0.99999905,OK
47475,Tiptopp Women Black Flats,Flats,Shoes,47475.jpg,Shoes,Sandal,0.9235996,ONE MODEL DISAGREES
11006,Puma Men Race Luminous Black Chronograph Watch,Watches,Watches,11006.jpg,Watches,Watches,0.9999951,OK
23545,Police Passion Men Fragrance Gift Set,Fragrance Gift Set,Fragrance,23545.jpg,Fragrance,Fragrance,0.9999014,OK
43001,Nike Men White Lunarswift Sports Shoes,Sports Shoes,Shoes,43001.jpg,Shoes,Shoes,0.9998847,OK
1938,Puma Men's Jamaica Jam Blues T-shirt,Tshirts,Topwear,1938.jpg,Topwear,Topwear,0.9999999,OK
59122,Just Natural Men Grey Jacket,Jackets,Topwear,59122.jpg,Topwear,Topwear,0.9978375,OK
15848,Warner Bros Adults-Unisex SD Fly Clog Orange Sandals,Sandals,Sandal,15848.jpg,Sandal,Sandal,0.5781671,OK
14329,Nike Men Lunar Swift +3 Black Sports Shoes,Sports Shoes,Shoes,14329.jpg,Shoes,Shoes,0.9999856,OK
4454,ADIDAS Men's Brown Color Canvas Shoe,Casual Shoes,Shoes,4454.jpg,Shoes,Shoes,0.99801934,OK
58961,Colour Me Men White Perfume,Perfume and Body Mist,Fragrance,58961.jpg,Fragrance,Fragrance,0.99996006,OK
20306,Jealous 21 Women Solid Blue Sweater,Sweaters,Topwear,20306.jpg,Topwear,Topwear,0.99995637,OK
23957,Provogue Men Blue Shirt,Shirts,Topwear,23957.jpg,Topwear,Topwear,0.99999845,OK
14952,Status Quo Men Stripes Navy Blue Tshirts,Tshirts,Topwear,14952.jpg,Topwear,Topwear,0.998979,OK
20144,Wrangler Men Bull Classic Striped White Shirt,Shirts,Topwear,20144.jpg,Topwear,Topwear,0.9996424,OK
19025,Catwalk Women Peep Toe Blue Peep Toes,Heels,Shoes,19025.jpg,Shoes,Shoes,0.9997451,OK
14931,Status Quo Men Check Navy Blue Shorts,Shorts,Bottomwear,14931.jpg,Bottomwear,Bottomwear,0.99991775,OK
29721,John Miller Men Check Purple Shirt,Shirts,Topwear,29721.jpg,Topwear,Topwear,0.9999813,OK
33457,Baggit Women Billuz Roy Maroon Handbag,Handbags,Bags,33457.jpg,Bags,Bags,0.9999118,OK
46583,Catwalk Women Grey Sandals,Flats,Shoes,46583.jpg,Shoes,Sandal,0.75054854,ONE MODEL DISAGREES
19609,United Colors of Benetton Women Purple Top,Tops,Topwear,19609.jpg,Topwear,Topwear,0.9998267,OK
2558,Domyos Women Trompette Track Pant,Track Pants,Bottomwear,2558.jpg,Bottomwear,Bottomwear,0.9999968,OK
46546,Timex Men Black Dial Watch T2N522,Watches,Watches,46546.jpg,Watches,Watches,1.0,OK
10407,United Colors of Benetton Men Solid Grey Shirts,Shirts,Topwear,10407.jpg,Topwear,Topwear,0.9999814,OK
1999,Puma Men's Grey Track Pants,Track Pants,Bottomwear,1999.jpg,Bottomwear,Bottomwear,0.99959964,OK
54905,Do u speak green Men Brown T-shirt,Tshirts,Topwear,54905.jpg,Topwear,Innerwear,0.5739046,ONE MODEL DISAGREES
29657,Indigo Nation Men Check White Shirt,Shirts,Topwear,29657.jpg,Topwear,Topwear,0.99999785,OK
11420,United Colors of Benetton Men Light Winter Blue Tshirts,Tshirts,Topwear,11420.jpg,Topwear,Topwear,0.9812228,OK
1800,Quechua Unisex Black Solid Backpack,Backpacks,Bags,1800.jpg,Bags,Bags,0.9997749,OK
48923,Revv Men Steel Ring,Ring,Jewellery,48923.jpg,Jewellery,Jewellery,0.9991616,OK
27199,Doodle Kids Girl Printed Grey Skirt,Skirts,Bottomwear,27199.jpg,Bottomwear,Bottomwear,0.5180217,OK
15010,ADIDAS Men Printed Maroon Tshirts,Tshirts,Topwear,15010.jpg,Topwear,Topwear,0.9963811,OK
57896,Femella Women Off White Shorts,Shorts,Bottomwear,57896.jpg,Bottomwear,Bottomwear,0.9958528,OK
22536,Gas Men Skate Green Casual Shoes,Casual Shoes,Shoes,22536.jpg,Shoes,Shoes,0.99837095,OK
54666,Fastrack Men Blue Dial  Watch,Watches,Watches,54666.jpg,Watches,Watches,1.0,OK
37086,Lino Perros Women Black Mobile Pouch,Mobile Pouch,Bags,37086.jpg,Bags,Bags,0.9972938,OK
32959,Angry Birds Men Purple T-shirt,Tshirts,Topwear,32959.jpg,Topwear,Topwear,0.9999796,OK
13814,Proline Pack of 3 Printed T-shirts,Tshirts,Topwear,13814.jpg,Topwear,Topwear,0.99956125,OK
9497,Decathlon Men Arpenaz Black Sandals,Sandals,Sandal,9497.jpg,Sandal,Shoes,0.9998266,ONE MODEL DISAGREES
27262,Arrow Woman Striped Olive Top,Tops,Topwear,27262.jpg,Topwear,Topwear,0.9999453,OK
44550,Coolers Men Beige Sandals,Sandals,Sandal,44550.jpg,Sandal,Sandal,0.94827926,OK
11559,W Women Printed White Kurtas,Kurtas,Topwear,11559.jpg,Topwear,Topwear,0.99993587,OK
43923,Femella Women Blue Top,Tops,Topwear,43923.jpg,Topwear,Topwear,0.9999896,OK
40481,Fila Men Grey Ultralite Sports Shoes,Sports Shoes,Shoes,40481.jpg,Shoes,Shoes,0.99847883,OK
26644,Puma Men Driving Power Light Black Casual Shoes,Casual Shoes,Shoes,26644.jpg,Shoes,Shoes,0.9998816,OK
13199,ASICS Men Gel Resolution Running White Sports Shoes,Sports Shoes,Shoes,13199.jpg,Shoes,Shoes,0.99992096,OK
26361,Arrow Woman Blue Top,Tops,Topwear,26361.jpg,Topwear,Topwear,0.99999905,OK
20004,United Colors of Benetton Men Printed Beige TShirt,Tshirts,Topwear,20004.jpg,Topwear,Topwear,0.99624395,OK
10842,Wrangler Men Celebrate Polo Grey T-Shirt,Tshirts,Topwear,10842.jpg,Topwear,Topwear,0.99666315,OK
34493,Van Heusen Woman Grey Skirt,Skirts,Bottomwear,34493.jpg,Bottomwear,Bottomwear,0.9998988,OK
19160,United Colors of Benetton Men Yellow T-shirt,Tshirts,Topwear,19160.jpg,Topwear,Topwear,0.9436285,OK
17499,Classic Polo Men Stripes Blue Polo T-Shirt,Tshirts,Topwear,17499.jpg,Topwear,Topwear,0.9999981,OK
8909,Puma Unisex Benecio Leather Drip Indigo Blue Casual Shoes,Casual Shoes,Shoes,8909.jpg,Shoes,Shoes,0.9995297,OK
4752,ADIDAS Men's Red Polo T-shirt,Tshirts,Topwear,4752.jpg,Topwear,Topwear,0.9999964,OK
5865,ADIDAS Men's Twelve Faster T-shirt,Tshirts,Topwear,5865.jpg,Topwear,Topwear,0.9998419,OK
22824,Woodland Men Brown Casual Shoes,Casual Shoes,Shoes,22824.jpg,Shoes,Shoes,0.99996376,OK
59769,Estelle Women Gold Earring & Pendant Set,Jewellery Set,Jewellery,59769.jpg,Jewellery,Jewellery,0.9999995,OK
10456,Flying Machine Men Grey Polo Tshirts,Tshirts,Topwear,10456.jpg,Topwear,Topwear,0.99993265,OK
35213,Wildcraft Unisex Reflex Black Backpack,Backpacks,Bags,35213.jpg,Bags,Bags,0.9999988,OK
16067,Highlander Men Solid Black Trouser,Trousers,Bottomwear,16067.jpg,Bottomwear,Bottomwear,0.99999535,OK
20007,United Colors of Benetton Men White Printed T-shirt,Tshirts,Topwear,20007.jpg,Topwear,Topwear,0.9997229,OK
5540,Nike Men's Lunar Fly Black Blue Shoe,Sports Shoes,Shoes,5540.jpg,Shoes,Shoes,0.9998578,OK
47389,Baggit Women White Handbag,Handbags,Bags,47389.jpg,Bags,Bags,0.9980261,OK
22015,Murcia Women Casual Maroon Handbag,Handbags,Bags,22015.jpg,Bags,Bags,0.9999989,OK
54326,Garfield Women White Cheeky Hipster Briefs,Briefs,Innerwear,54326.jpg,Innerwear,Innerwear,0.9998498,OK
46944,York Women Perfume,Perfume and Body Mist,Fragrance,46944.jpg,Fragrance,Jewellery,0.9891754,ONE MODEL DISAGREES
11042,Scullers Men Check Purple Shirts,Shirts,Topwear,11042.jpg,Topwear,Topwear,0.99999774,OK
36454,Spinn Men Techno White Sports Shoes,Sports Shoes,Shoes,36454.jpg,Shoes,Shoes,0.99876237,OK
6079,UCB Men's Johny Collar With Two Tone Grey T-shirt,Tshirts,Topwear,6079.jpg,Topwear,Topwear,0.97108644,OK
11402,United Colors of Benetton Men Winter Black Sweatshirts,Sweatshirts,Topwear,11402.jpg,Topwear,Topwear,0.9999715,OK
19330,United Colors of Benetton Women Solid Black Jacket,Jackets,Topwear,19330.jpg,Topwear,Topwear,0.9999,OK
51394,Myntra Men Red Check Shorts,Shorts,Bottomwear,51394.jpg,Bottomwear,Bottomwear,0.99998355,OK
9571,Puma Unisex Core Shoulder Black Bags,Handbags,Bags,9571.jpg,Bags,Bags,0.9999964,OK
14482,Flying Machine Men Black Shoes,Casual Shoes,Shoes,14482.jpg,Shoes,Shoes,0.99867564,OK
45731,Folklore Women Cream Kurta,Kurtas,Topwear,45731.jpg,Topwear,Topwear,0.99927706,OK
44888,Puma Men Red Polo Neck T-shirt,Tshirts,Topwear,44888.jpg,Topwear,Topwear,0.9993593,OK
14941,Status Quo Men Solid White Shorts,Shorts,Bottomwear,14941.jpg,Bottomwear,Bottomwear,0.9977921,OK
30565,Opium Unisex Black Sunglass,Sunglasses,Eyewear,30565.jpg,Eyewear,Eyewear,0.99999905,OK
30842,Fabindia Women Navy Blue Kurta,Kurtas,Topwear,30842.jpg,Topwear,Topwear,0.999634,OK
9925,Puma Women Avenue Shopper Purple Bag,Handbags,Bags,9925.jpg,Bags,Bags,0.9997569,OK
19524,United Colors of Benetton Men Solid Blue Sweater,Sweaters,Topwear,19524.jpg,Topwear,Topwear,0.99989104,OK
22861,Woodland Men Camel Casual Shoes,Casual Shoes,Shoes,22861.jpg,Shoes,Shoes,0.996831,OK
48065,French Connection Men Blue Shirt,Shirts,Topwear,48065.jpg,Topwear,Topwear,0.99985814,OK
57133,Elle Women Multi Coloured Top,Tops,Topwear,57133.jpg,Topwear,Topwear,0.9999802,OK
11806,Vishudh Women Cotton Silk Maroon Kurtas,Kurtas,Topwear,11806.jpg,Topwear,Topwear,0.9997546,OK
51041,Enamor Women Ivory Coloured Briefs,Briefs,Innerwear,51041.jpg,Innerwear,Innerwear,0.9962202,OK
8983,Puma Men Evo Ducati Lo Black Casual Shoes,Casual Shoes,Shoes,8983.jpg,Shoes,Shoes,0.9995011,OK
58974,Colour me Men Gold Deo,Deodorant,Fragrance,58974.jpg,Fragrance,Fragrance,0.9999875,OK
4701,ADIDAS Unisex Originals Black Watch,Watches,Watches,4701.jpg,Watches,Watches,1.0,OK
19915,Wildcraft Unisex Pink Waist Pouch,Waist Pouch,Bags,19915.jpg,Bags,Bags,0.99999976,OK
15863,Warner Bros Kids Unisex SD Face Sandal Grey Sandals,Sandals,Sandal,15863.jpg,Sandal,Sandal,0.6690437,OK
16557,Basics Men Navy Printed Sweatshirt,Sweatshirts,Topwear,16557.jpg,Topwear,Topwear,0.9999976,OK
2147,Basics Men Orange Striped Polo T-shirt,Tshirts,Topwear,2147.jpg,Topwear,Topwear,0.997451,OK
6374,Numero Uno Men's Canvas Red Shoe,Casual Shoes,Shoes,6374.jpg,Shoes,Shoes,0.9999646,OK
44988,Maxima Ssteele Men White Dial Watch,Watches,Watches,44988.jpg,Watches,Watches,0.99999785,OK
56913,HM Women Yellow Flats,Heels,Shoes,56913.jpg,Shoes,Shoes,0.93694454,OK
33372,Baggit Women Purple Mobile Pouch,Mobile Pouch,Bags,33372.jpg,Bags,Bags,1.0,OK
48196,United Colors of Benetton Men Black Sunglasses,Sunglasses,Eyewear,48196.jpg,Eyewear,Eyewear,0.9999994,OK
8550,Basics Men Plain Red Polo Tshirts,Tshirts,Topwear,8550.jpg,Topwear,Topwear,0.98749745,OK
9168,Locomotive Men Radley Blue Jeans,Jeans,Bottomwear,9168.jpg,Bottomwear,Bottomwear,0.99997747,OK
25441,Nike Men Elite Blue Shoes,Casual Shoes,Shoes,25441.jpg,Shoes,Shoes,0.9991297,OK
41583,AND by Anita Dongre Women Wine Coloured Top,Tops,Topwear,41583.jpg,Topwear,Topwear,0.9995777,OK
57188,Elle Women Lavender Tunic,Tunics,Topwear,57188.jpg,Topwear,Topwear,0.98904747,OK
22377,Mark Taylor Men White Red Green Striped Shirt,Shirts,Topwear,22377.jpg,Topwear,Topwear,0.99998736,OK
12965,ADIDAS Men Comanche Black Sandals,Sandals,Sandal,12965.jpg,Sandal,Sandal,0.99988973,OK
33017,Mother Earth Women Striped Green Kurta,Kurtas,Topwear,33017.jpg,Topwear,Topwear,0.99995816,OK
15896,Warner Bros Kids Girls TW Love flops Pink Slippers,Sandals,Sandal,15896.jpg,Sandal,Sandal,0.9671687,OK
5208,Superman Men's Crew White T-shirt,Tshirts,Topwear,5208.jpg,Topwear,Topwear,0.99965024,OK
32218,Fabindia Women Printed Red Kurta,Kurtas,Topwear,32218.jpg,Topwear,Topwear,0.99988556,OK
4337,Fila Men's Skills White Navy Shoe,Sports Shoes,Shoes,4337.jpg,Shoes,Shoes,0.99999905,OK
45643,Park Avenue Men White Fashion Brief,Briefs,Innerwear,45643.jpg,Innerwear,Innerwear,0.9998783,OK
43129,David Beckham Women Signature Eau De Toilette 75 ml,Perfume and Body Mist,Fragrance,43129.jpg,Fragrance,Fragrance,0.99575067,OK
44237,Nike Women White and Green Sneakers,Casual Shoes,Shoes,44237.jpg,Shoes,Shoes,0.99371004,OK
33308,Gini and Jony Boys Solid Black Jeans,Jeans,Bottomwear,33308.jpg,Bottomwear,Bottomwear,0.99999857,OK
13217,Palm Tree Kids Boys Solid White Shirts,Shirts,Topwear,13217.jpg,Topwear,Topwear,0.9896891,OK
36427,Spinn Men Bounce White Sports Shoes,Sports Shoes,Shoes,36427.jpg,Shoes,Shoes,0.9629906,OK
24760,Inc.5 Women Metallic Heels,Heels,Shoes,24760.jpg,Shoes,Shoes,0.99933404,OK
44186,Nike Fragrances Men 5th Element Perfume,Perfume and Body Mist,Fragrance,44186.jpg,Fragrance,Fragrance,0.9999795,OK
4952,Gini and Jony Boy's Kimon Black Bermuda Infant Kidswear,Shorts,Bottomwear,4952.jpg,Topwear,Bottomwear,0.97732043,ONE MODEL DISAGREES
41848,ADIDAS Unisex Black Predator Backpack,Backpacks,Bags,41848.jpg,Bags,Bags,1.0,OK
57398,Amante Women Black Briefs PGDI03,Briefs,Innerwear,57398.jpg,Innerwear,Innerwear,0.99877757,OK
24886,United Colors of Benetton Women Blue Polo T-shirt,Tshirts,Topwear,24886.jpg,Topwear,Topwear,0.9998734,OK
33501,Doodle Kids Girl  Pink Capris,Capris,Bottomwear,33501.jpg,Bottomwear,Bottomwear,0.99318403,OK
4014,Myntra Men's Sadhu 1/2 Sleeve Black T-shirt,Tshirts,Topwear,4014.jpg,Topwear,Topwear,0.99886453,OK
8216,Fastrack Unisex Black Orange Single Strap Backpack,Backpacks,Bags,8216.jpg,Bags,Bags,0.99992394,OK
12501,United Colors of Benetton Men Short Green T-shirt,Tshirts,Topwear,12501.jpg,Topwear,Topwear,0.9929483,OK
4730,Disney Kids Boy's Champs Blue Teen Kidswear,Tshirts,Topwear,4730.jpg,Topwear,Topwear,0.9999875,OK
3534,Myntra Women's I Want You Black T-shirt,Tshirts,Topwear,3534.jpg,Topwear,Topwear,0.99952865,OK
54060,Myntra Women Green Patiala,Patiala,Bottomwear,54060.jpg,Bottomwear,Bottomwear,0.9999887,OK
33154,Classic Polo Men Printed Blue T-shirt,Tshirts,Topwear,33154.jpg,Topwear,Topwear,0.9990337,OK
14333,Nike Men Downshifter 3MSL White Sports Shoes,Sports Shoes,Shoes,14333.jpg,Shoes,Shoes,0.9999536,OK
46667,Rasasi Men Numero Due Deo,Deodorant,Fragrance,46667.jpg,Fragrance,Fragrance,0.99999726,OK
23135,Chhota Bheem Kids Boys Lets Rock Green T-shirt,Tshirts,Topwear,23135.jpg,Topwear,Topwear,0.9998443,OK
49956,Hanes Men Black Panelled 3/4th Pants,Shorts,Bottomwear,49956.jpg,Bottomwear,Bottomwear,0.99976975,OK
5353,Kalenji Ekiden 50 Women,Sports Shoes,Shoes,5353.jpg,Shoes,Shoes,0.9979755,OK
51825,Bwitch  Black Bra,Bra,Innerwear,51825.jpg,Innerwear,Innerwear,0.9995834,OK
27305,ADIDAS Men Victory League Deo,Deodorant,Fragrance,27305.jpg,Fragrance,Fragrance,0.9999939,OK
46454,Timex Men Blue Dial Watch J203,Watches,Watches,46454.jpg,Watches,Watches,1.0,OK
41793,Remanika Women Dark Peach Tunic,Tunics,Topwear,41793.jpg,Topwear,Topwear,0.99999666,OK
10491,Flying Machine Women HS White Tshirts,Tshirts,Topwear,10491.jpg,Topwear,Topwear,0.99984753,OK
18756,Arrow Woman Kiro Blue Shirt,Shirts,Topwear,18756.jpg,Topwear,Topwear,0.99999297,OK
33437,Baggit Women Confident Gipsy Blue Handbag,Handbags,Bags,33437.jpg,Bags,Bags,0.9999999,OK
48069,French Connection Men Navy Blue T-shirt,Tshirts,Topwear,48069.jpg,Topwear,Topwear,0.9999981,OK
27346,Kylie Minogue Women Darling Deo,Deodorant,Fragrance,27346.jpg,Fragrance,Fragrance,0.9951456,OK
15047,ADIDAS Kids Boys Solid Navy Blue Jackets,Jackets,Topwear,15047.jpg,Topwear,Topwear,0.7775283,OK
48241,Avengers Boys Cream Printed T-shirt,Tshirts,Topwear,48241.jpg,Topwear,Topwear,0.999882,OK
43050,Nike Men Blue FFF Football Jersey,Tshirts,Topwear,43050.jpg,Topwear,Topwear,0.999686,OK
8167,Highlander Men Green Checked Halford Slim Fit Shirt,Shirts,Topwear,8167.jpg,Topwear,Topwear,0.99999785,OK
36460,Spinn Men Texan White Sports Shoes,Sports Shoes,Shoes,36460.jpg,Shoes,Shoes,0.99999,OK
48107,French Connection Women Blue Top,Tops,Topwear,48107.jpg,Topwear,Topwear,0.99999976,OK
35682,U.S. Polo Assn. Men Brown Shoes,Casual Shoes,Shoes,35682.jpg,Shoes,Shoes,0.999281,OK
58452,Fossil Men Black Dial Chronograph Watch FS4542,Watches,Watches,58452.jpg,Watches,Watches,0.9999999,OK
16550,Basics Men White Slim Fit Shirt,Shirts,Topwear,16550.jpg,Topwear,Topwear,0.99818265,OK
18263,Aneri Women Nancy Yellow Kurta,Kurtas,Topwear,18263.jpg,Topwear,Topwear,0.9999999,OK
57066,Elle Women Pink Jacket,Jackets,Topwear,57066.jpg,Topwear,Topwear,0.9985226,OK
46931,York Men Jughead Perfume,Perfume and Body Mist,Fragrance,46931.jpg,Fragrance,Fragrance,0.9981286,OK
16878,Police Unisex Casual Black Sunglasses,Sunglasses,Eyewear,16878.jpg,Eyewear,Eyewear,0.9999999,OK
54108,Rocia Women Beige Flats,Heels,Shoes,54108.jpg,Shoes,Shoes,0.99962115,OK
19249,Guess Women Chronograph Silver-Toned Dial Watch I14503L1,Watches,Watches,19249.jpg,Watches,Watches,1.0,OK
10513,Flying Machine Women RN HS Tunic Top,Tunics,Topwear,10513.jpg,Topwear,Topwear,0.9999378,OK
2177,Probase Men Purple & Blue T-shirt,Tshirts,Topwear,2177.jpg,Topwear,Topwear,0.99996066,OK
4707,ADIDAS Unisex Seoul Black Purple Watch,Watches,Watches,4707.jpg,Watches,Watches,0.9999763,OK
30561,Opium Men Aviator Steel Sunglasses,Sunglasses,Eyewear,30561.jpg,Eyewear,Eyewear,0.99996436,OK
41456,Lee Cooper Men Beige Sandals,Sandals,Sandal,41456.jpg,Sandal,Sandal,0.99084115,OK
23849,ADIDAS Men Black Anzo Breeze Casual Shoes,Casual Shoes,Shoes,23849.jpg,Shoes,Shoes,0.9655789,OK
41899,Playboy Men Ibiza Perfume Buy 1 Get 1 free,Perfume and Body Mist,Fragrance,41899.jpg,Fragrance,Fragrance,0.9999976,OK
19845,U.S. Polo Assn. Men Stripes Brown Shirt,Shirts,Topwear,19845.jpg,Topwear,Topwear,0.99994206,OK
8303,Reebok Men's Game Trainer White Shoe,Sports Shoes,Shoes,8303.jpg,Shoes,Shoes,0.999173,OK
30300,Myntra Men Chase Off White T-shirt,Tshirts,Topwear,30300.jpg,Topwear,Topwear,0.9939459,OK
57255,Murcia Women Black Handbag,Handbags,Bags,57255.jpg,Bags,Bags,0.9999844,OK
4576,Nike Men's Incinera Grey Shoe,Sports Shoes,Shoes,4576.jpg,Shoes,Shoes,0.99922824,OK
59922,Diva Women White Kurta,Kurtas,Topwear,59922.jpg,Topwear,Topwear,0.9999658,OK
27926,Scullers For Her Women Blue Jeans,Jeans,Bottomwear,27926.jpg,Bottomwear,Bottomwear,0.9999707,OK
48599,Lucera Women Silver Earrings,Earrings,Jewellery,48599.jpg,Jewellery,Jewellery,0.99994516,OK
12946,Basics Men Blue Striped T-shirt,Tshirts,Topwear,12946.jpg,Topwear,Topwear,0.9999989,OK
52655,Mod-acc Women Mauve Handbag,Handbags,Bags,52655.jpg,Bags,Bags,0.99999523,OK
38595,Nike Women Printed Scoop Lavender T-shirt,Tshirts,Topwear,38595.jpg,Topwear,Topwear,0.9999989,OK
23552,Police Wings Women Perfume,Perfume and Body Mist,Fragrance,23552.jpg,Fragrance,Fragrance,0.99999726,OK
39371,Helix Women Silver Dial Watch,Watches,Watches,39371.jpg,Watches,Watches,0.9999858,OK
5351,Quechua Arpenaz Sandal 50 L Beige,Sports Shoes,Shoes,5351.jpg,Sandal,Sandal,0.98911244,LIKELY MISLABEL
30770,Fabindia Men Grey Printed Silk Kurta,Kurtas,Topwear,30770.jpg,Topwear,Topwear,0.9997054,OK
29961,Cat Men Sheet Sunglasses,Sunglasses,Eyewear,29961.jpg,Eyewear,Eyewear,0.99999976,OK
29187,United Colors of Benetton Women Peach Top,Tops,Topwear,29187.jpg,Topwear,Topwear,0.99584657,OK
21241,Manchester United Men Deo,Deodorant,Fragrance,21241.jpg,Fragrance,Fragrance,0.99994016,OK
48246,Avengers Boys White T-shirt,Tshirts,Topwear,48246.jpg,Topwear,Topwear,0.9476698,OK
43929,Catwalk Women White Heeled Shoes,Heels,Shoes,43929.jpg,Shoes,Shoes,0.9998048,OK
38204,Polaroid Women Sunglasses,Sunglasses,Eyewear,38204.jpg,Eyewear,Eyewear,1.0,OK
13482,Rocia Women Black Flats,Flats,Shoes,13482.jpg,Shoes,Shoes,0.8218622,OK
28524,Nike Men Organic Red T-shirt,Tshirts,Topwear,28524.jpg,Topwear,Topwear,0.99999523,OK
21337,Louis Philippe Men Gold Frame Sunglasses,Sunglasses,Eyewear,21337.jpg,Eyewear,Eyewear,0.9999987,OK
36235,W Women Orange Kurta,Kurtas,Topwear,36235.jpg,Topwear,Topwear,0.98663193,OK
16059,Highlander Men Solid Olive Trouser,Trousers,Bottomwear,16059.jpg,Bottomwear,Bottomwear,0.999861,OK
11634,Puma Men Rod Silver Black Watches,Watches,Watches,11634.jpg,Watches,Watches,0.9998779,OK
32412,ADIDAS Men Black Polo T-shirt,Tshirts,Topwear,32412.jpg,Topwear,Topwear,0.99999285,OK
37002,Lino Perros Women Blue Sling Bag,Handbags,Bags,37002.jpg,Bags,Bags,1.0,OK
40626,Span Women Pink Kurta,Kurtas,Topwear,40626.jpg,Topwear,Topwear,0.9864806,OK
34754,Puma Men EI Vuelo Mid Leather Brown Shoes,Casual Shoes,Shoes,34754.jpg,Shoes,Shoes,0.9999906,OK
12486,Clarks Men Leather Black Formal Shoes,Formal Shoes,Shoes,12486.jpg,Shoes,Shoes,0.9982077,OK
19838,U.S. Polo Assn. Men Check Red Shirt,Shirts,Topwear,19838.jpg,Topwear,Topwear,0.9999597,OK
58823,FCUK Men Black Dial Watch FC1066BBGGN,Watches,Watches,58823.jpg,Watches,Watches,1.0,OK
10042,Nike Women Pink Polo Tshirts,Tshirts,Topwear,10042.jpg,Topwear,Topwear,0.9999789,OK
13782,Belmonte Men Solid Black Trousers,Trousers,Bottomwear,13782.jpg,Bottomwear,Bottomwear,0.99999857,OK
12617,Red Tape Men Casual Brown Casual Shoes,Casual Shoes,Shoes,12617.jpg,Shoes,Shoes,0.9944372,OK
43516,French Connection Women Orange Top,Tops,Topwear,43516.jpg,Topwear,Topwear,0.98161846,OK
8741,Indigo Nation Men Checks Shirt Navy Blue Shirts,Shirts,Topwear,8741.jpg,Topwear,Topwear,0.9999795,OK
17139,Lino Perros Women Golden Strap Brown Handbag,Handbags,Bags,17139.jpg,Bags,Bags,0.9999981,OK
45231,Casio Youth Series Men Analog-Digital Watch AQ-190WD-1AVDFAD160,Watches,Watches,45231.jpg,Watches,Watches,1.0,OK
58952,Denim Men Chill Deo,Deodorant,Fragrance,58952.jpg,Fragrance,Fragrance,0.99999857,OK
59442,Arrow Men Green Shirt,Shirts,Topwear,59442.jpg,Topwear,Topwear,0.99997973,OK
52055,Myntra Men Yellow T-shirt,Tshirts,Topwear,52055.jpg,Topwear,Topwear,0.9833904,OK
50576,Chromozome Men Pack of Two Trunks,Trunk,Innerwear,50576.jpg,Innerwear,Innerwear,0.9937826,OK
30060,SKAGEN DENMARK Men Silver-Toned Dial Watch 958XLSL,Watches,Watches,30060.jpg,Watches,Watches,0.9999989,OK
12431,Timberland Women Casual Brown Casual Shoes,Casual Shoes,Shoes,12431.jpg,Shoes,Shoes,0.99998856,OK
59032,Carlton London Women Gold Toned Heels,Heels,Shoes,59032.jpg,Shoes,Shoes,0.99976355,OK
47593,Portia Women Black Sandals,Heels,Shoes,47593.jpg,Shoes,Shoes,0.9994118,OK
4530,Puma Women White Running Shoes,Sports Shoes,Shoes,4530.jpg,Shoes,Shoes,0.99997056,OK
56330,Fastrack Women White Dial Watch 6045SL01,Watches,Watches,56330.jpg,Watches,Watches,0.9599026,OK
10325,Puma Men Atlantis Black Watches,Watches,Watches,10325.jpg,Watches,Watches,0.9999399,OK
10859,Wrangler Men Furious Rides Navy Blue T-Shirts,Tshirts,Topwear,10859.jpg,Topwear,Topwear,0.9995421,OK
59149,Fortune Men Brown Formal Shoes,Formal Shoes,Shoes,59149.jpg,Shoes,Shoes,0.99870825,OK
27860,Scullers For Her Women Check Blue Shirt,Shirts,Topwear,27860.jpg,Topwear,Topwear,1.0,OK
11037,Jealous 21 Women Solid Pink Tops,Tops,Topwear,11037.jpg,Topwear,Topwear,0.9996426,OK
10373,United Colors of Benetton Men Solid Black Tshirts,Tshirts,Topwear,10373.jpg,Topwear,Topwear,0.9993168,OK
4789,ADIDAS Men's Demon Grey T-shirt,Tshirts,Topwear,4789.jpg,Topwear,Topwear,0.999146,OK
32867,Wildcraft Unisex Acute Black and Grey Backpack,Backpacks,Bags,32867.jpg,Bags,Bags,0.9999969,OK
42865,French Connection Women Black Dorris Handbag,Handbags,Bags,42865.jpg,Bags,Bags,0.9999949,OK
29178,United Colors of Benetton Women Washed Blue Jeans,Jeans,Bottomwear,29178.jpg,Bottomwear,Bottomwear,0.99998784,OK
21986,Murcia Women Purple Casual Handbag,Handbags,Bags,21986.jpg,Bags,Bags,0.99999976,OK
20315,Locomotive Men Printed Red Tshirt,Tshirts,Topwear,20315.jpg,Topwear,Topwear,0.99999833,OK
37858,Hidekraft Women Black Handbag,Handbags,Bags,37858.jpg,Bags,Bags,1.0,OK
31257,Puma Men Semi Graphic Green T-shirt,Tshirts,Topwear,31257.jpg,Topwear,Topwear,0.99999964,OK
31422,Nike Men White Shorts,Shorts,Bottomwear,31422.jpg,Bottomwear,Bottomwear,0.99260074,OK
4075,Numero Uno Women Green Shoe,Casual Shoes,Shoes,4075.jpg,Shoes,Shoes,0.9998173,OK
51708,Van Heusen Unisex Sunglasses VH214-C3,Sunglasses,Eyewear,51708.jpg,Eyewear,Eyewear,0.99998903,OK
51956,Yelloe Women Olive Sling Bag,Handbags,Bags,51956.jpg,Bags,Bags,0.9999583,OK
56364,Tommy Hilfiger Men 50 ml Perfume,Perfume and Body Mist,Fragrance,56364.jpg,Fragrance,Fragrance,0.9999933,OK
22094,Numero Uno Men Casual White Shoes,Casual Shoes,Shoes,22094.jpg,Shoes,Shoes,0.99983394,OK
57833,United Colors of Benetton Men Navy Blue T-shirt,Tshirts,Topwear,57833.jpg,Topwear,Topwear,0.99974126,OK
40424,Tonga Women Beige Top,Tops,Topwear,40424.jpg,Topwear,Topwear,0.99191564,OK
54173,Femella Blue Necklace,Necklace and Chains,Jewellery,54173.jpg,Jewellery,Jewellery,0.99997234,OK
27974,Jockey SP-OW Men White Innerwear T-shirt SP12,Innerwear Vests,Innerwear,27974.jpg,Innerwear,Topwear,0.97655404,ONE MODEL DISAGREES
40094,ADIDAS Men Black Jersey,Tshirts,Topwear,40094.jpg,Topwear,Topwear,0.99996936,OK
43796,Royal Diadem Black Earrings,Earrings,Jewellery,43796.jpg,Jewellery,Jewellery,0.99999917,OK
44649,Arrow Woman Off White Top,Tops,Topwear,44649.jpg,Topwear,Topwear,0.9971064,OK
54890,Do u speak green Women Green Top,Tops,Topwear,54890.jpg,Topwear,Topwear,0.9995097,OK
7311,UCB Women Stripe Sleeveless Grey Orange Top,Tops,Topwear,7311.jpg,Topwear,Topwear,0.99955994,OK
7288,Mickey Men's Big Happy Face Grey Heather T-shirt,Tshirts,Topwear,7288.jpg,Topwear,Topwear,0.99996495,OK
41997,Gini and Jony Girls Pretty Blossom Blue Top,Tops,Topwear,41997.jpg,Topwear,Topwear,0.9962297,OK
31857,Titan Women Mother Of Pearl Dial Watch,Watches,Watches,31857.jpg,Watches,Watches,0.9999987,OK
54185,Kiara Women Black Handbag,Handbags,Bags,54185.jpg,Bags,Bags,1.0,OK
28164,Ray-Ban Men Aviator Sunglasses,Sunglasses,Eyewear,28164.jpg,Eyewear,Eyewear,0.99999285,OK
13302,Gini and Jony Kids Boys Solid Beige Shorts,Shorts,Bottomwear,13302.jpg,Bottomwear,Bottomwear,0.9999372,OK
24299,Converse Unisex Grey CT Oxford Ox Casual Shoes,Casual Shoes,Shoes,24299.jpg,Shoes,Shoes,0.99971443,OK
6526,Nike Women's Strong Poly Black Track Pant,Track Pants,Bottomwear,6526.jpg,Bottomwear,Bottomwear,0.9992893,OK
11463,United Colors of Benetton Men  Winter White T-shirt,Tshirts,Topwear,11463.jpg,Topwear,Topwear,0.76310396,OK
37945,Mineral Women Soild White Tunic,Tunics,Topwear,37945.jpg,Topwear,Topwear,0.9999995,OK
16280,Beatles Men Beatles Black Sweatshirts,Sweatshirts,Topwear,16280.jpg,Topwear,Topwear,0.9999889,OK
24388,Folklore Women Orange Printed Kurta,Kurtas,Topwear,24388.jpg,Topwear,Topwear,0.9999088,OK
12319,Genesis Men Stripes Black Shirts,Shirts,Topwear,12319.jpg,Topwear,Topwear,0.99951077,OK
8940,Indigo Nation Men Reversible Bling Red Shirts,Shirts,Topwear,8940.jpg,Topwear,Topwear,0.9998826,OK
7195,Jealous 21 Women Knit Butterfly Print White Top,Tops,Topwear,7195.jpg,Topwear,Topwear,0.9999851,OK
53888,Kiara Women Yellow Handbag,Handbags,Bags,53888.jpg,Bags,Bags,0.9999999,OK
12859,Lee Cooper Men Formal Black Shoes,Formal Shoes,Shoes,12859.jpg,Shoes,Shoes,0.9958903,OK
27117,Miss-T Black Bra,Bra,Innerwear,27117.jpg,Innerwear,Innerwear,0.99808574,OK
18493,Puma Men Duncan Multi Slipper,Sandals,Sandal,18493.jpg,Sandal,Sandal,0.99244773,OK
4159,Nike Men's Air Coutblastic Grey White Black Shoe,Sports Shoes,Shoes,4159.jpg,Shoes,Shoes,0.9998286,OK
31221,Puma Women Black Capris,Capris,Bottomwear,31221.jpg,Bottomwear,Bottomwear,0.9997794,OK
26252,Proline Men Grey Melange Track Pants,Track Pants,Bottomwear,26252.jpg,Bottomwear,Bottomwear,0.9995442,OK
53666,Kiara Women Green Handbag,Handbags,Bags,53666.jpg,Bags,Bags,0.999998,OK
27272,Mother Earth Women Printed Green Kurti,Kurtis,Topwear,27272.jpg,Topwear,Topwear,0.9999995,OK
7513,Nike Men's As Explosive Red T-shirt,Tshirts,Topwear,7513.jpg,Topwear,Topwear,0.9999881,OK
6646,Nike Men's Air Trail Ridge Black Shoe,Sports Shoes,Shoes,6646.jpg,Shoes,Shoes,0.99665195,OK
50516,Chromozome Men Navy Blue Trunks,Trunk,Innerwear,50516.jpg,Innerwear,Innerwear,0.9992101,OK
53738,ADIDAS Men White Track Pant,Track Pants,Bottomwear,53738.jpg,Bottomwear,Bottomwear,0.9991301,OK
29896,Mayhem Women Sunglasses 1011-104,Sunglasses,Eyewear,29896.jpg,Eyewear,Eyewear,0.99999976,OK
4780,ADIDAS Women's Balance Pink T-shirt,Tshirts,Topwear,4780.jpg,Topwear,Topwear,0.9994653,OK
14095,Flying Machine Women Solid Navy Blue Tops,Tops,Topwear,14095.jpg,Topwear,Topwear,0.99999523,OK
47129,Be For Bag Women Blue Tote Bag,Handbags,Bags,47129.jpg,Bags,Bags,0.9999988,OK
50326,Aurelia Women White Printed Kurta,Kurtas,Topwear,50326.jpg,Topwear,Topwear,0.99998665,OK
34212,Proline Men Grey T-shirt,Tshirts,Topwear,34212.jpg,Topwear,Topwear,0.9991025,OK
49001,Lucera Women Silver Ring,Ring,Jewellery,49001.jpg,Jewellery,Jewellery,0.7084326,OK
43231,Reebok Men White Rover Run Sports Shoes,Sports Shoes,Shoes,43231.jpg,Shoes,Shoes,0.99961877,OK
39295,Red Chief Men Brown Sandals,Sandals,Sandal,39295.jpg,Sandal,Sandal,0.9847514,OK
9603,Scullers Men Scul Brown Black Shirts,Shirts,Topwear,9603.jpg,Topwear,Topwear,0.99998677,OK
54685,Shree Women Pink Printed Kurta,Kurtas,Topwear,54685.jpg,Topwear,Topwear,0.999204,OK
12697,Nike Men Egoli TF White Sports Shoes,Sports Shoes,Shoes,12697.jpg,Shoes,Shoes,0.9997155,OK
4753,ADIDAS Men's Light Brown Polo T-shirt,Tshirts,Topwear,4753.jpg,Topwear,Topwear,0.99674135,OK
53463,Amante Pink Full-Coverage Lace Bra BCLC11,Bra,Innerwear,53463.jpg,Innerwear,Innerwear,0.99994576,OK
58063,Rreverie Silver Earrings,Earrings,Jewellery,58063.jpg,Jewellery,Jewellery,0.99999976,OK
3177,Nike Women Dual Fusion White Green Shoe,Sports Shoes,Shoes,3177.jpg,Shoes,Shoes,0.99988043,OK
5248,Reebok Women Easytone Reenew White Red Shoe,Sports Shoes,Shoes,5248.jpg,Shoes,Shoes,0.99964607,OK
19245,Puma Men Tech Graphic Hooded Jacket,Jackets,Topwear,19245.jpg,Topwear,Topwear,0.99992406,OK
47124,Marvel Boys Grey Web Spider Casual Shoes,Casual Shoes,Shoes,47124.jpg,Shoes,Shoes,0.7840682,OK
6199,UCB Women's Basic Spaghetti White Top,Tops,Topwear,6199.jpg,Topwear,Topwear,0.99957496,OK
10139,Esprit Women Cool Chic Night Steel Watch,Watches,Watches,10139.jpg,Watches,Watches,0.9999993,OK
1592,Kipsta Men's Superfit Football Red Shoe,Sports Shoes,Shoes,1592.jpg,Shoes,Shoes,0.6611373,OK
47092,Marvel Boys Blue Shoes,Casual Shoes,Shoes,47092.jpg,Shoes,Sandal,0.775475,ONE MODEL DISAGREES
35562,Enroute Teens White Sandals,Sandals,Sandal,35562.jpg,Sandal,Shoes,0.96717894,ONE MODEL DISAGREES
57072,Elle Women Blue Jeans,Jeans,Bottomwear,57072.jpg,Bottomwear,Bottomwear,0.99997294,OK
39885,ADIDAS Unisex Blue Jeans Backpack,Backpacks,Bags,39885.jpg,Bags,Bags,1.0,OK
54116,Rocia Women Maroon Sandals,Heels,Shoes,54116.jpg,Shoes,Shoes,0.9985268,OK
53580,Q&Q Men Black Watch,Watches,Watches,53580.jpg,Watches,Watches,1.0,OK
8948,Indigo Nation Men ID Printed Navy Blue Trousers,Trousers,Bottomwear,8948.jpg,Bottomwear,Bottomwear,0.999997,OK
49502,Vans Men Brown 106 Moc CA LNS Shoes,Casual Shoes,Shoes,49502.jpg,Shoes,Shoes,0.9985662,OK
53303,Locomotive Men Red T-shirt,Tshirts,Topwear,53303.jpg,Topwear,Topwear,0.9998437,OK
23337,W Women Brown Dupatta,Dupatta,Topwear,23337.jpg,Topwear,Bottomwear,0.85279346,ONE MODEL DISAGREES
7525,Nike Men's Round Neck Red T-Shirt,Tshirts,Topwear,7525.jpg,Topwear,Topwear,0.99963164,OK
9494,Puma Unisex Blaze Black Backpacks,Backpacks,Bags,9494.jpg,Bags,Bags,0.99999666,OK
58267,Baggit Women Bronze Handbag,Handbags,Bags,58267.jpg,Bags,Bags,1.0,OK
38758,Nike Unisex Blue Football France Striker Backpack,Backpacks,Bags,38758.jpg,Bags,Bags,1.0,OK
28047,Jockey ELANCE Men Red  Elance Brief 1008,Briefs,Innerwear,28047.jpg,Innerwear,Innerwear,0.9997521,OK
9146,Lee Women Mid Stone Blue Maxi Fit Jeans,Jeans,Bottomwear,9146.jpg,Bottomwear,Bottomwear,0.99967885,OK
20017,United Colors of Benetton Men Check Red Shirt,Shirts,Topwear,20017.jpg,Topwear,Topwear,0.9999552,OK
56713,Folklore Women Red Kurta,Kurtas,Topwear,56713.jpg,Topwear,Topwear,0.9999995,OK
3891,Wrangler Men's Born Free Eagle Offwhite T-shirt,Tshirts,Topwear,3891.jpg,Topwear,Topwear,0.9999951,OK
21593,Nike Women Solid Grey Capris,Capris,Bottomwear,21593.jpg,Bottomwear,Bottomwear,0.99997044,OK
50332,Aurelia Women White Printed Kurta,Kurtas,Topwear,50332.jpg,Topwear,Topwear,0.99956006,OK
25703,Mumbai Slang Women Printed Green Top,Tops,Topwear,25703.jpg,Topwear,Topwear,1.0,OK
36043,OTLS Unisex Olive Green Duffle Bag,Duffel Bag,Bags,36043.jpg,Bags,Bags,1.0,OK
59726,Avirate Purple & Black Bra,Bra,Innerwear,59726.jpg,Innerwear,Innerwear,0.99996614,OK
11976,Fila Men Paramount Plus Black Shoes,Casual Shoes,Shoes,11976.jpg,Shoes,Shoes,0.999595,OK
39485,Wildcraft Unisex Green Hydrator Backpack,Backpacks,Bags,39485.jpg,Bags,Bags,0.99996245,OK
43212,Fastrack Women White Dial Watch,Watches,Watches,43212.jpg,Watches,Watches,1.0,OK
51630,Fossil Women White Dial Chronograph Watch ES2944,Watches,Watches,51630.jpg,Watches,Watches,0.99999976,OK
34300,Fabindia Women Green Tussar Dupatta,Dupatta,Topwear,34300.jpg,Topwear,Topwear,0.9999987,OK
17273,U.S. Polo Assn. Men Stripes White Polo Tshirt,Tshirts,Topwear,17273.jpg,Topwear,Topwear,0.99999,OK
13421,United Colors of Benetton Men Stripes Black Polo T-shirts,Tshirts,Topwear,13421.jpg,Topwear,Topwear,0.9999987,OK
13648,ADIDAS Silver Astar ride 3M Sports Shoe,Sports Shoes,Shoes,13648.jpg,Shoes,Shoes,0.9999887,OK
1814,Solognac Men Chocolate Brown  T-shirt,Tshirts,Topwear,1814.jpg,Topwear,Topwear,0.9825981,OK
39029,CASIO G-Shock Men Black Digital Watch G363,Watches,Watches,39029.jpg,Watches,Watches,0.99999464,OK
23140,Quechua Women  Fleece Grey Sweatshirt,Sweatshirts,Topwear,23140.jpg,Topwear,Topwear,0.9999299,OK
19858,U.S. Polo Assn. Men Solid Black Jacket,Jackets,Topwear,19858.jpg,Topwear,Topwear,0.99383533,OK
40496,Femella Women Olive Spaghetti Top,Tops,Topwear,40496.jpg,Topwear,Topwear,0.95686406,OK
31873,Fabindia Women Orange Chanderi Dupatta,Dupatta,Topwear,31873.jpg,Topwear,Topwear,0.9996439,OK
42619,Estelle Women Earrings & Pendant Set,Jewellery Set,Jewellery,42619.jpg,Jewellery,Jewellery,0.9999963,OK
28410,Idee Men Steel Sunglasses,Sunglasses,Eyewear,28410.jpg,Eyewear,Eyewear,0.99999964,OK
45712,4711 Vapo Men Perfume,Perfume and Body Mist,Fragrance,45712.jpg,Fragrance,Fragrance,0.9999722,OK
22188,Timberland Men Brown Casual Shoes,Casual Shoes,Shoes,22188.jpg,Shoes,Shoes,0.99988675,OK
3806,Disney Kids Boy's Green Mickey Ship Kidswear,Tshirts,Topwear,3806.jpg,Topwear,Topwear,0.9999447,OK
21570,Numero Uno Men Casual White Shoes,Casual Shoes,Shoes,21570.jpg,Shoes,Shoes,0.99876213,OK
9562,Lee Cooper Men Jarrikan Brown Formal Shoes,Formal Shoes,Shoes,9562.jpg,Shoes,Shoes,0.9999095,OK
38286,Kids Ville Girls Blue Printed T-shirt,Tops,Topwear,38286.jpg,Topwear,Topwear,0.99999,OK
51867,Bwitch Black Bra,Bra,Innerwear,51867.jpg,Innerwear,Innerwear,0.99994504,OK
10728,Murcia Women Dusvatar Coffee Brown Handbags,Handbags,Bags,10728.jpg,Bags,Bags,1.0,OK
2572,Domyos Women Navy Blue Track Pants,Track Pants,Bottomwear,2572.jpg,Bottomwear,Bottomwear,0.9954014,OK
43473,Woodland Men Khaki Shoes,Casual Shoes,Shoes,43473.jpg,Shoes,Shoes,0.9999552,OK
40576,W Women Maroon Kurta,Kurtas,Topwear,40576.jpg,Topwear,Topwear,0.99999654,OK
57309,Rocia Women Brown Flats,Heels,Shoes,57309.jpg,Shoes,Shoes,0.7160463,OK
14563,Vans Men Rowley SPV Black Casual Shoes,Casual Shoes,Shoes,14563.jpg,Shoes,Shoes,0.99990046,OK
41677,Catwalk Women Beige Heels,Heels,Shoes,41677.jpg,Shoes,Shoes,0.9999964,OK
22134,Provogue Men Black Formal Shoes,Formal Shoes,Shoes,22134.jpg,Shoes,Shoes,0.99953794,OK
57389,Amante Women Pack of 3 Printed Briefs PFCN04,Briefs,Innerwear,57389.jpg,Innerwear,Innerwear,0.78454137,OK
5936,ADIDAS Men's Derby Tatoo White Shoe,Casual Shoes,Shoes,5936.jpg,Shoes,Shoes,0.99913174,OK
11144,Scullers Men Price Catch Black Shirts,Shirts,Topwear,11144.jpg,Topwear,Topwear,0.9999833,OK
53660,Kiara Women Coffee Brown Handbags,Handbags,Bags,53660.jpg,Bags,Bags,0.9999999,OK
45022,Maxima Women White Dial Pearl Strap Watch,Watches,Watches,45022.jpg,Watches,Watches,0.9998419,OK
7055,s.Oliver Women White Liberty FreedomT-shirt,Tshirts,Topwear,7055.jpg,Topwear,Topwear,0.9999912,OK
7329,Rockport Men's Ocean Grove 2 Navy Shoe,Casual Shoes,Shoes,7329.jpg,Shoes,Shoes,0.9997242,OK
25162,Lino Perros Women Leatherette Black Handbag,Handbags,Bags,25162.jpg,Bags,Bags,1.0,OK
16137,Tokyo Talkies Women Printed Pink Top,Tops,Topwear,16137.jpg,Topwear,Topwear,0.9999999,OK
48803,Lucera Women Silver Pendant,Pendant,Jewellery,48803.jpg,Jewellery,Jewellery,0.9999888,OK
50998,Enamor Youth Green Bra,Bra,Innerwear,50998.jpg,Innerwear,Innerwear,0.9999231,OK
1802,Quechua Men's Arpenaz Flex Yellow Shoe,Sports Shoes,Shoes,1802.jpg,Shoes,Shoes,0.99998057,OK
5812,Puma Women's CBN Logo Black T-shirt,Tshirts,Topwear,5812.jpg,Topwear,Topwear,0.9977997,OK
54727,Shree Women Grey Printed Kurta,Kurtas,Topwear,54727.jpg,Topwear,Topwear,0.9999999,OK
5096,Wrangler Men's Convertible Slub Purple T-shirt,Tshirts,Topwear,5096.jpg,Topwear,Topwear,0.97446954,OK
21418,Roxy Women Pink Top,Tops,Topwear,21418.jpg,Topwear,Topwear,0.99995244,OK
26126,John Miller Men Striped White Shirt,Shirts,Topwear,26126.jpg,Topwear,Topwear,0.99996614,OK
43154,Fastrack Women Purple Dial Watch,Watches,Watches,43154.jpg,Watches,Watches,0.99986744,OK
29556,Vans Unisex Classic Slip-On Black Shoes,Casual Shoes,Shoes,29556.jpg,Shoes,Shoes,0.99966013,OK
40671,Lee Women Pink & Navy Blue Check Shirt,Shirts,Topwear,40671.jpg,Topwear,Topwear,1.0,OK
11745,Lee Men Red Polo Tshirts,Tshirts,Topwear,11745.jpg,Topwear,Topwear,0.9996855,OK
4657,ADIDAS Women Sprint Speed Low White Blue Shoe,Sports Shoes,Shoes,4657.jpg,Shoes,Shoes,0.9999697,OK
30306,Myntra Men Blue Bird Off White T-shirt,Tshirts,Topwear,30306.jpg,Topwear,Topwear,0.99101615,OK
5791,Jealous 21 Women's Butterfly Blue Top,Tops,Topwear,5791.jpg,Topwear,Topwear,0.9942427,OK
37156,Campbell Men Pack of 3 T-shirt,Tshirts,Topwear,37156.jpg,Topwear,Topwear,0.9999937,OK
9684,ADIDAS Men Cress Logohood Grey Sweatshirts,Sweatshirts,Topwear,9684.jpg,Topwear,Topwear,0.9999776,OK
15347,Nike Men Special Edition 3 Star Cricket Fan Black Tshirts,Tshirts,Topwear,15347.jpg,Topwear,Topwear,0.9999126,OK
28008,Jockey ZONE Men Blue Modern Trunks US19,Trunk,Innerwear,28008.jpg,Innerwear,Innerwear,0.99959093,OK
54988,Femella Women Pink Top,Tops,Topwear,54988.jpg,Topwear,Topwear,0.9999995,OK
39728,Arrow Woman Women Pink Shirt,Shirts,Topwear,39728.jpg,Topwear,Topwear,0.99999976,OK
43669,ONLY Women Multi Coloured Top,Tops,Topwear,43669.jpg,Topwear,Topwear,0.9992162,OK
28930,Mr. Men Printed Red T-shirt,Tshirts,Topwear,28930.jpg,Topwear,Topwear,0.99887806,OK
32222,Fabindia Women Striped Green Kurta,Kurtas,Topwear,32222.jpg,Topwear,Topwear,0.9999999,OK
16966,Reebok Men Sprintfit Lite Black Sports Shoe,Sports Shoes,Shoes,16966.jpg,Shoes,Shoes,0.99977475,OK
39868,Catwalk Women Brown Flats,Heels,Shoes,39868.jpg,Shoes,Shoes,0.9722186,OK
25272,Lino Perros Women Leatherette Red Handbag,Handbags,Bags,25272.jpg,Bags,Bags,0.9999931,OK
29450,Giordano Men White Dial Watch,Watches,Watches,29450.jpg,Watches,Watches,1.0,OK
17278,U.S. Polo Assn. Men Printed  Steeple Grey Tshirt,Tshirts,Topwear,17278.jpg,Topwear,Topwear,0.99908674,OK
7922,Proline Men Green & White Striped Polo T-shirt,Tshirts,Topwear,7922.jpg,Topwear,Topwear,0.9999491,OK
28699,W Women Printed  Light Pink Kurta,Kurtas,Topwear,28699.jpg,Topwear,Topwear,0.9988612,OK
59554,Lucera Silver Bangle,Bangle,Jewellery,59554.jpg,Jewellery,Jewellery,0.99970824,OK
15177,Arrow Sport Men Solid Navy Blue Sweaters,Sweaters,Topwear,15177.jpg,Topwear,Topwear,0.99936503,OK
21612,Enamor Women Smooth Skin Bra,Bra,Innerwear,21612.jpg,Innerwear,Innerwear,0.9997825,OK
23709,Ray-Ban Men Wayfarer White Sunglasses,Sunglasses,Eyewear,23709.jpg,Eyewear,Eyewear,0.99940133,OK
59543,Lucera Silver Earrings,Earrings,Jewellery,59543.jpg,Jewellery,Jewellery,1.0,OK
41888,Flying Machine Men Blue Jeans,Jeans,Bottomwear,41888.jpg,Bottomwear,Bottomwear,0.999995,OK
41388,Wrangler Women Pink Shirt,Shirts,Topwear,41388.jpg,Topwear,Topwear,0.99993086,OK
5712,Reebok Men's Lochraven Silver Black Shoe,Sports Shoes,Shoes,5712.jpg,Shoes,Shoes,0.8024893,OK
5388,Kalenji Kapteren Tr Grey Blue 2010,Sports Shoes,Shoes,5388.jpg,Shoes,Shoes,0.9944872,OK
5282,Classic Polo Men's White With Red Logo Polo T-shirt,Tshirts,Topwear,5282.jpg,Topwear,Topwear,0.9999083,OK
41384,Wrangler Women Pink Shirt,Shirts,Topwear,41384.jpg,Topwear,Topwear,0.9997905,OK
46552,Timex Men Off White Dial Watch,Watches,Watches,46552.jpg,Watches,Watches,0.9999962,OK
24463,Numero Uno Men Brown Casual Shoes,Casual Shoes,Shoes,24463.jpg,Shoes,Shoes,0.9999815,OK
10002,Palm Tree Kids Sp Jema Skt Blue Skirts,Skirts,Bottomwear,10002.jpg,Bottomwear,Bottomwear,0.99284476,OK
54599,Sushilas Women Printed Blue Kurta,Kurtas,Topwear,54599.jpg,Topwear,Topwear,0.9999932,OK
9567,John Miller Men Blue Shirt,Shirts,Topwear,9567.jpg,Topwear,Topwear,0.99984,OK
4015,Myntra Men's I don't Have Enough Black T-shirt,Tshirts,Topwear,4015.jpg,Topwear,Topwear,0.99986887,OK
10512,Flying Machine Women RN HS Blue Tshirts,Tops,Topwear,10512.jpg,Topwear,Topwear,0.9999951,OK
11949,Ganuchi Men Casual Brown Casual Shoes,Casual Shoes,Shoes,11949.jpg,Shoes,Shoes,0.96952045,OK
58184,Rocky S Women Beige Handbag,Handbags,Bags,58184.jpg,Bags,Bags,0.9999999,OK
48825,Lucera Women Silver Pendant,Pendant,Jewellery,48825.jpg,Jewellery,Jewellery,0.9999999,OK
9143,Lee Women Blue Skinny Fit Stretchable Jeans,Jeans,Bottomwear,9143.jpg,Bottomwear,Bottomwear,0.99993885,OK
9832,Little Miss Women Printed Rust T-shirt,Tshirts,Topwear,9832.jpg,Topwear,Topwear,0.99999917,OK
59260,Titan Women Silver Dial Watch,Watches,Watches,59260.jpg,Watches,Watches,0.99999964,OK
7250,Rockport Men's Monte Road Black Shoe,Formal Shoes,Shoes,7250.jpg,Shoes,Shoes,0.99998844,OK
54681,Shree Women Cream and Navy Blue Printed Kurta,Kurtas,Topwear,54681.jpg,Topwear,Topwear,0.99988866,OK
13943,United Colors of Benetton Men Solid Brown Shirts,Shirts,Topwear,13943.jpg,Topwear,Topwear,0.9997583,OK
13111,ADIDAS Men F 50 Style Black Shorts,Shorts,Bottomwear,13111.jpg,Bottomwear,Bottomwear,0.99927074,OK
44565,Coolers Men Black Sandals,Sandals,Sandal,44565.jpg,Sandal,Sandal,0.9986305,OK
12476,Clarks Men Leather Black Sandals,Sandals,Sandal,12476.jpg,Sandal,Sandal,0.8104858,OK
41904,Playboy Women Pack of 3 Deos,Deodorant,Fragrance,41904.jpg,Fragrance,Fragrance,0.9999894,OK
23886,Fila Men Hex II White Sports Shoes,Sports Shoes,Shoes,23886.jpg,Shoes,Shoes,0.9999467,OK
18673,Fila Men Sterling Black Shoes,Casual Shoes,Shoes,18673.jpg,Shoes,Shoes,0.99988663,OK
22190,Timberland Men Light Brown Casual Shoes,Casual Shoes,Shoes,22190.jpg,Shoes,Shoes,0.99997437,OK
2895,Catwalk Women Heeled Black Silver Strap Heels,Heels,Shoes,2895.jpg,Shoes,Shoes,0.99985385,OK
37185,United Colors of Benetton Women Lime Green Top,Tops,Topwear,37185.jpg,Topwear,Topwear,0.99991405,OK
45880,Maxima Men White Dial Watch,Watches,Watches,45880.jpg,Watches,Watches,1.0,OK
45859,Vishudh Women Multi Coloured Kurta,Kurtas,Topwear,45859.jpg,Topwear,Topwear,0.99995065,OK
52579,Mod'acc Women Beige Clutch,Clutches,Bags,52579.jpg,Bags,Bags,0.9999927,OK
25609,Fastrack Women Black & Grey Dial Watch N2161SL06,Watches,Watches,25609.jpg,Watches,Watches,0.99980026,OK
34636,Lotto Men XD III Grey Shoes,Casual Shoes,Shoes,34636.jpg,Shoes,Shoes,0.9999949,OK
21898,BIBA Women Printed Pink Kurta,Kurtas,Topwear,21898.jpg,Topwear,Topwear,0.99995816,OK
28238,Park Avenue Men Cruise Deo,Deodorant,Fragrance,28238.jpg,Fragrance,Fragrance,0.9999733,OK
11532,United Colors of Benetton Women Light Winter Black Tops,Tops,Topwear,11532.jpg,Topwear,Topwear,0.9945649,OK
4652,ADIDAS Men Cherokee Brown Red Sandal,Sandals,Sandal,4652.jpg,Sandal,Sandal,0.7551918,OK
44123,Hugo Women Pure Purple Perfume,Perfume and Body Mist,Fragrance,44123.jpg,Fragrance,Fragrance,0.98763114,OK
50168,Rocia Women Gold Toned & Beige Heels,Heels,Shoes,50168.jpg,Shoes,Shoes,0.9834118,OK
33949,ADIDAS Men Black & White Striped Polo T-shirt,Tshirts,Topwear,33949.jpg,Topwear,Topwear,0.99999857,OK
21404,Locomotive Men Printed White T-shirt,Tshirts,Topwear,21404.jpg,Topwear,Topwear,0.9999981,OK
30877,Fabindia Women Blue Printed Kurta,Kurtas,Topwear,30877.jpg,Topwear,Topwear,0.9999988,OK
48645,Lucera Women Silver Earrings,Earrings,Jewellery,48645.jpg,Jewellery,Jewellery,0.9999949,OK
29742,Kiara Women Teal Handbag,Handbags,Bags,29742.jpg,Bags,Bags,0.9999865,OK
57273,French Connection Men Red Check Shirt,Shirts,Topwear,57273.jpg,Topwear,Topwear,0.9990006,OK
22698,Nike Men Zoom Vomero+5 White Sports Shoes,Sports Shoes,Shoes,22698.jpg,Shoes,Shoes,0.9999987,OK
41773,Remanika Women Printed White Top,Tops,Topwear,41773.jpg,Topwear,Topwear,0.931492,OK
58118,Rreverie Women Silver & Black Pendant,Pendant,Jewellery,58118.jpg,Jewellery,Jewellery,0.9997459,OK
14884,United Colors of Benetton Women Solid Grey Handbags,Handbags,Bags,14884.jpg,Bags,Bags,1.0,OK
59400,Tokyo Talkies Women Grey Top,Tops,Topwear,59400.jpg,Topwear,Topwear,0.9985582,OK
42146,Nike Women White Sweet Classic Leather Shoes,Casual Shoes,Shoes,42146.jpg,Shoes,Shoes,0.99903476,OK
11711,Lee Men Solid Grey Shirts,Shirts,Topwear,11711.jpg,Topwear,Topwear,0.9998092,OK
42856,French Connection Women Brown Clutch,Clutches,Bags,42856.jpg,Bags,Bags,1.0,OK
39925,Tortoise Unisex Brown Laptop Bag,Laptop Bag,Bags,39925.jpg,Bags,Bags,0.99999964,OK
14564,Vans Unisex Authentic Red Casual Shoes,Casual Shoes,Shoes,14564.jpg,Shoes,Shoes,0.99880445,OK
23191,Highlander Men Grey Check Shirt,Shirts,Topwear,23191.jpg,Topwear,Topwear,0.99996316,OK
47814,Murcia Women Red Handbag,Handbags,Bags,47814.jpg,Bags,Bags,0.9999999,OK
15844,Visudh Blue Printed Ethnic Kurta,Kurtas,Topwear,15844.jpg,Topwear,Topwear,0.9999993,OK
56811,Aneri Women Printed Pink Kurti,Kurtis,Topwear,56811.jpg,Topwear,Topwear,0.9999478,OK
44025,Boss Women Femme Perfume,Perfume and Body Mist,Fragrance,44025.jpg,Fragrance,Fragrance,0.9999989,OK
22468,Timberland Men White Claremont Plaid Shirt,Shirts,Topwear,22468.jpg,Topwear,Topwear,0.9999944,OK
7133,Urban Yoga Men Bottom Grey Yoga Pants,Track Pants,Bottomwear,7133.jpg,Bottomwear,Bottomwear,0.9518614,OK
15301,ADIDAS Men Ranger White Sports Shoes,Sports Shoes,Shoes,15301.jpg,Shoes,Shoes,0.999997,OK
4386,Wrangler Cowboy Photo T-shirt,Tshirts,Topwear,4386.jpg,Topwear,Topwear,0.99999,OK
33190,Sepia Women Printed Grey Tunic,Tunics,Topwear,33190.jpg,Topwear,Topwear,0.9999964,OK
24554,Wildcraft Men Green Printed T-Shirt,Tshirts,Topwear,24554.jpg,Topwear,Topwear,0.999022,OK
11724,Lee Women Check Red Shirts,Shirts,Topwear,11724.jpg,Topwear,Topwear,1.0,OK
3160,Nike Men's Dual Fusion White Shoe,Sports Shoes,Shoes,3160.jpg,Shoes,Shoes,0.99999726,OK
13650,ADIDAS White  Snova Sequence 4M Sports Shoe,Sports Shoes,Shoes,13650.jpg,Shoes,Shoes,0.9994523,OK
28062,Jockey ELANCE Mens Red Pack of two Briefs 1010,Briefs,Innerwear,28062.jpg,Innerwear,Innerwear,0.99978954,OK
56998,HM Women White Sandals,Flats,Shoes,56998.jpg,Shoes,Shoes,0.9046775,OK
35884,Jungle Book Boys Little help Blue T-shirt,Tshirts,Topwear,35884.jpg,Topwear,Topwear,0.99992466,OK
46268,109F Women Pink Top,Tops,Topwear,46268.jpg,Topwear,Topwear,0.98903745,OK
28412,Idee Men Black Sunglasses,Sunglasses,Eyewear,28412.jpg,Eyewear,Eyewear,0.99999714,OK
51607,Kraus Jeans Women Black Trousers,Trousers,Bottomwear,51607.jpg,Bottomwear,Bottomwear,0.9999634,OK
29010,Cabarelli Men Black Duffle Bag,Duffel Bag,Bags,29010.jpg,Bags,Bags,0.99999535,OK
2349,Reebok Men Truth or Dare Red T-shirt,Tshirts,Topwear,2349.jpg,Topwear,Topwear,0.99995244,OK
37905,24 Unisex Gold Perfume,Perfume and Body Mist,Fragrance,37905.jpg,Fragrance,Fragrance,0.9999951,OK
3574,ADIDAS Women Black Outdoor Shoe,Casual Shoes,Shoes,3574.jpg,Shoes,Sandal,0.8453806,ONE MODEL DISAGREES
1982,Puma Women's Island Shorts Purple,Shorts,Bottomwear,1982.jpg,Bottomwear,Bottomwear,0.80605453,OK
54083,Mumbai Slang Women Teal Kurti,Kurtis,Topwear,54083.jpg,Topwear,Topwear,0.99999905,OK
20792,Basics Men Beige Blazer Jacket,Jackets,Topwear,20792.jpg,Topwear,Topwear,0.99470574,OK
21736,Vans Men Chukka Low Grey Casual Shoes,Casual Shoes,Shoes,21736.jpg,Shoes,Shoes,0.9999975,OK
22865,Woodland Men Khaki Casual Shoes,Casual Shoes,Shoes,22865.jpg,Shoes,Shoes,0.99991393,OK
25383,Levis Men White Innerwear Vest,Innerwear Vests,Innerwear,25383.jpg,Innerwear,Innerwear,0.99932015,OK
23275,Maxima Ssteele Men White Watch,Watches,Watches,23275.jpg,Watches,Watches,0.99999964,OK
19795,U.S. Polo Assn. Men Solid Grey T-shirt,Tshirts,Topwear,19795.jpg,Topwear,Topwear,0.99995315,OK
42016,ADIDAS Men Silver Phaedra Shoes,Sports Shoes,Shoes,42016.jpg,Shoes,Shoes,0.999892,OK
11788,Vishudh Women Multi Coloured Kurta,Kurtas,Topwear,11788.jpg,Topwear,Topwear,0.9999999,OK
22755,BIBA Women Solid Navy Blue Kurta,Kurtas,Topwear,22755.jpg,Topwear,Topwear,0.99989974,OK
31702,Fabindia Women Ananya Silver Earrings,Earrings,Jewellery,31702.jpg,Jewellery,Jewellery,0.9999993,OK
2928,DUSG Men's Earth Warrior Organic Natural T-shirt,Tshirts,Topwear,2928.jpg,Topwear,Topwear,0.99999094,OK
24364,Folklore Women Green  Kurta,Kurtas,Topwear,24364.jpg,Topwear,Topwear,0.999913,OK
26932,Jealous 21 Women Off White Top,Tops,Topwear,26932.jpg,Topwear,Topwear,0.8401772,OK
10115,Reebok Unisex Adventure Sports Grey Sandals,Sandals,Sandal,10115.jpg,Sandal,Sandal,0.97975314,OK
44580,Lee Men Black Jet Jeans,Jeans,Bottomwear,44580.jpg,Bottomwear,Bottomwear,0.999995,OK
13540,Carlton London Men Casual White Casual Shoes,Casual Shoes,Shoes,13540.jpg,Shoes,Shoes,0.9964504,OK
22935,Fastrack Women Red Casual Watch,Watches,Watches,22935.jpg,Watches,Watches,0.99999976,OK
20309,Jealous 21 Women Solid Grey Sweater,Sweaters,Topwear,20309.jpg,Topwear,Topwear,0.99994385,OK
58797,Highlander Men Grey Melange Shirt,Shirts,Topwear,58797.jpg,Topwear,Topwear,0.999987,OK
38163,Miami Blues Men Sunglasses,Sunglasses,Eyewear,38163.jpg,Eyewear,Eyewear,0.9999945,OK
23139,Quechua Men Fleece Olive Sweatshirt,Sweatshirts,Topwear,23139.jpg,Topwear,Topwear,0.9999976,OK
13448,United Colors of Benetton Women Solid Pink Shirts,Shirts,Topwear,13448.jpg,Topwear,Topwear,0.99999607,OK
40022,ADIDAS Men White Polo T-shirt,Tshirts,Topwear,40022.jpg,Topwear,Topwear,0.9998523,OK
7162,Scullers Men's Scul Purple T-shirt,Tshirts,Topwear,7162.jpg,Topwear,Topwear,0.99827063,OK
32485,Proline Red & White Checked Shorts,Shorts,Bottomwear,32485.jpg,Bottomwear,Bottomwear,0.99590343,OK
50456,Chromozome Men Black & Red Pack of 2 Briefs,Briefs,Innerwear,50456.jpg,Innerwear,Innerwear,0.9999832,OK
52070,Myntra Men Green T-shirt,Tshirts,Topwear,52070.jpg,Topwear,Topwear,0.99999416,OK
27893,Scullers For Her Check Blue Shirt,Shirts,Topwear,27893.jpg,Topwear,Topwear,0.99999905,OK
16043,Highlander Men Check Blue Shirt,Shirts,Topwear,16043.jpg,Topwear,Topwear,0.9999877,OK
34946,Fabindia Women Printed Beige Dupatta,Dupatta,Topwear,34946.jpg,Topwear,Topwear,0.9998714,OK
11176,Scullers Men Stripes Grey Sweaters,Sweaters,Topwear,11176.jpg,Topwear,Topwear,0.999653,OK
12977,ADIDAS Men Marathon Black Sports Shoes,Sports Shoes,Shoes,12977.jpg,Shoes,Shoes,0.99929714,OK
10873,Wrangler Men Wrangler Station Grey T-Shirts,Tshirts,Topwear,10873.jpg,Topwear,Topwear,0.9849984,OK
44348,Indian Terrain Men Brown Check Shirt,Shirts,Topwear,44348.jpg,Topwear,Topwear,0.9999764,OK
19610,United Colors of Benetton Women Green T-shirt,Tshirts,Topwear,19610.jpg,Topwear,Topwear,0.9999496,OK
11719,Lee Men Check Yellow Shirts,Shirts,Topwear,11719.jpg,Topwear,Topwear,0.9999982,OK
37206,United Colors of Benetton Men Washed Blue Jeans,Jeans,Bottomwear,37206.jpg,Bottomwear,Bottomwear,0.999933,OK
12627,Probase Men Printed Black Tshirts,Tshirts,Topwear,12627.jpg,Topwear,Topwear,0.9997975,OK
52468,Red Rose Pink Camisole,Camisoles,Innerwear,52468.jpg,Innerwear,Innerwear,0.86967623,OK
3843,Crocs Women Lady Gold Sandal,Flats,Shoes,3843.jpg,Sandal,Shoes,0.9998522,ONE MODEL DISAGREES
6883,Forever New Women Floral Trendy Purple Top,Tops,Topwear,6883.jpg,Topwear,Topwear,0.89090395,OK
51390,Myntra Navy Blue Printed Boxers,Boxers,Innerwear,51390.jpg,Innerwear,Innerwear,0.99904114,OK
27475,Jockey Women White Essence Bra 2001,Bra,Innerwear,27475.jpg,Innerwear,Innerwear,0.9999213,OK
21724,Catwalk Women Casual Brown Heels,Heels,Shoes,21724.jpg,Shoes,Shoes,0.9726862,OK
40670,Lee Women Grey Printed Shirt,Shirts,Topwear,40670.jpg,Topwear,Topwear,0.9999931,OK
48746,Lucera Women Silver Bracelet,Bracelet,Jewellery,48746.jpg,Jewellery,Jewellery,0.9854838,OK
26658,Puma Men Basics Black Casual Shoes,Casual Shoes,Shoes,26658.jpg,Shoes,Shoes,0.9999963,OK
28134,Jockey COMFORT PLUS Men Charcoal Brief 8044,Briefs,Innerwear,28134.jpg,Innerwear,Innerwear,0.99999917,OK
25286,Lino Perros Women Leatherette Pink Sling Bag,Handbags,Bags,25286.jpg,Bags,Bags,0.99999976,OK
54057,Myntra Women Sea Green Leggings,Leggings,Bottomwear,54057.jpg,Bottomwear,Bottomwear,0.9215421,OK
30194,Nike Unisex Black Backpack,Backpacks,Bags,30194.jpg,Bags,Bags,0.9999995,OK
33820,Puma Men White Axis Sports Shoes,Sports Shoes,Shoes,33820.jpg,Shoes,Shoes,0.99990284,OK
14676,Basics Men Brown Slim Fit Checked Shirt,Shirts,Topwear,14676.jpg,Topwear,Topwear,0.99997413,OK
24408,ADIDAS Men Black Vanquish Sports Shoes,Sports Shoes,Shoes,24408.jpg,Shoes,Shoes,0.9986541,OK
56973,HM Women Black Heels,Heels,Shoes,56973.jpg,Shoes,Sandal,0.55414194,ONE MODEL DISAGREES
17629,ADIDAS Men Solid Blue Jacket,Jackets,Topwear,17629.jpg,Topwear,Topwear,0.99998844,OK
51762,Catwalk Women Gold Toned Heels,Heels,Shoes,51762.jpg,Shoes,Shoes,0.99989676,OK
40312,Warner Bros Kids White sandals,Sandals,Sandal,40312.jpg,Sandal,Shoes,0.6573255,ONE MODEL DISAGREES
18722,Arrow Woman Squirella White Top,Tops,Topwear,18722.jpg,Topwear,Topwear,0.99989665,OK
13399,United Colors of Benetton Men Check Red Shirts,Shirts,Topwear,13399.jpg,Topwear,Topwear,0.9996093,OK
32354,Q&Q Men White Dial Watch,Watches,Watches,32354.jpg,Watches,Watches,1.0,OK
26229,Proline Men Striped Black & Grey Polo T-Shirt,Tshirts,Topwear,26229.jpg,Topwear,Topwear,0.9999763,OK
42996,Nike Women White Air Total Sports Shoes,Sports Shoes,Shoes,42996.jpg,Shoes,Shoes,0.9999516,OK
34584,Tonga Women Teal Top,Tops,Topwear,34584.jpg,Topwear,Topwear,0.99982786,OK
51414,Myntra Men White Check Shirt,Shirts,Topwear,51414.jpg,Topwear,Topwear,0.9997712,OK
13947,United Colors of Benetton Women Solid Blue Tshirts,Tshirts,Topwear,13947.jpg,Topwear,Topwear,0.99999404,OK
2131,Basics Men Blue Slim Fit Checked Shirt,Shirts,Topwear,2131.jpg,Topwear,Topwear,0.995843,OK
9955,Nike Men Blue Polo Tshirts,Tshirts,Topwear,9955.jpg,Topwear,Topwear,0.9966336,OK
56886,HM Women Black Heels,Heels,Shoes,56886.jpg,Shoes,Shoes,0.99885917,OK
7851,Proline Men Blue & White Striped Polo T-shirt,Tshirts,Topwear,7851.jpg,Topwear,Topwear,0.9988493,OK
9404,Nike Unisex Football Black Backpacks,Backpacks,Bags,9404.jpg,Bags,Bags,1.0,OK
25787,Arrow Men Red Suspenders,Suspenders,Topwear,25787.jpg,Topwear,Topwear,0.9990126,OK
5356,Kalenji Kapteren Aw Red 2010,Sports Shoes,Shoes,5356.jpg,Shoes,Shoes,0.9988932,OK
21523,Kiara Women Sequins Black Handbag,Handbags,Bags,21523.jpg,Bags,Bags,1.0,OK
45936,Maxima Men Sliver Dial Watch,Watches,Watches,45936.jpg,Watches,Watches,0.9999999,OK
58372,Locomotive Men Beige T-shirt,Tshirts,Topwear,58372.jpg,Topwear,Topwear,0.9992229,OK
29893,Mayhem Women Sunglasses 1012-162,Sunglasses,Eyewear,29893.jpg,Eyewear,Eyewear,0.9999956,OK
42348,Flying Machine Women Back Trousers,Trousers,Bottomwear,42348.jpg,Bottomwear,Bottomwear,0.99965656,OK
17550,Mark Taylor Men Red & White Striped Shirt,Shirts,Topwear,17550.jpg,Topwear,Topwear,0.9999702,OK
39735,Arrow Men Navy Blue Shoes,Casual Shoes,Shoes,39735.jpg,Shoes,Shoes,0.9993623,OK
27693,Murcia Women Maroon Handbag,Handbags,Bags,27693.jpg,Bags,Bags,0.99997663,OK
26464,Puma Men Black Track Pants,Track Pants,Bottomwear,26464.jpg,Bottomwear,Bottomwear,0.9999299,OK
4781,ADIDAS Women's Balance Brown T-shirt,Tshirts,Topwear,4781.jpg,Topwear,Topwear,0.999584,OK
51574,Fastrack Men Black Watch,Watches,Watches,51574.jpg,Watches,Watches,1.0,OK
14352,Catwalk Women Blue Flats,Flats,Shoes,14352.jpg,Shoes,Shoes,0.9988311,OK
7224,Rockport Men's Trinchero Black Shoe,Formal Shoes,Shoes,7224.jpg,Shoes,Shoes,0.99999344,OK
14029,Nike Women Solid Grey Track Pants,Track Pants,Bottomwear,14029.jpg,Bottomwear,Bottomwear,0.99912244,OK
54857,Ivory Tag Women Delicate Pink Pearl Necklace,Necklace and Chains,Jewellery,54857.jpg,Jewellery,Jewellery,0.9999927,OK
52256,Crusoe Men Purple Boxer Briefs,Briefs,Innerwear,52256.jpg,Innerwear,Innerwear,0.9999001,OK
28244,Park Avenue Men Cool Blue Deo,Deodorant,Fragrance,28244.jpg,Fragrance,Fragrance,0.99979943,OK
34242,Proline Men Cream-Coloured T-shirt with Printed Detail,Tshirts,Topwear,34242.jpg,Topwear,Topwear,0.9892033,OK
33829,Puma Men II Biz Black Shoes,Casual Shoes,Shoes,33829.jpg,Shoes,Shoes,0.9999788,OK
30255,Red Tape Men Black Shoes,Casual Shoes,Shoes,30255.jpg,Shoes,Shoes,0.9999856,OK
38640,Nike Men Cricket Blue Polo T-shirt,Tshirts,Topwear,38640.jpg,Topwear,Topwear,0.9999634,OK
20010,United Colors of Benetton Men Printed Grey Top,Tshirts,Topwear,20010.jpg,Topwear,Topwear,0.8336296,OK
20901,Catwalk Women Casual Brown Sandal,Flats,Shoes,20901.jpg,Shoes,Shoes,0.9923137,OK
13123,Lee Cooper Men Brown Formal Shoes,Formal Shoes,Shoes,13123.jpg,Shoes,Shoes,0.99997926,OK
19680,United Colors of Benetton Women Solid Magenta Sweatshirt,Sweatshirts,Topwear,19680.jpg,Topwear,Topwear,0.9999989,OK
20830,Nike Unisex Solid Navy Blue Bag,Handbags,Bags,20830.jpg,Bags,Bags,1.0,OK
20614,Baggit Women Ishqx Excel Navy Blue Handbag,Handbags,Bags,20614.jpg,Bags,Bags,0.99999917,OK
48063,French Connection Men White Striped Shirt,Shirts,Topwear,48063.jpg,Topwear,Topwear,0.98640037,OK
19993,United Colors Of Benetton Men Black T-shirt,Tshirts,Topwear,19993.jpg,Topwear,Topwear,0.99697685,OK
42613,Estelle Women Gold Earring & Pendant Set,Jewellery Set,Jewellery,42613.jpg,Jewellery,Jewellery,1.0,OK
41378,Wrangler Women Maria Black Top,Tops,Topwear,41378.jpg,Topwear,Topwear,0.99980503,OK
12172,Basics Men White Slim Fit Checked Shirt,Shirts,Topwear,12172.jpg,Topwear,Topwear,0.9999901,OK
2296,Nike Women DPT Black T-shirt,Tshirts,Topwear,2296.jpg,Topwear,Topwear,0.9999918,OK
33939,ADIDAS Men Black T-shirt,Tshirts,Topwear,33939.jpg,Topwear,Topwear,0.99975425,OK
24070,Catwalk Women Black Heels,Heels,Shoes,24070.jpg,Shoes,Shoes,0.9999933,OK
39930,Tortoise Unisex Brown Laptop Bag,Laptop Bag,Bags,39930.jpg,Bags,Bags,0.9999999,OK
7252,Rockport Men's Mepozo Distressed Brown Shoe,Formal Shoes,Shoes,7252.jpg,Shoes,Shoes,0.999949,OK
19001,ADIDAS Originals Women Trefoil Red Tshirt,Tshirts,Topwear,19001.jpg,Topwear,Topwear,0.9999994,OK
10705,Esprit Women Twist Black Houston Silver Watches,Watches,Watches,10705.jpg,Watches,Watches,0.99978906,OK
6984,s.Oliver Men's Polo Black Stripe Purple T-shirt,Tshirts,Topwear,6984.jpg,Topwear,Topwear,0.99999416,OK
13194,Puma Women Wirko White Casual Shoes,Casual Shoes,Shoes,13194.jpg,Shoes,Shoes,0.9993986,OK
3391,Murcia Women White With Stitch Bag,Handbags,Bags,3391.jpg,Bags,Bags,0.9857692,OK
11654,Lee Women Printed White Tshirts,Tshirts,Topwear,11654.jpg,Topwear,Topwear,0.9999845,OK
31147,Gini and Jony Boys Check Blue Shirt,Shirts,Topwear,31147.jpg,Topwear,Topwear,0.99994016,OK
23876,ADIDAS Men Blue Sweatshirt,Sweatshirts,Topwear,23876.jpg,Topwear,Topwear,0.99999845,OK
56368,Police Men Original Eau De Toilette Natural Spray,Perfume and Body Mist,Fragrance,56368.jpg,Fragrance,Fragrance,1.0,OK
43291,Murcia Women Grey Kate Handbag,Handbags,Bags,43291.jpg,Bags,Bags,0.99999976,OK
30612,Nike Boys Printed Red T-shirt,Tshirts,Topwear,30612.jpg,Topwear,Topwear,0.9998418,OK
12812,Nike Men Football/Soccer Black Shorts,Shorts,Bottomwear,12812.jpg,Bottomwear,Bottomwear,0.9995161,OK
39721,Arrow Woman Grey Printed Top,Tops,Topwear,39721.jpg,Topwear,Topwear,0.9999912,OK
8380,Doodle Girls Purple Printed Top,Tops,Topwear,8380.jpg,Topwear,Topwear,0.9994985,OK
52181,Lencia Sterling Silver Earrings,Earrings,Jewellery,52181.jpg,Jewellery,Jewellery,0.9999789,OK
23797,Clarks Women Black Dolphin Cove Heels,Heels,Shoes,23797.jpg,Shoes,Shoes,0.99998736,OK
30336,Myntra Men Warning Red T-shirt,Tshirts,Topwear,30336.jpg,Topwear,Topwear,0.99998593,OK
54871,Ivory Tag Women Tangled Coral Red Necklace,Necklace and Chains,Jewellery,54871.jpg,Jewellery,Jewellery,0.9999988,OK
12808,Nike Men Zip Pocket Blue Jackets,Jackets,Topwear,12808.jpg,Topwear,Topwear,0.9987184,OK
15756,Facit Men Regular White Innerwear Vest,Innerwear Vests,Innerwear,15756.jpg,Innerwear,Innerwear,0.99153847,OK
26124,John Miller Men Check White Shirt,Shirts,Topwear,26124.jpg,Topwear,Topwear,0.9999465,OK
13129,Lee Cooper Men Olive Slippers,Sandals,Sandal,13129.jpg,Sandal,Sandal,0.92846245,OK
38621,Nike Men Teal T-shirt,Tshirts,Topwear,38621.jpg,Topwear,Topwear,0.99998474,OK
5459,Nike Men's Dual Fusion Grey Shoe,Sports Shoes,Shoes,5459.jpg,Shoes,Shoes,0.9999784,OK
10882,Wrangler Men Blue American Photo Print T-shirt,Tshirts,Topwear,10882.jpg,Topwear,Topwear,0.99999774,OK
23294,Maxima Men White Steel Watch,Watches,Watches,23294.jpg,Watches,Watches,0.99999976,OK
15743,Nike Men Downshifter 4 MSL White Sports Shoes,Sports Shoes,Shoes,15743.jpg,Shoes,Shoes,0.99998415,OK
52560,Mod'acc Women Red Coin Purse,Clutches,Bags,52560.jpg,Bags,Bags,1.0,OK
8828,Spykar Men Ranger Yellow N Blue Stripes White Shirts,Shirts,Topwear,8828.jpg,Topwear,Topwear,0.99998176,OK
46681,Rasasi Women Pack of 3 Perfumes,Perfume and Body Mist,Fragrance,46681.jpg,Fragrance,Fragrance,0.9999049,OK
4971,Gini and Jony Boy's Kangaroo Green White Infant Kidswear,Shirts,Topwear,4971.jpg,Topwear,Topwear,0.9999808,OK
7075,Wildcraft Unisex Red Backpack,Backpacks,Bags,7075.jpg,Bags,Bags,1.0,OK
7071,Wildcraft Unisex Green Printed Backpack,Backpacks,Bags,7071.jpg,Bags,Bags,0.9999994,OK
20389,Baggit Women Praise Taj Brown Handbag,Handbags,Bags,20389.jpg,Bags,Bags,1.0,OK
52221,Lencia White Swarovski Pearl Necklace,Necklace and Chains,Jewellery,52221.jpg,Jewellery,Jewellery,0.9995702,OK
15684,Highlander Men Classic Chinos Brown Trousers,Trousers,Bottomwear,15684.jpg,Bottomwear,Bottomwear,0.99851054,OK
56909,HM Women Green Flats,Heels,Shoes,56909.jpg,Shoes,Shoes,0.58104026,OK
37973,Clarks Men Brown Quay Point Mahogany Leather Shoes,Casual Shoes,Shoes,37973.jpg,Shoes,Shoes,0.9955995,OK
15200,Arrow Sport Men Stripes Yellow Polo Tshirts,Tshirts,Topwear,15200.jpg,Topwear,Topwear,0.99999464,OK
46903,Peter England Men Blue Jeans,Jeans,Bottomwear,46903.jpg,Bottomwear,Bottomwear,0.9999025,OK
45173,CASIO ENTICER Men Black Dial Analogue Watch A576,Watches,Watches,45173.jpg,Watches,Watches,1.0,OK
36952,Force 10 Women White Shoes,Casual Shoes,Shoes,36952.jpg,Shoes,Shoes,0.9999653,OK
2944,DUSG Men's Gorilla Organic Natural T-shirt,Tshirts,Topwear,2944.jpg,Topwear,Topwear,0.9979214,OK
45654,Park Avenue Men Navy Blue Brief,Briefs,Innerwear,45654.jpg,Innerwear,Innerwear,0.99961793,OK
4073,Numero Uno Women Black Shoe,Casual Shoes,Shoes,4073.jpg,Shoes,Shoes,0.9999155,OK
33878,Citizen Men Silver Dial Watch,Watches,Watches,33878.jpg,Watches,Watches,1.0,OK
7340,Tantra Men's Shanti White T-shirt,Tshirts,Topwear,7340.jpg,Topwear,Topwear,0.99996877,OK
31154,Gini and Jony Boys White T-shirt,Tshirts,Topwear,31154.jpg,Topwear,Topwear,0.99997795,OK
23284,Maxima Ssteele Men Black Watch,Watches,Watches,23284.jpg,Watches,Watches,0.999998,OK
13776,Belmonte Men Printed Cream Tshirts,Tshirts,Topwear,13776.jpg,Topwear,Topwear,0.9985031,OK
21343,Pal Zileri Men Casual Brown Frame Sunglasses,Sunglasses,Eyewear,21343.jpg,Eyewear,Eyewear,0.9999932,OK
11593,W Women Printed Blue Kurtis,Kurtis,Topwear,11593.jpg,Topwear,Topwear,0.99998724,OK
8085,ADIDAS Women Vanquish5 Silver Sports Shoes,Sports Shoes,Shoes,8085.jpg,Shoes,Shoes,0.9999871,OK
34401,Myntra Men Black Printed T-shirt,Tshirts,Topwear,34401.jpg,Topwear,Topwear,0.6697256,OK
43821,Royal Diadem Black Earrings,Earrings,Jewellery,43821.jpg,Jewellery,Jewellery,0.9997987,OK
58981,Colour Me Women Sky Blue Deo,Deodorant,Fragrance,58981.jpg,Fragrance,Fragrance,0.99998176,OK
50680,Chromozome Men White Trunks,Trunk,Innerwear,50680.jpg,Innerwear,Innerwear,0.99171406,OK
8154,Highlander Men Red Checked Hagley Slim Fit Shirt,Shirts,Topwear,8154.jpg,Topwear,Topwear,0.9999937,OK
44040,Hugo Women XX Perfume,Perfume and Body Mist,Fragrance,44040.jpg,Fragrance,Fragrance,0.9999963,OK
50001,Hanes Women Grey Melange Cotton Stretch Racer Back Sports Bra,Bra,Innerwear,50001.jpg,Innerwear,Innerwear,0.99746656,OK
10286,Clarks Men Hang Tough Leather Black Formal Shoes,Formal Shoes,Shoes,10286.jpg,Shoes,Shoes,0.9999347,OK
30861,Fabindia Women Mustard Kurta,Kurtas,Topwear,30861.jpg,Topwear,Topwear,0.9999975,OK
27101,Aneri Women Madhuri Yellow Kurta,Kurtas,Topwear,27101.jpg,Topwear,Topwear,0.99999774,OK
22481,Timberland Men Green Linear Logo T-Shirt,Tshirts,Topwear,22481.jpg,Topwear,Topwear,0.99958974,OK
26114,John Miller Men Purple Shirt,Shirts,Topwear,26114.jpg,Topwear,Topwear,0.99993384,OK
53373,Puma Unisex Black Ferrari Backpack,Backpacks,Bags,53373.jpg,Bags,Bags,0.9997998,OK
34092,Doodle Girls Printed Off White Top,Tops,Topwear,34092.jpg,Topwear,Topwear,0.87249804,OK
39667,Lotto Men White Sports Shoes,Sports Shoes,Shoes,39667.jpg,Shoes,Shoes,0.9999932,OK
57256,Murcia Women Pink Handbag,Handbags,Bags,57256.jpg,Bags,Bags,0.99993443,OK
3628,Puma Men Jiff  Grey Navy Sandal,Sandals,Sandal,3628.jpg,Sandal,Sandal,0.9910643,OK
54304,Garfield Women Pink String Briefs,Briefs,Innerwear,54304.jpg,Innerwear,Innerwear,0.9998109,OK
51620,Fossil Women Brown Dial Watch ES3090,Watches,Watches,51620.jpg,Watches,Watches,1.0,OK
3785,Basics Men Black & Green Striped Polo T-shirt,Tshirts,Topwear,3785.jpg,Topwear,Topwear,0.99983716,OK
5134,Wrangler Women's Folk Side Print Peach T-shirt,Tshirts,Topwear,5134.jpg,Topwear,Topwear,0.9998783,OK
12619,Probase Men Printed Grey Tshirts,Tshirts,Topwear,12619.jpg,Topwear,Topwear,0.9996958,OK
37760,John Players Men Check Blue Shirt,Shirts,Topwear,37760.jpg,Topwear,Topwear,0.9993787,OK
40538,Titan Women White Dial Watch,Watches,Watches,40538.jpg,Watches,Watches,0.92242116,OK
13685,ADIDAS Men Dash Casual Shoes,Casual Shoes,Shoes,13685.jpg,Shoes,Shoes,0.99994636,OK
46315,Fossil Men Blue Dial Analog Chronograph Watch FS4605,Watches,Watches,46315.jpg,Watches,Watches,1.0,OK
38235,Polaroid Unisex Sunglasses,Sunglasses,Eyewear,38235.jpg,Eyewear,Eyewear,0.9999517,OK
38456,Baggit Women Orange Tinki Tower Sling Bag,Handbags,Bags,38456.jpg,Bags,Bags,0.99998164,OK
33315,Arrow New York Men Navy Blue Polo T-shirt,Tshirts,Topwear,33315.jpg,Topwear,Topwear,0.9724812,OK
16136,Tokyo Talkies Women Printed Blue Top,Tops,Topwear,16136.jpg,Topwear,Topwear,0.99999547,OK
5675,Skechers Men's Ilets Resolute Black Shoe,Formal Shoes,Shoes,5675.jpg,Shoes,Shoes,0.9999486,OK
7000,Classic Polo Men's White With Green Grey Stripes T-shirt,Tshirts,Topwear,7000.jpg,Topwear,Topwear,0.99644333,OK
33072,U.S.Polo Assn Men Blue Polo T-shirt,Tshirts,Topwear,33072.jpg,Topwear,Topwear,0.9999968,OK
28261,18+ Men Dare Deo,Deodorant,Fragrance,28261.jpg,Fragrance,Fragrance,0.9999976,OK
23321,W Women Brown Printed Kurta,Kurtas,Topwear,23321.jpg,Topwear,Topwear,0.99955636,OK
10992,Inkfruit Men Dust Rider Purple Tshirts,Tshirts,Topwear,10992.jpg,Topwear,Topwear,0.9997278,OK
51498,Denizen Women Blue Jeans,Jeans,Bottomwear,51498.jpg,Bottomwear,Bottomwear,0.9998254,OK
27940,Jealous 21 Women Turquoise Blue Magic Colour Jeans,Jeans,Bottomwear,27940.jpg,Bottomwear,Bottomwear,0.9998839,OK
25975,J.Del Pozo Ambar Women Perfume Fragrance Gift Set,Perfume and Body Mist,Fragrance,25975.jpg,Fragrance,Fragrance,0.88680154,OK
15050,Franco Leone Men Black Formal Shoe,Formal Shoes,Shoes,15050.jpg,Shoes,Shoes,0.9988085,OK
33046,Mother Earth Women Printed Pink Kurta,Kurtas,Topwear,33046.jpg,Topwear,Topwear,0.99999845,OK
17152,U.S. Polo Assn. Men Solid Black Jacket,Jackets,Topwear,17152.jpg,Topwear,Topwear,0.9964839,OK
9617,Indigo Nation Men Bwd Plaids Green Shirts,Shirts,Topwear,9617.jpg,Topwear,Topwear,0.9999975,OK
2132,Basics Men Brown Slim Fit Shirt,Shirts,Topwear,2132.jpg,Topwear,Topwear,0.9999919,OK
27443,Jockey Women Pink T-Shirt,Tshirts,Topwear,27443.jpg,Topwear,Topwear,0.99918944,OK
45398,Rocia Women White Sandals,Flats,Shoes,45398.jpg,Shoes,Shoes,0.99228764,OK
26365,Arrow Woman White Shirt,Shirts,Topwear,26365.jpg,Topwear,Topwear,0.99999607,OK
27668,Murcia Women White Handbag,Handbags,Bags,27668.jpg,Bags,Bags,0.99998426,OK
16142,Tokyo Talkies Women Printed White Top,Tops,Topwear,16142.jpg,Topwear,Topwear,0.9999999,OK
53734,Puma Men Grey Vintage Ferrari Shoes,Casual Shoes,Shoes,53734.jpg,Shoes,Shoes,0.99966645,OK
19007,ADIDAS Originals Women Blue Tunic,Tunics,Topwear,19007.jpg,Topwear,Topwear,0.99999976,OK
9986,Nike Men Tnfl Crew Blue T-Shirts,Tshirts,Topwear,9986.jpg,Topwear,Topwear,0.9999927,OK
33241,Arrow Men Blue Striped Shirt,Shirts,Topwear,33241.jpg,Topwear,Topwear,0.9989793,OK
11977,Fila Men Motor Sports Olive Sandals,Sandals,Sandal,11977.jpg,Sandal,Sandal,0.9999229,OK
10714,Nike Women Trainng track pants Black Track Pants,Track Pants,Bottomwear,10714.jpg,Bottomwear,Bottomwear,0.9999969,OK
29044,ADIDAS Men Grey T-shirt,Tshirts,Topwear,29044.jpg,Topwear,Topwear,0.99219394,OK
47270,FCUK Underwear Blue Printed Boxers,Boxers,Innerwear,47270.jpg,Innerwear,Innerwear,0.9986504,OK
39769,Peter England Men Green Casual Shirt,Shirts,Topwear,39769.jpg,Topwear,Topwear,0.9999765,OK
34617,Hanes Men ComfortSoft Pack of 2 Waistband Hip Briefs,Briefs,Innerwear,34617.jpg,Innerwear,Innerwear,1.0,OK
59257,Titan Women White Watch,Watches,Watches,59257.jpg,Watches,Watches,0.99999547,OK
40629,Span Women Olive Green Kurta,Kurtas,Topwear,40629.jpg,Topwear,Topwear,0.99999964,OK
13337,Gini and Jony Kids Boys Stripes Green Tshirts,Tshirts,Topwear,13337.jpg,Topwear,Topwear,0.9870884,OK
6633,UCB Men Ben Logo Chest Black Shirt,Shirts,Topwear,6633.jpg,Topwear,Topwear,0.99999344,OK
33210,Sepia Women Striped Navy Blue Top,Tops,Topwear,33210.jpg,Topwear,Topwear,0.999979,OK
56972,HM Women Black Heels,Heels,Shoes,56972.jpg,Shoes,Shoes,0.93507516,OK
36064,OTLS Unisex Mustard Brown Backpack,Backpacks,Bags,36064.jpg,Bags,Bags,1.0,OK
27689,Murcia Women Brown Handbag,Handbags,Bags,27689.jpg,Bags,Bags,1.0,OK
40458,Red Tape Men Navy Blue Shoes,Casual Shoes,Shoes,40458.jpg,Shoes,Shoes,0.9997242,OK
2838,Mr.Men Men's Mr.Happy Blue T-shirt,Tshirts,Topwear,2838.jpg,Topwear,Topwear,0.9999993,OK
26871,Jealous 21 Women Printed White Top,Tops,Topwear,26871.jpg,Topwear,Topwear,0.99999535,OK
26536,ID Men White Shoes,Casual Shoes,Shoes,26536.jpg,Shoes,Shoes,0.99996483,OK
26843,Highlander Men Light Grey Trousers,Trousers,Bottomwear,26843.jpg,Bottomwear,Bottomwear,0.9999471,OK
13483,Rocia Women White & Black Flats,Flats,Shoes,13483.jpg,Shoes,Shoes,0.94419307,OK
16206,Puma Men Hazard Green TShirt,Tshirts,Topwear,16206.jpg,Topwear,Topwear,0.9999988,OK
3648,Fila Men's Elite White Black Shoe,Casual Shoes,Shoes,3648.jpg,Shoes,Shoes,0.9753121,OK
41518,Basics Men Aviator Sunglasses,Sunglasses,Eyewear,41518.jpg,Eyewear,Eyewear,0.9999994,OK
58986,Cavallini Women Deo,Deodorant,Fragrance,58986.jpg,Fragrance,Fragrance,0.9999999,OK
34734,Puma Women Osuran White Sports Shoes,Sports Shoes,Shoes,34734.jpg,Shoes,Shoes,0.9996364,OK
2027,ADIDAS Mens Full Navy Blue T-shirt,Tshirts,Topwear,2027.jpg,Topwear,Topwear,0.99998665,OK
9426,John Miller Men Solid Grey Shirt,Shirts,Topwear,9426.jpg,Topwear,Topwear,0.99996257,OK
9422,John Miller Men Blue black stripe Black Shirts,Shirts,Topwear,9422.jpg,Topwear,Topwear,0.9999616,OK
30646,Nike Men Barca Logo Yellow T-shirt,Tshirts,Topwear,30646.jpg,Topwear,Topwear,0.9999924,OK
27483,Jockey Essence White Bra 2004,Bra,Innerwear,27483.jpg,Innerwear,Innerwear,0.9999883,OK
42636,Estelle Women Gold Bracelet,Bracelet,Jewellery,42636.jpg,Jewellery,Jewellery,0.9991966,OK
37280,Tantra Women Blue Facebook T-shirt,Tshirts,Topwear,37280.jpg,Topwear,Topwear,1.0,OK
54497,Lino Perros Women Black Handbag,Handbags,Bags,54497.jpg,Bags,Bags,1.0,OK
35363,Senorita Women Multi Coloured Flats,Heels,Shoes,35363.jpg,Shoes,Shoes,0.8314008,OK
11705,Lee Men Check Blue Shirts,Shirts,Topwear,11705.jpg,Topwear,Topwear,0.9999498,OK
15854,Warner Bros Kids Girls TW Big Facelog Purple Sandals,Sandals,Sandal,15854.jpg,Sandal,Sandal,0.98541796,OK
12360,Reid & Taylor Men Solid Black Shirts,Shirts,Topwear,12360.jpg,Topwear,Bags,0.9425446,ONE MODEL DISAGREES
29343,Probase Men Printed White T-shirt,Tshirts,Topwear,29343.jpg,Topwear,Topwear,0.9990845,OK
31210,Nike Women Air Propel White Sports Shoes,Sports Shoes,Shoes,31210.jpg,Shoes,Shoes,0.9999579,OK
17799,Chhota Bheem Kids Boy Men Journey to Petra Orange Tshirt,Tshirts,Topwear,17799.jpg,Topwear,Topwear,0.9991322,OK
2163,Probase Men Stripe Red Shirt,Shirts,Topwear,2163.jpg,Topwear,Topwear,0.9999881,OK
10713,Nike Women Blue Dri-Fit Capris,Capris,Bottomwear,10713.jpg,Bottomwear,Bottomwear,0.97531044,OK
41743,Catwalk Women Bronze Heels,Heels,Shoes,41743.jpg,Shoes,Shoes,0.9999598,OK
33069,U.S.Polo Assn. Men Blue Polo T-shirt,Tshirts,Topwear,33069.jpg,Topwear,Topwear,0.9999597,OK
33938,ADIDAS Men Clima White T-shirt,Tshirts,Topwear,33938.jpg,Topwear,Topwear,0.99624914,OK
42820,Little Miss Intimates Women Blue Brief,Briefs,Innerwear,42820.jpg,Innerwear,Topwear,0.90610766,ONE MODEL DISAGREES
15195,Arrow Sport Men Printed Blue Tshirts,Tshirts,Topwear,15195.jpg,Topwear,Topwear,0.99999917,OK
12654,Probase Men Printed Royal Blue Tshirts,Tshirts,Topwear,12654.jpg,Topwear,Topwear,0.9945668,OK
32538,Playboy Men Ibiza Perfume,Perfume and Body Mist,Fragrance,32538.jpg,Fragrance,Fragrance,0.999998,OK
19645,United Colors Of Benetton Women Brown Top,Tops,Topwear,19645.jpg,Topwear,Topwear,0.99997485,OK
35981,Flying Machine Women Pop White T-shirt,Tshirts,Topwear,35981.jpg,Topwear,Topwear,0.9967158,OK
18496,Puma Men Fashion Cat Navy Blue Slipper,Sandals,Sandal,18496.jpg,Sandal,Sandal,0.99273294,OK
32448,ADIDAS Men Navy Blue 3/4 Length Pants,Shorts,Bottomwear,32448.jpg,Bottomwear,Bottomwear,0.99902785,OK
29773,Wrangler Men Green Striped Shirt,Shirts,Topwear,29773.jpg,Topwear,Topwear,0.9995479,OK
10722,Nike Men Casual short sleeve tshirt White Tshirts,Tshirts,Topwear,10722.jpg,Topwear,Topwear,0.99990594,OK
20508,Baggit Women Possible Taj Black Handbag,Handbags,Bags,20508.jpg,Bags,Bags,0.9999931,OK
20198,Wrangler Men North Carolina Blue Sweatshirt,Sweatshirts,Topwear,20198.jpg,Topwear,Topwear,0.99999774,OK
28176,Ray-Ban Men Aviator Sunglasses,Sunglasses,Eyewear,28176.jpg,Eyewear,Eyewear,0.9910938,OK
30569,Opium Men Aviator Brown Sunglass,Sunglasses,Eyewear,30569.jpg,Eyewear,Eyewear,0.9999999,OK
26558,Lee Cooper Men Black Shoes,Casual Shoes,Shoes,26558.jpg,Shoes,Shoes,0.9999889,OK
9075,ADIDAS Men Cr_Ess 3s34pan Black Short,Shorts,Bottomwear,9075.jpg,Bottomwear,Bottomwear,0.99997747,OK
3771,Status Quo Men's Green Polo T-shirt,Tshirts,Topwear,3771.jpg,Topwear,Topwear,0.9998969,OK
59115,Just Natural Men Navy Blue Jacket,Jackets,Topwear,59115.jpg,Topwear,Topwear,0.99999845,OK
33344,Homme Men Black & Brown Semi Formal Shoes,Formal Shoes,Shoes,33344.jpg,Shoes,Shoes,0.81916165,OK
4487,Lotto Men's Play Off Black Blue Shoe,Sports Shoes,Shoes,4487.jpg,Shoes,Shoes,0.99923503,OK
24652,Lino Perros Women Off White Casual Handbag,Handbags,Bags,24652.jpg,Bags,Bags,0.99999976,OK
9779,ADIDAS Men Cress 3spespt Navy Blue Track Pants,Track Pants,Bottomwear,9779.jpg,Bottomwear,Bottomwear,0.99997556,OK
24084,Catwalk Women Bronze Flats,Heels,Shoes,24084.jpg,Shoes,Shoes,0.6777336,OK
16246,Crocs Kids cayman Kids-Unisex Black Sandal,Sandals,Sandal,16246.jpg,Sandal,Sandal,0.9942861,OK
32534,Playboy Men Vegas Fragrance Gift Set,Fragrance Gift Set,Fragrance,32534.jpg,Fragrance,Fragrance,0.99999654,OK
6932,Tantra Men's Time Zone Grey T-shirt,Tshirts,Topwear,6932.jpg,Topwear,Topwear,0.97558105,OK
20558,Baggit Women Sawari Rose Red Mobile Pouch,Mobile Pouch,Bags,20558.jpg,Bags,Bags,0.9999535,OK
8761,Puma Women's Script 3/4 Grey Track Pant,Track Pants,Bottomwear,8761.jpg,Bottomwear,Bottomwear,0.9999926,OK
33224,Sepia Women Striped Black Top,Tops,Topwear,33224.jpg,Topwear,Topwear,0.99995863,OK
40522,Titan Men White Dial Chronograph Watch,Watches,Watches,40522.jpg,Watches,Watches,1.0,OK
5126,Wrangler Women English Florals Salmon Grey Top,Tops,Topwear,5126.jpg,Topwear,Topwear,0.99987686,OK
12658,Probase Men Stripes White Shirts,Shirts,Topwear,12658.jpg,Topwear,Topwear,0.99939203,OK
3899,Disney Kids Girl's Pooh And Tree White Kidswear,Tshirts,Topwear,3899.jpg,Topwear,Topwear,0.9808374,OK
31307,W Women Cream Printed Kurta,Kurtas,Topwear,31307.jpg,Topwear,Topwear,0.6491771,OK
36559,Jack & Jones Men Note Red T-shirt,Tshirts,Topwear,36559.jpg,Topwear,Topwear,0.99996257,OK
59246,Titan Men White Watch,Watches,Watches,59246.jpg,Watches,Watches,1.0,OK
41443,Lee Cooper Men White Sports Shoes,Sports Shoes,Shoes,41443.jpg,Shoes,Shoes,0.9999497,OK
22133,Provogue Men Brown Formal Shoes,Formal Shoes,Shoes,22133.jpg,Shoes,Shoes,0.9998733,OK
46938,York Men Classic Perfume,Perfume and Body Mist,Fragrance,46938.jpg,Fragrance,Fragrance,0.99999475,OK
22017,Vishudh Women Printed Pink Kurta,Kurtas,Topwear,22017.jpg,Topwear,Topwear,0.999985,OK
17180,U.S. Polo Assn. Men Solid Pink Shirt,Shirts,Topwear,17180.jpg,Topwear,Topwear,0.9991786,OK
43740,Royal Diadem Set of 4 Golden Bangles,Bangle,Jewellery,43740.jpg,Jewellery,Jewellery,0.9970806,OK
47227,Franco Leone Men Black Formal Shoes,Formal Shoes,Shoes,47227.jpg,Shoes,Shoes,0.9999714,OK
16634,Facit Men Smart Green Tshirt,Tshirts,Topwear,16634.jpg,Topwear,Topwear,0.9999325,OK
49590,Catwalk Women Brown Wedges,Heels,Shoes,49590.jpg,Shoes,Shoes,0.99952185,OK
14511,Mark Taylor Men Blue Striped Shirt,Shirts,Topwear,14511.jpg,Topwear,Topwear,0.99994457,OK
35652,U.S. Polo Assn. Men Black Formal Shoes,Formal Shoes,Shoes,35652.jpg,Shoes,Shoes,0.97239923,OK
13329,Gini and Jony Kids Boys Printed White Tshirts,Shirts,Topwear,13329.jpg,Topwear,Topwear,0.95865464,OK
50462,Chromozome Men Blue & Green Briefs,Briefs,Innerwear,50462.jpg,Innerwear,Innerwear,0.99989307,OK
22707,Nike Men Air Max Run White Sports Shoes,Sports Shoes,Shoes,22707.jpg,Shoes,Shoes,0.99999,OK
54140,Rocia Women Black Sandals,Heels,Shoes,54140.jpg,Shoes,Shoes,0.9999856,OK
14739,Arrow Men Stripes White Shirts,Shirts,Topwear,14739.jpg,Topwear,Topwear,0.9986628,OK
17225,United Colors of Benetton Men Funky Eyewear Blue Sunglasses,Sunglasses,Eyewear,17225.jpg,Eyewear,Eyewear,0.99999964,OK
59918,Diva Women Multi Coloured Kurta,Kurtas,Topwear,59918.jpg,Topwear,Topwear,0.99404377,OK
53781,Puma Men Blue Sless Round Neck T-shirt,Tshirts,Topwear,53781.jpg,Topwear,Innerwear,0.9479853,ONE MODEL DISAGREES
12828,Spykar Men Washed Blue Jeans,Jeans,Bottomwear,12828.jpg,Bottomwear,Bottomwear,0.9999994,OK
31274,Puma Men Calogne Graphic Navy Blue T-shirt,Tshirts,Topwear,31274.jpg,Topwear,Topwear,0.9995945,OK
17052,Gas Men Venice Slipper,Sandals,Sandal,17052.jpg,Sandal,Sandal,0.86765414,OK
2609,Carlton London Women Contemporary Silver Sandal,Flats,Shoes,2609.jpg,Shoes,Sandal,0.77242726,ONE MODEL DISAGREES
48733,Revv Men Steel Bangle,Bangle,Jewellery,48733.jpg,Jewellery,Jewellery,0.99904555,OK
9217,Puma Men D Force Mid SF White Casual Shoes,Casual Shoes,Shoes,9217.jpg,Shoes,Shoes,0.9999598,OK
5855,ADIDAS Women Plated Handbag,Handbags,Bags,5855.jpg,Bags,Bags,0.9999815,OK
23304,W Women Blue Printed Kurta,Kurtas,Topwear,23304.jpg,Topwear,Topwear,0.99999905,OK
44094,Boss Men Night Edition Perfume,Perfume and Body Mist,Fragrance,44094.jpg,Fragrance,Fragrance,0.9999999,OK
8215,Nike Men's Lunarglide +2 Black Orange Shoe,Sports Shoes,Shoes,8215.jpg,Shoes,Shoes,0.99978393,OK
42256,John Players Men Blue Jeans,Jeans,Bottomwear,42256.jpg,Bottomwear,Bottomwear,0.99994683,OK
10451,Flying Machine Men Blue Polo Tshirts,Tshirts,Topwear,10451.jpg,Topwear,Topwear,0.9999864,OK
47431,Backpackgit Women Green Backpack,Backpacks,Bags,47431.jpg,Bags,Bags,0.9999386,OK
51758,Catwalk Women Black Peep Toes,Heels,Shoes,51758.jpg,Shoes,Shoes,0.99936384,OK
50844,Fabindia Women Printed Cream Dupatta,Dupatta,Topwear,50844.jpg,Topwear,Topwear,0.9999801,OK
7163,Scullers Men's Scul Navy T-shirt,Tshirts,Topwear,7163.jpg,Topwear,Topwear,0.99923885,OK
25422,Nike Men Air Profusion Green Sports Shoes,Sports Shoes,Shoes,25422.jpg,Shoes,Shoes,0.9985007,OK
22564,Lino Perros Black Women Casual Sling Bag,Handbags,Bags,22564.jpg,Bags,Bags,0.9999969,OK
18960,United Colors of Benetton Women Solid Blue Sweatshirt,Sweatshirts,Topwear,18960.jpg,Topwear,Topwear,0.99999833,OK
12610,Jealous 21 Women Printed Purple Tops,Tops,Topwear,12610.jpg,Topwear,Topwear,0.99996495,OK
27014,Jealous 21 Women Washed Blue Capris,Capris,Bottomwear,27014.jpg,Bottomwear,Bottomwear,0.9999949,OK
2755,Classic Polo Mens  T-shirt,Tshirts,Topwear,2755.jpg,Topwear,Topwear,0.999689,OK
54090,Mumbai Slang Women White Kurti,Kurtis,Topwear,54090.jpg,Topwear,Topwear,0.9999639,OK
2211,Puma Men Trek Navy Blue Floater,Sandals,Sandal,2211.jpg,Sandal,Sandal,0.99819773,OK
16827,Little Miss Women Printed Magenta T-shirt,Tshirts,Topwear,16827.jpg,Topwear,Topwear,0.9999094,OK
13114,Numero Uno Men Casual White Casual Shoes,Casual Shoes,Shoes,13114.jpg,Shoes,Shoes,0.99997747,OK
11398,United Colors of Benetton Men Winter Brown Shirt,Shirts,Topwear,11398.jpg,Topwear,Topwear,0.9979912,OK
45196,CASIO ENTICER Women Cream Dial Analogue Watch A651,Watches,Watches,45196.jpg,Watches,Watches,0.9994137,OK
43277,Murcia Women Lavender Handbag,Handbags,Bags,43277.jpg,Bags,Bags,1.0,OK
11783,Lee Men Printed Grey Tshirts,Tshirts,Topwear,11783.jpg,Topwear,Topwear,0.990177,OK
26988,Jealous 21 Women Blue Jeggings,Jeggings,Bottomwear,26988.jpg,Bottomwear,Bottomwear,0.99991024,OK
29553,Classic Polo Men Green T-shirt,Tshirts,Topwear,29553.jpg,Topwear,Topwear,0.9999794,OK
44974,Maxima Men White Dial Watch,Watches,Watches,44974.jpg,Watches,Watches,1.0,OK
18414,Skechers Women Shape-Ups Grey Shoe,Sports Shoes,Shoes,18414.jpg,Shoes,Shoes,0.9995091,OK
42815,Little Miss Intimates Women Green Brief,Briefs,Innerwear,42815.jpg,Innerwear,Innerwear,0.98758507,OK
6203,Lee Women's Sylvia Blue Builder T-shirt,Tshirts,Topwear,6203.jpg,Topwear,Topwear,0.99999976,OK
26123,John Miller Men Striped Black Shirt,Shirts,Topwear,26123.jpg,Topwear,Topwear,0.99999344,OK
43587,Gini and Jony Boys Blue Shirts,Shirts,Topwear,43587.jpg,Topwear,Topwear,0.9975579,OK
25623,Fastrack Men Silver Dial Analog Chronograph Watch,Watches,Watches,25623.jpg,Watches,Watches,1.0,OK
21103,Clarks Men Brown Leather Penny Loafers,Formal Shoes,Shoes,21103.jpg,Shoes,Shoes,0.9987626,OK
42845,French Connection Women Light Brown Handbag,Handbags,Bags,42845.jpg,Bags,Bags,1.0,OK
26619,Puma Men Grey Sports Shoes,Sports Shoes,Shoes,26619.jpg,Shoes,Shoes,0.9945521,OK
56293,Biara Women Purple  Bra,Bra,Innerwear,56293.jpg,Innerwear,Innerwear,0.99995136,OK
45922,Maxima Women White Dial Watch,Watches,Watches,45922.jpg,Watches,Watches,0.9997744,OK
46014,Fabindia Women Orange Kurta,Kurtas,Topwear,46014.jpg,Topwear,Topwear,0.9958181,OK
29611,Indigo Nation Men Check Blue Shirt,Shirts,Topwear,29611.jpg,Topwear,Topwear,0.99999464,OK
22816,Woodland Men  Olive Green Casual Shoes,Casual Shoes,Shoes,22816.jpg,Shoes,Shoes,0.9997389,OK
47568,Portia Women Black Flats,Heels,Shoes,47568.jpg,Shoes,Shoes,0.96757096,OK
51004,Enamor Brownish Pink Full Figure Bra FB09,Bra,Innerwear,51004.jpg,Innerwear,Innerwear,0.99908197,OK
7081,Wildcraft Unisex Olive Green Duffle Bag,Duffel Bag,Bags,7081.jpg,Bags,Bags,0.9999839,OK
37672,American Tourister Unisex Black Backpack,Backpacks,Bags,37672.jpg,Bags,Bags,1.0,OK
37624,Madagascar3 Boys Navy Blue T-Shirt,Tshirts,Topwear,37624.jpg,Topwear,Topwear,0.99999595,OK
18999,ADIDAS Originals Men Adi Firebird TT Black Jacket,Jackets,Topwear,18999.jpg,Topwear,Topwear,0.99987185,OK
58661,ALayna Women Green Kurta,Kurtas,Topwear,58661.jpg,Topwear,Topwear,0.99998164,OK
13535,ADIDAS Men Response Cushion White Sports Shoes,Sports Shoes,Shoes,13535.jpg,Shoes,Shoes,0.9998048,OK
37734,John Players Men Retro Beat Blue Shirt,Shirts,Topwear,37734.jpg,Topwear,Topwear,0.9999397,OK
33828,Puma Men Speeder Black Sports Shoes,Sports Shoes,Shoes,33828.jpg,Shoes,Shoes,0.9998603,OK
4645,ADIDAS Women Adi Fiero Low White Grey Pink Shoe,Sports Shoes,Shoes,4645.jpg,Shoes,Shoes,0.999119,OK
11110,Indigo Nation Men Check White Shirts,Shirts,Topwear,11110.jpg,Topwear,Topwear,0.9977112,OK
2868,Inkfruit Mens Not Just a Game T-shirt,Tshirts,Topwear,2868.jpg,Topwear,Topwear,0.9998882,OK
3690,Lotto Men's Honololu White Dark Red Shoe,Sports Shoes,Shoes,3690.jpg,Shoes,Shoes,0.99954444,OK
13712,Proline Mens Solid Black Polo Tshirt,Tshirts,Topwear,13712.jpg,Topwear,Topwear,0.99566746,OK
6294,UCB Men's Super Star Print Green T-shirt,Tshirts,Topwear,6294.jpg,Topwear,Topwear,0.99999905,OK
27670,Murcia Women Green Handbag,Handbags,Bags,27670.jpg,Bags,Bags,0.9999976,OK
50043,Hanes Women Black Concealing Petals Strapless Bra,Bra,Innerwear,50043.jpg,Innerwear,Innerwear,0.9991549,OK
30324,Myntra Men Killer Move Off White T-shirt,Tshirts,Topwear,30324.jpg,Topwear,Topwear,0.9945221,OK
7134,Urban Yoga Men Bottom Navy Yoga Pants,Track Pants,Bottomwear,7134.jpg,Bottomwear,Bottomwear,0.9680939,OK
3395,Murcia Women Red Handbag,Handbags,Bags,3395.jpg,Bags,Bags,1.0,OK
2078,ADIDAS Women Fitted Black T-shirt,Tshirts,Topwear,2078.jpg,Topwear,Topwear,0.9192885,OK
51352,Spykar Women Blue Jeans,Jeans,Bottomwear,51352.jpg,Bottomwear,Bottomwear,0.9999912,OK
3577,ADIDAS Men Black Alumin Sandal,Sandals,Sandal,3577.jpg,Sandal,Sandal,0.9999733,OK
10164,Carrera Men Green strap witrh green dial Green Watches,Watches,Watches,10164.jpg,Watches,Watches,0.99999976,OK
38458,Baggit Women Orange Sling Bag,Handbags,Bags,38458.jpg,Bags,Bags,1.0,OK
11364,United Colors of Benetton Women Magenta Top,Tops,Topwear,11364.jpg,Topwear,Topwear,0.99388134,OK
6784,Timberland Men Pelham Plaid Blue Shirt,Shirts,Topwear,6784.jpg,Topwear,Topwear,0.9999999,OK
30947,Fabindia Women Green Cambric  Top,Tops,Topwear,30947.jpg,Topwear,Topwear,0.99999666,OK
13639,Hanes Men Blue Crew Duo Dry Body Fit Crew T-shirt,Innerwear Vests,Innerwear,13639.jpg,Innerwear,Innerwear,0.78032994,OK
12054,Spykar Men Printed White T-Shirts,Tshirts,Topwear,12054.jpg,Topwear,Topwear,0.9999976,OK
53417,Alma Women Teal Kurta,Kurtas,Topwear,53417.jpg,Topwear,Topwear,0.9999987,OK
51904,Nyk Women Red Pacifier Handbag,Handbags,Bags,51904.jpg,Bags,Bags,1.0,OK
4037,Puma Men's Rajasthan Royals White T-shirt,Tshirts,Topwear,4037.jpg,Topwear,Topwear,0.9991436,OK
18748,Arrow Woman Beige Top,Tops,Topwear,18748.jpg,Topwear,Topwear,0.9996542,OK
13207,ASICS Men GT 2160 Running Blue Sports Shoes,Sports Shoes,Shoes,13207.jpg,Shoes,Shoes,0.9996308,OK
48910,Lucera Women Silver Pendant with Chain,Pendant,Jewellery,48910.jpg,Jewellery,Jewellery,0.9999993,OK
2827,Lee Cooper Men's Formal Simpleton Black Shoe,Formal Shoes,Shoes,2827.jpg,Shoes,Shoes,0.99898523,OK
30948,Fabindia Women Red Cambric Top,Tops,Topwear,30948.jpg,Topwear,Topwear,0.9999988,OK
46079,ADIDAS Men Black Adizero Shadow Sports Shoes,Sports Shoes,Shoes,46079.jpg,Shoes,Shoes,0.9999653,OK
22597,Nike Men Orange T-shirt,Tshirts,Topwear,22597.jpg,Topwear,Topwear,0.9999871,OK
34553,Puma Women Campus Grip Green Duffle Bag,Duffel Bag,Bags,34553.jpg,Bags,Bags,0.99998796,OK
13699,ADIDAS Men CC Oscillate M Blue Sports Shoes,Sports Shoes,Shoes,13699.jpg,Shoes,Shoes,0.9999151,OK
52179,Lencia Sterling Silver Earrings,Earrings,Jewellery,52179.jpg,Jewellery,Jewellery,0.9999856,OK
48939,Lucera Women Silver Ring,Ring,Jewellery,48939.jpg,Jewellery,Jewellery,0.98845893,OK
26154,John Miller Men Black Trousers,Trousers,Bottomwear,26154.jpg,Bottomwear,Bottomwear,0.99999726,OK
21253,Skybags Unisex Brown Duffle Bag,Duffel Bag,Bags,21253.jpg,Bags,Bags,1.0,OK
52064,Myntra Men Blue T-shirt,Tshirts,Topwear,52064.jpg,Topwear,Topwear,0.9998939,OK
28322,Red Tape Men Casual Black Sandals,Sandals,Sandal,28322.jpg,Sandal,Sandal,0.99263567,OK
36298,W Women White Printed Kurta,Kurtas,Topwear,36298.jpg,Topwear,Topwear,0.9999721,OK
2680,Inkfruit Men's Indian Rule Blue T-shirt,Tshirts,Topwear,2680.jpg,Topwear,Topwear,0.99993706,OK
43176,Fastrack Men Black Dial Watch,Watches,Watches,43176.jpg,Watches,Watches,0.9999999,OK
3254,Puma Women Zandy White Shoe,Casual Shoes,Shoes,3254.jpg,Shoes,Shoes,0.9883051,OK
49672,United Colors of Benetton Men Sunglass,Sunglasses,Eyewear,49672.jpg,Eyewear,Eyewear,0.99980074,OK
41350,Wrangler Men Blue Skanders Jeans,Jeans,Bottomwear,41350.jpg,Bottomwear,Bottomwear,0.9999969,OK
42131,Nike Men Black Air Max Sports Shoes,Sports Shoes,Shoes,42131.jpg,Shoes,Shoes,0.9998603,OK
12833,Ant Kids Spirit Green Tshirts,Tshirts,Topwear,12833.jpg,Topwear,Topwear,0.9999869,OK
37560,Madagascar3 Girls White Shorts,Shorts,Bottomwear,37560.jpg,Bottomwear,Bottomwear,0.9872869,OK
32215,Fabindia Women Printed Brown Kurta,Kurtas,Topwear,32215.jpg,Topwear,Topwear,0.999984,OK
54896,Do u speak green Boys Olive Trousers,Trousers,Bottomwear,54896.jpg,Bottomwear,Bottomwear,0.99999845,OK
43105,Reebok Men Reefuse Deo,Deodorant,Fragrance,43105.jpg,Fragrance,Fragrance,0.99999905,OK
7182,Jealous 21 Women Dark Blue Jegging,Track Pants,Bottomwear,7182.jpg,Bottomwear,Bottomwear,0.9999931,OK
15892,Warner Bros Tweety Girls Blue and White Casual Shoes,Casual Shoes,Shoes,15892.jpg,Shoes,Shoes,0.99307877,OK
13420,United Colors of Benetton Men Solid Purple  polo T-shirts,Tshirts,Topwear,13420.jpg,Topwear,Topwear,0.999348,OK
17709,Vans unisex Authentic Olive Casual Shoes,Casual Shoes,Shoes,17709.jpg,Shoes,Shoes,0.9986841,OK
11820,Playboy Men Casual Green Casual Shoes,Casual Shoes,Shoes,11820.jpg,Shoes,Shoes,0.9998965,OK
24954,United Colors of Benetton Women Blue T-shirt,Tshirts,Topwear,24954.jpg,Topwear,Topwear,0.999972,OK
26380,Turtle Men Striped Black Trousers,Trousers,Bottomwear,26380.jpg,Bottomwear,Bottomwear,0.99998975,OK
54128,Rocia Women Silver Heels,Heels,Shoes,54128.jpg,Shoes,Shoes,0.99998546,OK
32719,Facit Men Navy Blue Brief,Briefs,Innerwear,32719.jpg,Innerwear,Innerwear,0.9999968,OK
54387,Baggit Women Mauve Handbag,Handbags,Bags,54387.jpg,Bags,Bags,1.0,OK
45931,Maxima Men Black Watch,Watches,Watches,45931.jpg,Watches,Watches,0.9999999,OK
41467,Carlton London Women Brown Solid Suede Ballerinas,Flats,Shoes,41467.jpg,Shoes,Shoes,0.998577,OK
15649,Nike Women Trainng Grey Tops,Tops,Topwear,15649.jpg,Topwear,Topwear,0.99977916,OK
28891,Enamor Women Beige Regular-Rise Brief,Briefs,Innerwear,28891.jpg,Innerwear,Innerwear,0.99930155,OK
13897,Nike Men Mikumi Black Sandals,Sandals,Sandal,13897.jpg,Sandal,Sandal,0.9987469,OK
28386,Idee Men Black Sunglasses,Sunglasses,Eyewear,28386.jpg,Eyewear,Eyewear,0.99951196,OK
19263,Guess Women Mini Quiz White Dial Watch with Interchangeable Straps W11130L1,Watches,Watches,19263.jpg,Watches,Watches,0.90636057,OK
3593,Converse Unisex Black Casual Shoes,Casual Shoes,Shoes,3593.jpg,Shoes,Shoes,0.99964774,OK
8335,Doodle Boy's Touring Championship Green Teen Kidswear,Tshirts,Topwear,8335.jpg,Topwear,Topwear,0.9999833,OK
26072,John Miller Men Striped Blue Shirt,Shirts,Topwear,26072.jpg,Topwear,Topwear,0.99988556,OK
41355,Wrangler Men Blue Millard Jeans,Jeans,Bottomwear,41355.jpg,Bottomwear,Bottomwear,0.99979275,OK
53079,Rocia Women Pink Clutch,Clutches,Bags,53079.jpg,Bags,Bags,0.99982625,OK
9558,Nike Men Black Black Tshirts,Tshirts,Topwear,9558.jpg,Topwear,Topwear,0.99997807,OK
30922,Fabindia Women Printed Rust Skirt,Skirts,Bottomwear,30922.jpg,Bottomwear,Bottomwear,0.9211177,OK
10326,Puma Men Strom Agitation Gents Black Watches,Watches,Watches,10326.jpg,Watches,Watches,0.99999726,OK
21532,Kiara Women Sporty Look Grey Handbag,Handbags,Bags,21532.jpg,Bags,Bags,1.0,OK
36066,OTLS Unisex Blue Backpack,Backpacks,Bags,36066.jpg,Bags,Bags,1.0,OK
7666,Puma Men's Silly Point Blue T-shirt,Tshirts,Topwear,7666.jpg,Topwear,Topwear,0.99999774,OK
11265,Indigo Nation Men TR Yarn Dyed Black Trousers,Trousers,Bottomwear,11265.jpg,Bottomwear,Bottomwear,0.9999882,OK
3055,Tantra Men's Right Now Green T-shirt,Tshirts,Topwear,3055.jpg,Topwear,Topwear,0.9999844,OK
48721,Lucera Women Silver Earrings,Earrings,Jewellery,48721.jpg,Jewellery,Jewellery,0.9999988,OK
2001,ADIDAS Mens Grey Polo T-shirt,Tshirts,Topwear,2001.jpg,Topwear,Topwear,0.99999654,OK
7365,Red Tape Men's Black Casual Shoe,Casual Shoes,Shoes,7365.jpg,Shoes,Shoes,0.9990289,OK
54964,Do U Speak Green Women Cream T-Shirt,Tshirts,Topwear,54964.jpg,Topwear,Topwear,0.9985877,OK
3068,Tantra Women's Hint Lime Green T-shirt,Tshirts,Topwear,3068.jpg,Topwear,Topwear,1.0,OK
13376,Timberland Women Femmes Blue Casual Shoes,Casual Shoes,Shoes,13376.jpg,Shoes,Sandal,0.7567897,ONE MODEL DISAGREES
29312,ADIDAS Unisex Black Backpack,Backpacks,Bags,29312.jpg,Bags,Bags,1.0,OK
44509,Converse Men Navy Blue Shoes,Casual Shoes,Shoes,44509.jpg,Shoes,Shoes,0.99816567,OK
26202,Nautica Pure Men Perfume,Perfume and Body Mist,Fragrance,26202.jpg,Fragrance,Fragrance,0.9999995,OK
30341,Myntra Men Fakebook Off White T-shirt,Tshirts,Topwear,30341.jpg,Topwear,Topwear,0.8419255,OK
51486,Denizen Men Brown Trousers,Trousers,Bottomwear,51486.jpg,Bottomwear,Bottomwear,0.9998745,OK
45767,Lomani Women Addict Deo,Deodorant,Fragrance,45767.jpg,Fragrance,Fragrance,0.9999913,OK
34159,Gini and Jony Girls Printed White Top,Tops,Topwear,34159.jpg,Topwear,Topwear,0.9999988,OK
44278,Murcia Women Black Handpainted Print Handbag,Handbags,Bags,44278.jpg,Bags,Bags,0.9998548,OK
22611,Nike Men Green Jersey,Tshirts,Topwear,22611.jpg,Topwear,Topwear,0.99704415,OK
17705,Vans unisex Era Black Casual Shoes,Casual Shoes,Shoes,17705.jpg,Shoes,Shoes,0.9993043,OK
50390,Miss Sixty Black Dial Watch,Watches,Watches,50390.jpg,Watches,Watches,0.99995446,OK
14293,Classic Polo Men Stripes Blue Tshirts,Tshirts,Topwear,14293.jpg,Topwear,Topwear,1.0,OK
50945,Lee Womens Blue Maxi Fit Jeans,Jeans,Bottomwear,50945.jpg,Bottomwear,Bottomwear,0.99999654,OK
8859,Mark Taylor Men White Striped Shirt,Shirts,Topwear,8859.jpg,Topwear,Topwear,0.99997246,OK
27070,Yelloe Women Shoppers Fun Brown Handbag,Handbags,Bags,27070.jpg,Bags,Bags,0.9999999,OK
57090,Elle Women Navy Blue Skirt,Skirts,Bottomwear,57090.jpg,Bottomwear,Bottomwear,0.9892909,OK
44933,Ganuchi Men Brown Sandals,Sandals,Sandal,44933.jpg,Sandal,Sandal,0.85549355,OK
54148,Femella Black Necklace,Necklace and Chains,Jewellery,54148.jpg,Jewellery,Jewellery,0.99999905,OK
18428,Vital Gear Unisex Black Laptop Bag,Laptop Bag,Bags,18428.jpg,Bags,Bags,0.9999926,OK
4247,Probase Men's I'M So Broke Maroon T-shirt,Tshirts,Topwear,4247.jpg,Topwear,Topwear,0.9999993,OK
44950,Kama Sutra Women Diva Deo,Deodorant,Fragrance,44950.jpg,Fragrance,Fragrance,0.99985754,OK
14370,Catwalk Women Casual Black Flats,Heels,Shoes,14370.jpg,Shoes,Shoes,0.9993569,OK
8371,Doodle Girl's Dont Worry Hippie Yellow Teen Kidswear,Tshirts,Topwear,8371.jpg,Topwear,Topwear,0.99999726,OK
16271,Tokyo Talkies Women Printed White Top,Tops,Topwear,16271.jpg,Topwear,Topwear,0.9999995,OK
24403,Vishudh Women Blue Printed Kurta,Kurtas,Topwear,24403.jpg,Topwear,Topwear,0.9999995,OK
15036,ADIDAS Women Stripes Blue Sweaters,Sweaters,Topwear,15036.jpg,Topwear,Topwear,0.99998105,OK
22853,Woodland Men Brown Casual Shoes,Casual Shoes,Shoes,22853.jpg,Shoes,Shoes,0.99983144,OK
29457,Giordano Men Black Dial Watch,Watches,Watches,29457.jpg,Watches,Watches,1.0,OK
10758,Disney Kids Girls Princess Heart Blue Casual Shoes,Casual Shoes,Shoes,10758.jpg,Shoes,Sandal,0.8792599,ONE MODEL DISAGREES
33979,Femella Women Black Stockings,Stockings,Bottomwear,33979.jpg,Bottomwear,Bottomwear,0.9999889,OK
31712,Fabindia Women Anusuya Silver Earrings,Earrings,Jewellery,31712.jpg,Jewellery,Jewellery,0.9999975,OK
39290,Red Chief Men Brown Shoes,Casual Shoes,Shoes,39290.jpg,Shoes,Shoes,0.99994946,OK
46928,York Men Aqua Black Perfume,Perfume and Body Mist,Fragrance,46928.jpg,Fragrance,Fragrance,0.9999975,OK
15055,Franco Leone Men Brown Formal Shoe,Formal Shoes,Shoes,15055.jpg,Shoes,Shoes,0.99763334,OK
35878,Marvel Boys Comics Purple T-shirt,Tshirts,Topwear,35878.jpg,Topwear,Topwear,0.99999917,OK
12967,ADIDAS Men Spry M Black Sandals,Sandals,Sandal,12967.jpg,Sandal,Sandal,0.99744284,OK
44632,Nike Men Grey AS Sideline Track Pants,Track Pants,Bottomwear,44632.jpg,Bottomwear,Bottomwear,0.9999988,OK
35210,Wildcraft Unisex Red & Black Backpack,Backpacks,Bags,35210.jpg,Bags,Bags,1.0,OK
48633,Lucera Women Silver Earrings,Earrings,Jewellery,48633.jpg,Jewellery,Jewellery,0.99997616,OK
24848,Flying Machine Men Washed Blue Jeans,Jeans,Bottomwear,24848.jpg,Bottomwear,Bottomwear,0.99999917,OK
12309,Genesis Men Stripes Purple Shirts,Shirts,Topwear,12309.jpg,Topwear,Topwear,0.9993736,OK
38005,Q&Q Men Pink Dial Watch,Watches,Watches,38005.jpg,Watches,Watches,1.0,OK
22945,Fastrack Unisex Black Dial Watch 9915PP03,Watches,Watches,22945.jpg,Watches,Watches,0.99999833,OK
45126,Casio Enticer Women White Dial Watch LTP-1165A-7C2DF(A265),Watches,Watches,45126.jpg,Watches,Watches,1.0,OK
3834,Crocs Kids Girl's Keeley Bubblegum Fuchsia Kidswear,Sandals,Sandal,3834.jpg,Sandal,Sandal,0.99488986,OK
25372,Levis Men Navy Blue Innerwear Vest,Innerwear Vests,Innerwear,25372.jpg,Innerwear,Innerwear,0.9881186,OK
30723,Fabindia Boys Printed Blue Kurta,Kurtas,Topwear,30723.jpg,Topwear,Topwear,0.68452436,OK
6527,Nike Men's Woven White Short,Shorts,Bottomwear,6527.jpg,Bottomwear,Bottomwear,0.99866855,OK
26015,TOUS Man Eau De Toilette 100 ml,Perfume and Body Mist,Fragrance,26015.jpg,Fragrance,Fragrance,0.99950373,OK
21275,Allen Solly Unisex Sunglasses AS123-C3,Sunglasses,Eyewear,21275.jpg,Eyewear,Eyewear,0.9999472,OK
5458,Nike Men Training Knit Navy Blue Track Pant,Track Pants,Bottomwear,5458.jpg,Bottomwear,Bottomwear,0.99999833,OK
58028,Rreverie Golden Earrings,Earrings,Jewellery,58028.jpg,Jewellery,Jewellery,0.99999654,OK
5227,Wildcraft Unisex Blue Duffel Bag,Duffel Bag,Bags,5227.jpg,Bags,Bags,0.9999974,OK
18225,Manchester United Men Printed White Tshirt,Tshirts,Topwear,18225.jpg,Topwear,Topwear,0.9997093,OK
30165,Esprit Men Black Dial Watch,Watches,Watches,30165.jpg,Watches,Watches,1.0,OK
17827,Nike Men Air Force 1 '07 White Casual Shoe,Casual Shoes,Shoes,17827.jpg,Shoes,Shoes,0.9999608,OK
3977,Jealous 21 Women Green Tunic Mirror Print Top,Tops,Topwear,3977.jpg,Topwear,Topwear,0.99998987,OK
34858,Vans Men Classic Slip-On Grey Shoes,Casual Shoes,Shoes,34858.jpg,Shoes,Shoes,0.99998796,OK
50616,Chromozome Men Grey Melange Brief,Briefs,Innerwear,50616.jpg,Innerwear,Innerwear,0.99787533,OK
13036,Inc 5 Women Casual Beige Wedges,Heels,Shoes,13036.jpg,Shoes,Shoes,0.99828064,OK
31300,Puma Men Summer Black T-shirt,Tshirts,Topwear,31300.jpg,Topwear,Topwear,0.9997222,OK
4661,ADIDAS Men Elroy Black Sports Shoes,Sports Shoes,Shoes,4661.jpg,Shoes,Shoes,0.68410045,OK
35046,Fabindia Women Silk Maroon Kurta,Kurtas,Topwear,35046.jpg,Topwear,Topwear,0.99999833,OK
24085,Manchester United Men White Sweatshirt,Sweatshirts,Topwear,24085.jpg,Topwear,Topwear,0.9999814,OK
26537,ID Men Blue Shoes,Casual Shoes,Shoes,26537.jpg,Shoes,Shoes,0.9997029,OK
51805,Bwitch Light Pink Bra,Bra,Innerwear,51805.jpg,Innerwear,Innerwear,0.9994431,OK
11286,Wrangler Men Black Millard Jeans,Jeans,Bottomwear,11286.jpg,Bottomwear,Bottomwear,0.9998952,OK
28495,Urban Yoga Men Black Track Pants,Track Pants,Bottomwear,28495.jpg,Bottomwear,Bottomwear,0.99999416,OK
28165,Ray-Ban Men Aviator Gold Sunglasses,Sunglasses,Eyewear,28165.jpg,Eyewear,Eyewear,0.9999467,OK
48629,Lucera Women Gold Earrings,Earrings,Jewellery,48629.jpg,Jewellery,Jewellery,0.99518716,OK
3057,Tantra Men Cut The Crap Green T-shirt,Tshirts,Topwear,3057.jpg,Topwear,Topwear,0.9999945,OK
30619,Nike Men Printed Black T-shirt,Tshirts,Topwear,30619.jpg,Topwear,Topwear,0.9999845,OK
5696,Skechers Men Genesis Brown Shoe,Casual Shoes,Shoes,5696.jpg,Shoes,Shoes,0.97848505,OK
18447,Ed Hardy Love & Luck Men Perfumes,Perfume and Body Mist,Fragrance,18447.jpg,Fragrance,Fragrance,0.9999527,OK
53621,Q&Q Men Black Watch,Watches,Watches,53621.jpg,Watches,Watches,1.0,OK
12007,Mark Taylor Men Purple Striped Shirt,Shirts,Topwear,12007.jpg,Topwear,Topwear,0.99997413,OK
28525,Nike Men Man U Core Black T-shirt,Tshirts,Topwear,28525.jpg,Topwear,Topwear,0.9997582,OK
6092,UCB Women's Boat Neck Chest Print Grey T-shirt,Tshirts,Topwear,6092.jpg,Topwear,Topwear,0.9999808,OK
42822,Little Miss Intimates Women Black Brief,Briefs,Innerwear,42822.jpg,Innerwear,Innerwear,0.98468703,OK
3312,Asics Men's Gel Cushioning Running Black Yellow Silver Shoe,Sports Shoes,Shoes,3312.jpg,Shoes,Shoes,0.99941266,OK
36048,OTLS Unisex Mustard Brown Backpack,Backpacks,Bags,36048.jpg,Bags,Bags,1.0,OK
21071,Clarks Men Formal Black Formal Shoe,Formal Shoes,Shoes,21071.jpg,Shoes,Shoes,0.9999317,OK
35785,Enroute Women Coral Shoes,Flats,Shoes,35785.jpg,Shoes,Shoes,0.99917585,OK
35879,Marvel Boys Comics Yellow T-shirt,Tshirts,Topwear,35879.jpg,Topwear,Topwear,0.9998958,OK
33743,Vero Moda Women Simka Grey Top,Tops,Topwear,33743.jpg,Topwear,Topwear,0.9987727,OK
15040,ADIDAS Men Printed Purple Sweatshirts,Sweatshirts,Topwear,15040.jpg,Topwear,Topwear,0.9999882,OK
5213,Aerosmith Men's Crew Black T-shirt,Tshirts,Topwear,5213.jpg,Topwear,Topwear,0.9999397,OK
55568,Revlon Women Charlie Gold Deo,Deodorant,Fragrance,55568.jpg,Fragrance,Fragrance,0.99999726,OK
20173,Wrangler Men Dark Purple Shirt,Shirts,Topwear,20173.jpg,Topwear,Topwear,0.9999974,OK
10844,Wrangler Men Cowboy Freedom Green T-Shirts,Tshirts,Topwear,10844.jpg,Topwear,Topwear,0.9886615,OK
17050,Gas Men Malibu Slipper,Sandals,Sandal,17050.jpg,Sandal,Sandal,0.9979493,OK
28071,Jockey ELANCE Men Elance White Trunks 1015,Trunk,Innerwear,28071.jpg,Innerwear,Innerwear,0.9992138,OK
3446,Pune Warriors Mens Match Jersey,Tshirts,Topwear,3446.jpg,Topwear,Bottomwear,0.76331073,ONE MODEL DISAGREES
43757,Royal Diadem Set of 2 White Bangles,Bangle,Jewellery,43757.jpg,Jewellery,Jewellery,0.9995783,OK
12966,ADIDAS Men Snova Glide Grey Sports Shoes,Sports Shoes,Shoes,12966.jpg,Shoes,Shoes,0.99988914,OK
10350,United Colors of Benetton Women Applique Work Purple T-shirt,Tshirts,Topwear,10350.jpg,Topwear,Topwear,0.99915254,OK
32598,ONLY Women Orange Top,Tops,Topwear,32598.jpg,Topwear,Topwear,0.9995192,OK
21453,Roxy Women Black Printed T-Shirt,Tshirts,Topwear,21453.jpg,Topwear,Topwear,0.9999831,OK
12012,Mark Taylor Men Blue Striped Shirts,Shirts,Topwear,12012.jpg,Topwear,Topwear,0.9999366,OK
43152,Fastrack Men Black Watch,Watches,Watches,43152.jpg,Watches,Watches,0.9994893,OK
22733,Nike Men Dunk High Grey Casual Shoes,Casual Shoes,Shoes,22733.jpg,Shoes,Shoes,0.9999205,OK
35401,Stens by Enroute Men Brown Shoes,Casual Shoes,Shoes,35401.jpg,Shoes,Shoes,0.99856526,OK
5455,Ant Kids Boy's Musical Buzz Green T-Shirts Kidswear,Tshirts,Topwear,5455.jpg,Topwear,Topwear,0.99997294,OK
18625,Puma Men Heritage Polo Ribbon Red Tshirt,Tshirts,Topwear,18625.jpg,Topwear,Topwear,0.9998357,OK
53622,Q&Q Men Black Watch,Watches,Watches,53622.jpg,Watches,Watches,1.0,OK
23231,Aneri Women Roshani Red Kurta,Kurtas,Topwear,23231.jpg,Topwear,Topwear,0.9999901,OK
56647,Mumbai Slang Women Pink Kurti,Kurtis,Topwear,56647.jpg,Topwear,Topwear,0.999151,OK
21107,Clarks Men Aston Mind Black Formal Shoe,Formal Shoes,Shoes,21107.jpg,Shoes,Shoes,0.9971009,OK
48026,Helix Women White Dial Watch,Watches,Watches,48026.jpg,Watches,Watches,0.999907,OK
48182,Fossil Women Red Handbag,Handbags,Bags,48182.jpg,Bags,Bags,0.9999987,OK
53434,ADIDAS Men Blue Jersey,Tshirts,Topwear,53434.jpg,Topwear,Topwear,0.9999914,OK
4782,ADIDAS Women's V Neck With Crystal Black T-shirt,Tshirts,Topwear,4782.jpg,Topwear,Topwear,0.9615372,OK
13130,Provogue Men Brown Casual Shoes,Casual Shoes,Shoes,13130.jpg,Shoes,Shoes,0.946813,OK
35802,Enroute Women Mustard Flats,Heels,Shoes,35802.jpg,Shoes,Shoes,0.99949014,OK
39466,Diva Women Pink Kurta,Kurtas,Topwear,39466.jpg,Topwear,Topwear,0.9999057,OK
50682,Chromozome Men Black Trunks,Trunk,Innerwear,50682.jpg,Innerwear,Innerwear,0.9994294,OK
24669,Converse Men Red Casual Shoes,Casual Shoes,Shoes,24669.jpg,Shoes,Shoes,0.99884665,OK
16054,Highlander Men Solid Grey Trouser,Trousers,Bottomwear,16054.jpg,Bottomwear,Bottomwear,0.99999607,OK
3196,Tantra Men's Re-Incarnation Green T-shirt,Tshirts,Topwear,3196.jpg,Topwear,Topwear,0.9998234,OK
5093,Wrangler Men's Champion Burnt Out Striper Black T-shirt,Tshirts,Topwear,5093.jpg,Topwear,Topwear,0.9993963,OK
43831,Royal Diadem White Earrings,Earrings,Jewellery,43831.jpg,Jewellery,Jewellery,0.9999573,OK
44117,Hugo Men Just Different 100 ml Perfume,Perfume and Body Mist,Fragrance,44117.jpg,Fragrance,Fragrance,0.9999733,OK
12770,Mother Earth Women Checks Green Shirts,Tops,Topwear,12770.jpg,Topwear,Topwear,0.9999995,OK
33899,Citizen Men White Dial Watch,Watches,Watches,33899.jpg,Watches,Watches,1.0,OK
19456,Quiksilver Men Printed Grey T-shirt,Tshirts,Topwear,19456.jpg,Topwear,Topwear,0.9996544,OK
6660,Nike Women Dunk Low White Grey Shoe,Casual Shoes,Shoes,6660.jpg,Shoes,Shoes,0.9690222,OK
3360,Myntra Men's I work for money Sky Blue T-shirt,Tshirts,Topwear,3360.jpg,Topwear,Topwear,0.9999943,OK
37925,Mineral Women Coral Top,Tops,Topwear,37925.jpg,Topwear,Topwear,0.9999994,OK
22690,Nike Men Air Max Torch Black Sports Shoes,Sports Shoes,Shoes,22690.jpg,Shoes,Shoes,0.9999939,OK
57123,Elle Women Red Top,Tops,Topwear,57123.jpg,Topwear,Topwear,0.9999478,OK
50710,Latin Quarters Women Black Top,Tops,Topwear,50710.jpg,Topwear,Topwear,0.99975425,OK
49641,Mineral Women White Top,Tops,Topwear,49641.jpg,Topwear,Topwear,0.9999105,OK
13515,Palm Tree Kids Girl Washed Blue Skirts,Skirts,Bottomwear,13515.jpg,Bottomwear,Bottomwear,0.99156404,OK
4181,Rockport Men Brown Leather Casual Shoes,Formal Shoes,Shoes,4181.jpg,Shoes,Shoes,0.99233013,OK
45132,Casio Enticer Men White Dial Analogue Watch MTP-1216A-7BDF(A357),Watches,Watches,45132.jpg,Watches,Watches,0.99999976,OK
14734,Arrow Men Stripes Black Shirts,Shirts,Topwear,14734.jpg,Topwear,Topwear,0.98874986,OK
10246,Murcia Women Zoe Brown Handbags,Handbags,Bags,10246.jpg,Bags,Bags,1.0,OK
32143,Playboy Men Duet Pack of 2 Briefs,Briefs,Innerwear,32143.jpg,Innerwear,Innerwear,0.9999981,OK
41468,Carlton London Women Olive Shoes,Casual Shoes,Shoes,41468.jpg,Shoes,Shoes,0.9993622,OK
29913,Police Women Black Dial Chronograph Watch PL12207MSTB-02M,Watches,Watches,29913.jpg,Watches,Watches,1.0,OK
17461,CASIO G-Shock Men Black Analogue & Digital Watch G185,Watches,Watches,17461.jpg,Watches,Watches,0.9999968,OK
6402,Lotto Men Laos Brown Floater,Sandals,Sandal,6402.jpg,Sandal,Shoes,0.6446937,ONE MODEL DISAGREES
18618,Puma Men Team Essential Moonlight Steelblue Polo Tshirts,Tshirts,Topwear,18618.jpg,Topwear,Topwear,0.9946978,OK
29509,Giordano Women Blue Dial Watch,Watches,Watches,29509.jpg,Watches,Watches,1.0,OK
28231,Playboy Men Malibu Deo,Deodorant,Fragrance,28231.jpg,Fragrance,Fragrance,0.99999523,OK
56288,Biara Women Black Bra,Bra,Innerwear,56288.jpg,Innerwear,Innerwear,0.99919206,OK
13760,Belmonte Men Check Purple Shirts,Shirts,Topwear,13760.jpg,Topwear,Topwear,0.9999919,OK
57004,HM Women White Sandals,Flats,Shoes,57004.jpg,Shoes,Shoes,0.94404966,OK
7952,Puma Men's Knit Polo Black  Polo T-shirt,Tshirts,Topwear,7952.jpg,Topwear,Topwear,0.99876773,OK
47055,Shree Women Brown Jodhpuri Salwar,Salwar,Bottomwear,47055.jpg,Bottomwear,Bottomwear,0.99961555,OK
27350,Tantra Women Hippy Purple T-shirt,Tshirts,Topwear,27350.jpg,Topwear,Topwear,0.9999995,OK
26853,Calvin Klein Men Eternity Perfume,Perfume and Body Mist,Fragrance,26853.jpg,Fragrance,Fragrance,1.0,OK
48360,French Connection Men Navy Blue & White Check Shirt,Shirts,Topwear,48360.jpg,Topwear,Topwear,0.9999993,OK
40120,ADIDAS Women Green T-shirt,Tshirts,Topwear,40120.jpg,Topwear,Topwear,0.9999999,OK
28075,Jockey MC Men Blue Midway Classic Trunks 1101,Trunk,Innerwear,28075.jpg,Innerwear,Innerwear,0.99995375,OK
20368,United Colors of Benetton Men Blue Check Shirt,Shirts,Topwear,20368.jpg,Topwear,Topwear,0.9999862,OK
32348,Q&Q Men Black Dial Watch,Watches,Watches,32348.jpg,Watches,Watches,1.0,OK
15174,Arrow Men Yellow Polo T-shirt,Tshirts,Topwear,15174.jpg,Topwear,Topwear,0.9649304,OK
6067,UCB Women's Tank With All Over Photo Print White T-shirt,Tops,Topwear,6067.jpg,Topwear,Topwear,0.998323,OK
31238,Puma Men Schon Polo Green T-shirt,Tshirts,Topwear,31238.jpg,Topwear,Topwear,1.0,OK
25326,CASIO Edifice Men Black Dial Watch ED423,Watches,Watches,25326.jpg,Watches,Watches,1.0,OK
45929,Maxima Men White Dial Watch,Watches,Watches,45929.jpg,Watches,Watches,0.9999963,OK
40002,Park Avenue Men Sunglasses,Sunglasses,Eyewear,40002.jpg,Eyewear,Eyewear,0.99999845,OK
47761,Murcia Women Black Handbag,Handbags,Bags,47761.jpg,Bags,Bags,0.99999595,OK
18041,Lino Perros Women Solid Maroon Handbag,Handbags,Bags,18041.jpg,Bags,Bags,0.9999999,OK
10335,United Colors of Benetton Women Striped Magenta Top,Tops,Topwear,10335.jpg,Topwear,Topwear,0.9998609,OK
10227,Murcia Women SLB Bag Purple Handbags,Handbags,Bags,10227.jpg,Bags,Bags,0.9999976,OK
25881,American Tourister Unisex Casual Olive Backpack,Backpacks,Bags,25881.jpg,Bags,Bags,0.9999993,OK
18990,ADIDAS Originals Men Black Tshirt,Tshirts,Topwear,18990.jpg,Topwear,Topwear,0.9999093,OK
45160,CASIO ENTICER Men Black Dial Watch A514 MTD-1069B-1A1VDF,Watches,Watches,45160.jpg,Watches,Watches,1.0,OK
14052,Flying Machine Men Solid White Shirts,Shirts,Topwear,14052.jpg,Topwear,Topwear,0.999574,OK
30734,Fabindia Men White Churidar,Churidar,Bottomwear,30734.jpg,Bottomwear,Bottomwear,0.90966624,OK
48374,French Connection Men Purple & Black Striped Shirt,Shirts,Topwear,48374.jpg,Topwear,Topwear,0.9995546,OK
48855,Lucera Women Silver Pendant with Chain,Pendant,Jewellery,48855.jpg,Jewellery,Jewellery,0.99657166,OK
18284,Aneri Women Anu Pink Kurta,Kurtas,Topwear,18284.jpg,Topwear,Topwear,0.9999875,OK
27598,Scullers Men Check Grey Trousers,Trousers,Bottomwear,27598.jpg,Bottomwear,Bottomwear,0.9999465,OK
43631,Vero Moda Women Green Shirt,Shirts,Topwear,43631.jpg,Topwear,Topwear,0.9999949,OK
6233,UCB Women's Basic Neck Green T-shirt,Tshirts,Topwear,6233.jpg,Topwear,Topwear,0.7961535,OK
48197,United Colors of Benetton Men Black Sunglasses,Sunglasses,Eyewear,48197.jpg,Eyewear,Eyewear,0.9999989,OK
37152,Campbell Men Pack of 3 T-shirts,Tshirts,Topwear,37152.jpg,Topwear,Topwear,0.99281716,OK
22359,John Players Men Check Blue Shirt,Shirts,Topwear,22359.jpg,Topwear,Topwear,0.9998809,OK
28186,Ray-Ban Unisex Aviator Gold Sunglasses,Sunglasses,Eyewear,28186.jpg,Eyewear,Eyewear,0.9999701,OK
9222,Puma Unisex Speeder SL Jr White Casual Shoes,Casual Shoes,Shoes,9222.jpg,Shoes,Shoes,0.99871314,OK
58447,Fossil Men Black Dial Chronograph Watch JR1265,Watches,Watches,58447.jpg,Watches,Watches,1.0,OK
43915,Femella Women Cream Shorts,Shorts,Bottomwear,43915.jpg,Bottomwear,Bottomwear,0.9929153,OK
49636,Mineral Blue & White Skirt,Skirts,Bottomwear,49636.jpg,Bottomwear,Bottomwear,0.9999827,OK
10061,Puma Men graphic story tee White Tshirts,Tshirts,Topwear,10061.jpg,Topwear,Topwear,0.99921715,OK
43335,Reebok Men Navy Blue Turbo DMX Shear Sports Shoes,Sports Shoes,Shoes,43335.jpg,Shoes,Shoes,0.9999156,OK
46160,Adrika Women Green & Brown Beaded Necklace,Necklace and Chains,Jewellery,46160.jpg,Jewellery,Jewellery,0.7976821,OK
47289,Baggit Women Red Bag,Handbags,Bags,47289.jpg,Bags,Bags,0.99999976,OK
27283,Mother Earth Women Magenta Kurta,Kurtas,Topwear,27283.jpg,Topwear,Topwear,0.9999857,OK
48077,French Connection Men Red T-shirt,Tshirts,Topwear,48077.jpg,Topwear,Topwear,0.99999344,OK
11019,Wrangler Women Check Purple Shirt,Shirts,Topwear,11019.jpg,Topwear,Topwear,0.9999993,OK
19252,Guess Men Rush Steel Watch,Watches,Watches,19252.jpg,Watches,Watches,1.0,OK
50279,Arrow Men Navy Blue Shoes,Casual Shoes,Shoes,50279.jpg,Shoes,Shoes,0.9997596,OK
2653,Murcia Women Leather Office Grey Bag,Handbags,Bags,2653.jpg,Bags,Bags,1.0,OK
34314,Myntra Men Orange Urban T-shirt,Tshirts,Topwear,34314.jpg,Topwear,Topwear,0.99997234,OK
2846,Mr.Men Men's Mr.Cool Black T-shirt,Tshirts,Topwear,2846.jpg,Topwear,Topwear,0.99993014,OK
43735,Royal Diadem Set of 2 Golden Bangles,Bangle,Jewellery,43735.jpg,Jewellery,Jewellery,0.999949,OK
59020,Carlton London Women Brown Heels,Heels,Shoes,59020.jpg,Shoes,Shoes,0.998616,OK
25156,Lino Perros Women Leatherette Black Handbag,Handbags,Bags,25156.jpg,Bags,Bags,0.9999994,OK
59058,Global Desi Women Black Kurti,Kurtis,Topwear,59058.jpg,Topwear,Topwear,0.9999987,OK
50961,Lee Women Black Jeans,Jeans,Bottomwear,50961.jpg,Bottomwear,Bottomwear,0.9999943,OK
59065,Peri Peri Women Blue Bra,Bra,Innerwear,59065.jpg,Innerwear,Innerwear,0.99999535,OK
56985,HM Women Brown Wedges,Heels,Shoes,56985.jpg,Shoes,Shoes,0.9525283,OK
33436,Baggit Women Selection Jack Yellow Sling Bag,Handbags,Bags,33436.jpg,Bags,Bags,0.9999999,OK
19166,United Colors of Benetton Men Printed Grey TShirt,Tshirts,Topwear,19166.jpg,Topwear,Topwear,0.9999571,OK
59679,Avirate Black & Khaki Brief,Briefs,Innerwear,59679.jpg,Innerwear,Innerwear,0.99891853,OK
30201,Nike Unisex Classic Turf Black Backpack,Backpacks,Bags,30201.jpg,Bags,Bags,0.9999999,OK
38931,Gini and Jony Girls Blue Jeans,Jeans,Bottomwear,38931.jpg,Bottomwear,Bottomwear,0.99943477,OK
22117,Reebok Men Pro Legacy Brown Casual Shoes,Casual Shoes,Shoes,22117.jpg,Shoes,Shoes,0.99982387,OK
48376,French Connection Men Bluish Grey Trousers,Trousers,Bottomwear,48376.jpg,Bottomwear,Bottomwear,0.9999994,OK
15634,Nike Men AS AD Club Pique Polo Navy Blue Tshirts,Tshirts,Topwear,15634.jpg,Topwear,Topwear,0.9998429,OK
11739,Lee Men Stripes Red T-shirt,Tshirts,Topwear,11739.jpg,Topwear,Topwear,0.9999994,OK
59378,Vishudh Women Grey Printed Kurta,Kurtas,Topwear,59378.jpg,Topwear,Topwear,0.99995697,OK
33035,Mother Earth Women Printed Black Kurta,Kurtas,Topwear,33035.jpg,Topwear,Topwear,0.99999976,OK
40066,ADIDAS Men Black T-shirt,Tshirts,Topwear,40066.jpg,Topwear,Topwear,0.9998615,OK
49010,Lucera Women Silver Ring,Ring,Jewellery,49010.jpg,Jewellery,Jewellery,0.9888742,OK
27669,Murcia Women Brown Handbag,Handbags,Bags,27669.jpg,Bags,Bags,0.9999999,OK
22683,Wildcraft Unisex Black Duffel Bag,Duffel Bag,Bags,22683.jpg,Bags,Bags,0.99999785,OK
14391,Catwalk Women Lifestyle Black Wedges,Heels,Shoes,14391.jpg,Shoes,Shoes,0.99839634,OK
23926,Lotto Men Grey Chamonix Sports Shoes,Sports Shoes,Shoes,23926.jpg,Shoes,Shoes,0.9998497,OK
52589,Mod'acc Women White Clutch,Clutches,Bags,52589.jpg,Bags,Bags,0.9929911,OK
53770,Puma Men Black T-shirt,Tshirts,Topwear,53770.jpg,Topwear,Topwear,0.99999094,OK
45822,Senorita Women Yellow Flats,Heels,Shoes,45822.jpg,Shoes,Shoes,0.96685034,OK
6042,UCB Men Basic Logo Light Blue Shirt,Shirts,Topwear,6042.jpg,Topwear,Topwear,0.9992717,OK
14945,Status Quo Men Stripes Navy Blue Tshirts,Tshirts,Topwear,14945.jpg,Topwear,Topwear,0.99999595,OK
23079,Arrow Sport Men Green Solid Shirt,Shirts,Topwear,23079.jpg,Topwear,Topwear,0.99999523,OK
19153,United Colors of Benetton Men Red Polo TShirt,Tshirts,Topwear,19153.jpg,Topwear,Topwear,0.9383543,OK
46766,Valentino Perfumes Women 75 ml Classic Perfume,Perfume and Body Mist,Fragrance,46766.jpg,Fragrance,Fragrance,0.99999845,OK
59102,Just Natural Men Black Rain Jacket,Rain Jacket,Topwear,59102.jpg,Topwear,Topwear,0.9998036,OK
57522,Provogue Men Black Shoes,Casual Shoes,Shoes,57522.jpg,Shoes,Shoes,0.98199826,OK
7783,Urban Yoga Men Dhauti Black Track Pant,Track Pants,Bottomwear,7783.jpg,Bottomwear,Bottomwear,0.9999813,OK
16391,Peter England Men Solid Black Trouser,Trousers,Bottomwear,16391.jpg,Bottomwear,Bottomwear,0.9999962,OK
33657,Lotto Men Roit Black Sandals,Sandals,Sandal,33657.jpg,Sandal,Shoes,0.5579426,ONE MODEL DISAGREES
30041,Skagen Men Blue Dial Watch,Watches,Watches,30041.jpg,Watches,Watches,0.9999999,OK
6998,Classic Polo Men's Wat Duh Pho Grey T-shirt,Tshirts,Topwear,6998.jpg,Topwear,Topwear,0.9947172,OK
20353,Spykar Women Washed Blue Jeans,Jeans,Bottomwear,20353.jpg,Bottomwear,Bottomwear,0.9998481,OK
31314,W Women Red & Blue Printed Kurta,Kurtas,Topwear,31314.jpg,Topwear,Topwear,0.99999154,OK
13641,Carlton London Women Casual Navy Flats,Heels,Shoes,13641.jpg,Shoes,Shoes,0.9882597,OK
8635,Fastrack Unisex New Pink Sunglasses,Sunglasses,Eyewear,8635.jpg,Eyewear,Eyewear,0.9999958,OK
4139,Skechers Women Black Wave Shoe,Casual Shoes,Shoes,4139.jpg,Shoes,Shoes,0.96914655,OK
45340,Cobblerz Women Silver-Toned Sandals,Heels,Shoes,45340.jpg,Shoes,Shoes,0.99999595,OK
54662,Fastrack Men Black Dial  Watch,Watches,Watches,54662.jpg,Watches,Watches,0.99999976,OK
48959,Revv Men Steel Ring,Ring,Jewellery,48959.jpg,Jewellery,Jewellery,0.9990727,OK
27467,Jockey Women Skin Bikini Brief,Briefs,Innerwear,27467.jpg,Innerwear,Innerwear,0.99999666,OK
56843,John Players Men Blue Jeans,Jeans,Bottomwear,56843.jpg,Bottomwear,Bottomwear,0.99991834,OK
7434,Proline Men Olive Brown Polo T-shirt,Tshirts,Topwear,7434.jpg,Topwear,Topwear,0.9999653,OK
10338,United Colors of Benetton Men Solid Polo White Tshirts,Tshirts,Topwear,10338.jpg,Topwear,Topwear,0.9908819,OK
5293,Puma Women's Softest Touch Blue T-shirt,Tshirts,Topwear,5293.jpg,Topwear,Topwear,0.99997616,OK
7487,Nike Women Be Strong Black Track Pant,Track Pants,Bottomwear,7487.jpg,Bottomwear,Bottomwear,0.9999515,OK
48456,French Connection Men White Printed T-shirt,Tshirts,Topwear,48456.jpg,Topwear,Topwear,0.99169284,OK
1841,Puma Men's Calibre Convertible Spike Shoe,Sports Shoes,Shoes,1841.jpg,Shoes,Shoes,0.99921966,OK
22136,Provouge Men Black Formal Shoes,Formal Shoes,Shoes,22136.jpg,Shoes,Shoes,0.9979692,OK
33329,Arrow New York Men Lavender Slim Fit Shirt,Shirts,Topwear,33329.jpg,Topwear,Topwear,0.9999863,OK
6982,Timberland Men's Madbury Convertible Off White Pant,Track Pants,Bottomwear,6982.jpg,Bottomwear,Bottomwear,0.99970824,OK
26810,Arrow Men Grey Flat Front Trousers,Trousers,Bottomwear,26810.jpg,Bottomwear,Bottomwear,0.9999782,OK
27381,Jovan Women White Musk Deo,Deodorant,Fragrance,27381.jpg,Fragrance,Fragrance,0.99998,OK
42522,Mother Earth Women Green Kurta,Kurtas,Topwear,42522.jpg,Topwear,Topwear,0.999997,OK
10078,Reebok Men Speed Mode White Sports Shoes,Sports Shoes,Shoes,10078.jpg,Shoes,Shoes,0.99981636,OK
29789,Basics Men Pack of 3 T-shirt,Tshirts,Topwear,29789.jpg,Topwear,Topwear,0.6343039,OK
18293,Aneri Women Barkha Red Kurta,Kurtas,Topwear,18293.jpg,Topwear,Topwear,0.99999833,OK
30753,Fabindia Men Blue Kurta,Kurtas,Topwear,30753.jpg,Topwear,Topwear,0.99985766,OK
28603,Nike Women Air Rift Black Sports Shoes,Sports Shoes,Shoes,28603.jpg,Shoes,Shoes,0.89038575,OK
44252,Hidekraft Women Purple Handbag,Handbags,Bags,44252.jpg,Bags,Bags,0.9988445,OK
22699,Nike Men Ballista Black Sports Shoes,Sports Shoes,Shoes,22699.jpg,Shoes,Shoes,0.99999213,OK
38248,Batman Boys Multi Coloured T-shirt,Tshirts,Topwear,38248.jpg,Topwear,Topwear,0.99857867,OK
40532,Titan Women Silver Dial Watch,Watches,Watches,40532.jpg,Watches,Watches,0.99999857,OK
38788,Woodland Men Olive Sandals,Sandals,Sandal,38788.jpg,Sandal,Shoes,0.818756,ONE MODEL DISAGREES
28083,Jockey MODERN CLASSIC Men Navy Blue Y Front Briefs 2007,Briefs,Innerwear,28083.jpg,Innerwear,Innerwear,0.99961615,OK
28426,Idee Men White Sunglasses,Sunglasses,Eyewear,28426.jpg,Eyewear,Eyewear,0.99999714,OK
22343,John Players Men Printed Navy Blue T-Shirt,Tshirts,Topwear,22343.jpg,Topwear,Topwear,0.9972914,OK
29390,Genesis Men Maroon Shirt,Shirts,Topwear,29390.jpg,Topwear,Topwear,0.9999615,OK
30694,Catwalk Women Black Heels,Heels,Shoes,30694.jpg,Shoes,Shoes,0.96842426,OK
17221,United Colors of Benetton Men Funky Eyewear Blue Sunglasses,Sunglasses,Eyewear,17221.jpg,Eyewear,Eyewear,0.99999917,OK
45623,Red Tape Men Brown Shoes,Casual Shoes,Shoes,45623.jpg,Shoes,Shoes,0.99953854,OK
18403,Skechers Men Tone-Ups Black Shoe,Casual Shoes,Shoes,18403.jpg,Shoes,Shoes,0.99991393,OK
39474,Diva Women Beige Kurti,Kurtis,Topwear,39474.jpg,Topwear,Topwear,0.99996746,OK
46521,Timex Men Black Dial Watch,Watches,Watches,46521.jpg,Watches,Watches,1.0,OK
13212,ASICS Women Gel Spree Running Grey Sports Shoes,Sports Shoes,Shoes,13212.jpg,Shoes,Shoes,0.9997601,OK
14030,Nike Women Printed White Tshirts,Tshirts,Topwear,14030.jpg,Topwear,Topwear,0.9999901,OK
41976,Gini and Jony Girls White Pedal Pusher,Capris,Bottomwear,41976.jpg,Bottomwear,Bottomwear,0.99997973,OK
7940,Puma Women Move Dance Grey Capri,Capris,Bottomwear,7940.jpg,Bottomwear,Bottomwear,0.99972945,OK
34413,Myntra Men Hawaii Black T-shirt,Tshirts,Topwear,34413.jpg,Topwear,Topwear,0.9998053,OK
54576,Sushilas Women Mustard Kurta,Kurtas,Topwear,54576.jpg,Topwear,Topwear,0.9951572,OK
9073,Mark Taylor Men Solid White Shirts,Shirts,Topwear,9073.jpg,Topwear,Topwear,0.9999075,OK
13048,Spykar Men Green Printed T-shirt,Tshirts,Topwear,13048.jpg,Topwear,Topwear,0.9999026,OK
23286,Maxima Ssteele Men Black Watch,Watches,Watches,23286.jpg,Watches,Watches,0.9999951,OK
47249,FCUK Underwear Men Black Brief,Briefs,Innerwear,47249.jpg,Innerwear,Innerwear,0.99983406,OK
21328,Louis Philippe Men Sunglasses LP202-C2,Sunglasses,Eyewear,21328.jpg,Eyewear,Eyewear,0.99999976,OK
46562,Timex Men Charcoal Grey Dial Watch T49796,Watches,Watches,46562.jpg,Watches,Watches,0.9999894,OK
21583,Locomotive Men Washed Black Jeans,Jeans,Bottomwear,21583.jpg,Bottomwear,Bottomwear,0.999998,OK
18752,Arrow Woman Kiki Brown Top,Tops,Topwear,18752.jpg,Topwear,Topwear,0.99998724,OK
3249,Puma Women Sneakerina Black Shoe,Casual Shoes,Shoes,3249.jpg,Shoes,Shoes,0.9988691,OK
4275,Rockport Men's Capella Beige Shoe,Casual Shoes,Shoes,4275.jpg,Shoes,Shoes,0.9989147,OK
22584,Nike Men Solid Grey Shorts,Shorts,Bottomwear,22584.jpg,Bottomwear,Bottomwear,0.99948114,OK
26045,John Miller Men Purple Shirt,Shirts,Topwear,26045.jpg,Topwear,Topwear,0.99995375,OK
33841,Puma Men Drift Cat White Shoes,Casual Shoes,Shoes,33841.jpg,Shoes,Shoes,0.9999951,OK
46748,Nike Men Grey Track Pants,Track Pants,Bottomwear,46748.jpg,Bottomwear,Bottomwear,0.9999999,OK
1793,Quechua 10L Green Bag,Backpacks,Bags,1793.jpg,Bags,Bags,0.9998479,OK
2966,Puma Men's Bencio Leather White & Blue Shoe,Casual Shoes,Shoes,2966.jpg,Shoes,Shoes,0.9457321,OK
36448,Spinn Men Recurve White & Gold Shoes,Casual Shoes,Shoes,36448.jpg,Shoes,Shoes,0.99999154,OK
17760,Buckaroo Men New Pampa Black Formal Shoe,Formal Shoes,Shoes,17760.jpg,Shoes,Shoes,0.9991345,OK
57446,Angry Birds Women Black T-shirt,Tshirts,Topwear,57446.jpg,Topwear,Topwear,0.9999963,OK
43116,GUESS Seductive Women EDT Spray,Perfume and Body Mist,Fragrance,43116.jpg,Fragrance,Fragrance,0.99997354,OK
36738,Spykar Women Cult White T-shirt,Tshirts,Topwear,36738.jpg,Topwear,Topwear,0.99979824,OK
36237,W Women White & Blue Printed Kurta,Kurtas,Topwear,36237.jpg,Topwear,Topwear,0.99999964,OK
20381,Urban Yoga Men Printed Purple Tshirt,Tshirts,Topwear,20381.jpg,Topwear,Topwear,0.99996626,OK
31774,Global Desi Women Printed Maroon Kurta,Kurtas,Topwear,31774.jpg,Topwear,Topwear,0.9999869,OK
46557,Timex Expedition Men Black Dial Watch,Watches,Watches,46557.jpg,Watches,Watches,1.0,OK
31607,Nike Unisex Casual Teal Blue Backpack,Backpacks,Bags,31607.jpg,Bags,Bags,1.0,OK
31959,Nike Men Air Max Run Lite Grey Sports Shoes,Sports Shoes,Shoes,31959.jpg,Shoes,Shoes,0.9999397,OK
16643,Facit Men Smart Blue Tshirt,Tshirts,Topwear,16643.jpg,Topwear,Topwear,0.953686,OK
19692,United Colors of Benetton Men Solid Black Shirt,Shirts,Topwear,19692.jpg,Topwear,Topwear,0.9999232,OK
12220,Basics Men Solid Black Trousers,Trousers,Bottomwear,12220.jpg,Bottomwear,Bottomwear,0.9999933,OK
22430,Global Desi Women Printed Green Tunic,Tunics,Topwear,22430.jpg,Topwear,Topwear,0.9807263,OK
4745,ADIDAS Men's Green Polo T-shirt,Tshirts,Topwear,4745.jpg,Topwear,Topwear,0.99997544,OK
7263,Rockport Men's Gavia Dark Brown Shoe,Casual Shoes,Shoes,7263.jpg,Shoes,Shoes,0.9999739,OK
37330,Casio Women Sheen Grey Dial Watch SX049,Watches,Watches,37330.jpg,Watches,Watches,1.0,OK
28618,Nike Men Reversible Black T-shirt,Tshirts,Topwear,28618.jpg,Topwear,Innerwear,0.88013756,ONE MODEL DISAGREES
17916,Nike Men Grey Sweatshirt,Sweatshirts,Topwear,17916.jpg,Topwear,Topwear,0.99907553,OK
10367,United Colors of Benetton Men Checks Purple Shirts,Shirts,Topwear,10367.jpg,Topwear,Topwear,0.9999764,OK
54965,Do u speak green Men Off White T-Shirt,Tshirts,Topwear,54965.jpg,Topwear,Topwear,0.9982508,OK
9646,Indigo Nation Men Checks Shirt Navy Blue Shirts,Shirts,Topwear,9646.jpg,Topwear,Topwear,0.9999795,OK
32527,Tonino Lamborghini Men Forza Deo,Deodorant,Fragrance,32527.jpg,Fragrance,Fragrance,0.9999672,OK
26112,John Miller Men Striped Purple Shirt,Shirts,Topwear,26112.jpg,Topwear,Topwear,0.9999416,OK
42141,Nike Men Grey Zoom Vomero Sports Shoes,Sports Shoes,Shoes,42141.jpg,Shoes,Shoes,0.9999807,OK
39910,ADIDAS Men Blue & Red F10 Sports Shoes,Sports Shoes,Shoes,39910.jpg,Shoes,Shoes,0.99966526,OK
56312,Fastrack Women Silver Dial Watch,Watches,Watches,56312.jpg,Watches,Watches,1.0,OK
53840,Vishudh Women Purple Kurta,Kurtas,Topwear,53840.jpg,Topwear,Topwear,0.9999988,OK
4959,Gini and Jony Boy's King Green White Brown Kidswear,Tshirts,Topwear,4959.jpg,Topwear,Topwear,0.99978334,OK
48710,Lucera Women Silver Earrings,Earrings,Jewellery,48710.jpg,Jewellery,Jewellery,0.9999888,OK
20216,Wrangler Men Rib Red Sweater,Sweaters,Topwear,20216.jpg,Topwear,Topwear,0.9989679,OK
53487,Amante White Sports Bra BCST11,Bra,Innerwear,53487.jpg,Innerwear,Innerwear,0.9979037,OK
18799,Peter England Unisex Casual Khakhi Bag,Handbags,Bags,18799.jpg,Bags,Bags,1.0,OK
24950,United Colors of Benetton Women Blue T-shirt,Tshirts,Topwear,24950.jpg,Topwear,Topwear,0.99575305,OK
28856,Proline Men Mustard T-shirt,Tshirts,Topwear,28856.jpg,Topwear,Topwear,0.9999838,OK
39762,Arrow Woman Grey Trousers,Trousers,Bottomwear,39762.jpg,Bottomwear,Bottomwear,0.9999814,OK
22125,Provogue Men Black Formal Shoes,Formal Shoes,Shoes,22125.jpg,Shoes,Shoes,0.89171034,OK
20799,Fila Men Zone White Sports Shoes,Sports Shoes,Shoes,20799.jpg,Shoes,Shoes,0.9999987,OK
4505,Lotto Men's Brooklyn White Shoe,Sports Shoes,Shoes,4505.jpg,Shoes,Shoes,0.9999902,OK
23546,Police Cosmopolitian Men Perfume,Perfume and Body Mist,Fragrance,23546.jpg,Fragrance,Fragrance,0.99999964,OK
32497,Converse Men CT AS 17 NYC Grey Shoes,Casual Shoes,Shoes,32497.jpg,Shoes,Shoes,0.9999548,OK
2786,Ediots Men's Mehenat Ka Fal White T-shirt,Tshirts,Topwear,2786.jpg,Topwear,Topwear,0.9990621,OK
32439,ADIDAS Men Black T-shirt,Tshirts,Topwear,32439.jpg,Topwear,Topwear,0.99937254,OK
23704,Ray-Ban Men New Wayfarer Sunglasses,Sunglasses,Eyewear,23704.jpg,Eyewear,Eyewear,0.9999944,OK
27970,Jockey Men Black Innerwear Vest,Innerwear Vests,Innerwear,27970.jpg,Innerwear,Topwear,0.9981871,ONE MODEL DISAGREES
28221,YARDLEY Men Elegance Deo,Deodorant,Fragrance,28221.jpg,Fragrance,Fragrance,0.999984,OK
7113,Wildcraft Unisex Green & Grey Rucksack,Rucksacks,Bags,7113.jpg,Bags,Bags,0.9999716,OK
50173,Rocia Women Multi Coloured Ballerina,Flats,Shoes,50173.jpg,Shoes,Shoes,0.96350825,OK
51557,Fastrack Men Black Dial Watch,Watches,Watches,51557.jpg,Watches,Watches,0.99999976,OK
48610,Lucera Women Silver Earrings,Earrings,Jewellery,48610.jpg,Jewellery,Jewellery,0.9997774,OK
44585,Lee Men Black Skinny Fit Jeans,Jeans,Bottomwear,44585.jpg,Bottomwear,Bottomwear,0.9999869,OK
14677,Basics Men Navy Slim Fit Shirt,Shirts,Topwear,14677.jpg,Topwear,Topwear,0.99990976,OK
27579,Scullers Men Striped White T-shirt,Tshirts,Topwear,27579.jpg,Topwear,Topwear,0.9732354,OK
9868,Status Quo Men Navy Blue Polo Tshirts,Tshirts,Topwear,9868.jpg,Topwear,Topwear,0.9999255,OK
27098,Aneri Women Joy Green Kurti,Kurtis,Topwear,27098.jpg,Topwear,Topwear,0.99995077,OK
17914,Nike Mens Polo Black T-shirt,Tshirts,Topwear,17914.jpg,Topwear,Topwear,0.9939891,OK
38182,Miami Blues Women Sunglasses,Sunglasses,Eyewear,38182.jpg,Eyewear,Eyewear,0.9999968,OK
33535,Cobblerz Women Black & Maroon Pumps,Heels,Shoes,33535.jpg,Shoes,Shoes,0.99916816,OK
40618,Span Women Purple Kurta,Kurtas,Topwear,40618.jpg,Topwear,Topwear,0.9440186,OK
28932,Mr. Men Printed Blue T-shirt,Tshirts,Topwear,28932.jpg,Topwear,Topwear,0.99999845,OK
17414,Lotto Men Millennia White Sports Shoe,Sports Shoes,Shoes,17414.jpg,Shoes,Shoes,0.9961308,OK
14907,United Colors of Benetton Women Funky Brown Sunglasses,Sunglasses,Eyewear,14907.jpg,Eyewear,Eyewear,0.9999994,OK
7532,Nike Men's Encourage Blue T-shirt,Tshirts,Topwear,7532.jpg,Topwear,Topwear,0.9999974,OK
23706,Ray-Ban Men New Wayfarer Sunglasses,Sunglasses,Eyewear,23706.jpg,Eyewear,Eyewear,0.99999666,OK
5531,Nike Men's Field Trainer Textile Black Shoe,Sports Shoes,Shoes,5531.jpg,Shoes,Shoes,0.9997019,OK
11502,Catwalk Women Lifestyle Silver Flats,Heels,Shoes,11502.jpg,Shoes,Shoes,0.94054735,OK
41982,Gini and Jony Boys Aviator White T-shirt,Tshirts,Topwear,41982.jpg,Topwear,Topwear,0.99977,OK
24955,United Colors of Benetton Women Green T-shirt,Tshirts,Topwear,24955.jpg,Topwear,Topwear,0.99999976,OK
13383,Timberland Women Femmes Brown Casual Shoes,Casual Shoes,Shoes,13383.jpg,Shoes,Shoes,0.9999759,OK
48693,Lucera Women Silver Earrings,Earrings,Jewellery,48693.jpg,Jewellery,Jewellery,0.9999964,OK
22813,Locomotive Men Green Printed T-shirt,Tshirts,Topwear,22813.jpg,Topwear,Topwear,0.9996991,OK
30684,Park Avenue Men Brown Sunglasses,Sunglasses,Eyewear,30684.jpg,Eyewear,Eyewear,0.9999546,OK
9645,Indigo Nation Men  Navy Blue & White Checks Shirt,Shirts,Topwear,9645.jpg,Topwear,Topwear,0.9999658,OK
23067,Arrow Men Brown Striped Sweater,Sweaters,Topwear,23067.jpg,Topwear,Topwear,0.99998426,OK
10485,Flying Machine Men Midrise Blue Jeans,Jeans,Bottomwear,10485.jpg,Bottomwear,Bottomwear,0.99994826,OK
4692,ADIDAS Unisex New York Griffiti Digital Green Watch,Watches,Watches,4692.jpg,Watches,Watches,0.9999845,OK
58395,Locomotive Men Purple Shirt,Shirts,Topwear,58395.jpg,Topwear,Topwear,0.9983973,OK
2009,ADIDAS Mens Classic White Polo T-shirt,Tshirts,Topwear,2009.jpg,Topwear,Topwear,0.9994418,OK
9585,Puma Women Ferrari LS Shopper Black Handbags,Handbags,Bags,9585.jpg,Bags,Bags,0.99999905,OK
14730,Ed Hardy Men Dog Print Off White Tshirts,Tshirts,Topwear,14730.jpg,Topwear,Topwear,0.999739,OK
50642,Chromozome Men Red Innerwear Vest,Innerwear Vests,Innerwear,50642.jpg,Innerwear,Innerwear,0.95142394,OK
18401,Skechers Men USA Brown Sandals,Sandals,Sandal,18401.jpg,Sandal,Sandal,0.97560877,OK
9867,Status Quo Men Stripes Black Tshirts,Tshirts,Topwear,9867.jpg,Topwear,Topwear,0.9998215,OK
59470,Lucera Gold Plated Ring,Ring,Jewellery,59470.jpg,Jewellery,Jewellery,0.999982,OK
54993,Femella Women White Printed Shirt,Shirts,Topwear,54993.jpg,Topwear,Topwear,0.9999926,OK
32620,Nike Black Team Woven     Training  Track Pants,Track Pants,Bottomwear,32620.jpg,Bottomwear,Bottomwear,0.9999989,OK
47412,Baggit Women Orange Sling Bag,Handbags,Bags,47412.jpg,Bags,Bags,0.99999654,OK
33124,Catwalk Women Black Stilettos,Heels,Shoes,33124.jpg,Shoes,Shoes,0.99858177,OK
8292,Mr.Men Men's Royal Blue T-shirt,Tshirts,Topwear,8292.jpg,Topwear,Topwear,0.9999895,OK
5217,Wildcraft Unisex Brown & Black Backpack,Backpacks,Bags,5217.jpg,Bags,Bags,1.0,OK
33090,Catwalk Women Gold Flats,Heels,Shoes,33090.jpg,Shoes,Shoes,0.9992742,OK
33913,Citizen Men Gold Dial Watch,Watches,Watches,33913.jpg,Watches,Watches,0.99997497,OK
45866,Numero Uno Men Black Shoes,Casual Shoes,Shoes,45866.jpg,Shoes,Shoes,0.97426784,OK
13093,ADIDAS Men Badge P/O Black Sweaters,Sweaters,Topwear,13093.jpg,Topwear,Topwear,0.9998518,OK
21269,Footloose Unisex Kapto Rucksack Black Backpack,Backpacks,Bags,21269.jpg,Bags,Bags,0.7637866,OK
28923,Cabarelli Men Black Backpack,Backpacks,Bags,28923.jpg,Bags,Bags,0.9999988,OK
16837,Idee Women Funky Eyewear Brown Sunglasses,Sunglasses,Eyewear,16837.jpg,Eyewear,Eyewear,0.9999987,OK
19332,United Colors of Benetton Women Solid Black Jacket,Jackets,Topwear,19332.jpg,Topwear,Topwear,0.99947053,OK
38963,Wildcraft Unisex Yellow & Grey Colourblocked Rucksack,Rucksacks,Bags,38963.jpg,Bags,Bags,0.99496365,OK
16999,Rocia Women Blue Flats,Flats,Shoes,16999.jpg,Shoes,Shoes,0.99934,OK
4427,Wrangler Men's Tradition Hand Stitched Polo Grey Brown T-shirt,Tshirts,Topwear,4427.jpg,Topwear,Topwear,0.9997942,OK
21406,Locomotive Men Printed Navy Blue T-shirt,Tshirts,Topwear,21406.jpg,Topwear,Topwear,0.99997985,OK
4815,ADIDAS Men's AP ST Black White Shorts,Shorts,Bottomwear,4815.jpg,Bottomwear,Bottomwear,0.9999876,OK
58190,Rocky S Women Red Handbag,Handbags,Bags,58190.jpg,Bags,Bags,0.99999654,OK
30122,Flying Machine Men Printed Navy Blue T-shirt,Tshirts,Topwear,30122.jpg,Topwear,Topwear,0.99984777,OK
42589,United Colors of Benetton Men Blue & White T-shirt,Tshirts,Topwear,42589.jpg,Topwear,Topwear,0.99886334,OK
38742,Nike Unisex Team Training Black Waist Pouch,Waist Pouch,Bags,38742.jpg,Bags,Bags,0.99994016,OK
8284,Skechers Men Arnold Black Floater,Sandals,Sandal,8284.jpg,Sandal,Shoes,0.84708506,ONE MODEL DISAGREES
8952,Indigo Nation Men TR Yarn Dyed Black Trousers,Trousers,Bottomwear,8952.jpg,Bottomwear,Bottomwear,0.999941,OK
31847,Titan Women Raga Mother Of Pearl Dial Watch,Watches,Watches,31847.jpg,Watches,Watches,0.8643615,OK
39588,Catwalk Women Black Wedges,Heels,Shoes,39588.jpg,Shoes,Shoes,0.9886706,OK
23725,Ray-Ban Men High Street Steel Sunglasses,Sunglasses,Eyewear,23725.jpg,Eyewear,Eyewear,0.9999993,OK
12834,Ant Unisex Cute Chick Blue Tshirts,Tshirts,Topwear,12834.jpg,Topwear,Topwear,0.9999889,OK
13679,ADIDAS Men Court Switch Sports Shoes,Sports Shoes,Shoes,13679.jpg,Shoes,Shoes,0.9999944,OK
31653,Indigo Nation Men White Shirt,Shirts,Topwear,31653.jpg,Topwear,Topwear,0.9999349,OK
14081,Flying Machine Men Solid Green Sweaters,Sweaters,Topwear,14081.jpg,Topwear,Topwear,0.99993396,OK
32588,Only Women Brown Shorts,Shorts,Bottomwear,32588.jpg,Bottomwear,Bottomwear,0.999998,OK
17502,Classic Polo Men Stripes Yellow Polo T-Shirt,Tshirts,Topwear,17502.jpg,Topwear,Topwear,0.99998975,OK
31115,Gini and Jony Boys Washed Blue 3/4 Length Pants,Capris,Bottomwear,31115.jpg,Bottomwear,Bottomwear,0.9999914,OK
40198,Mumbai Slang Women White Printed Top,Tops,Topwear,40198.jpg,Topwear,Topwear,0.99994946,OK
47396,Baggit Women Blue Bag,Handbags,Bags,47396.jpg,Bags,Bags,0.99998164,OK
35395,Stens by Enroute Men Black Formal Shoes,Formal Shoes,Shoes,35395.jpg,Shoes,Shoes,0.9999571,OK
3715,Lee Men's Maroon Polo T-shirt,Tshirts,Topwear,3715.jpg,Topwear,Topwear,0.9545197,OK
14743,Arrow Men Stripes Purple Slim Fit Shirt,Shirts,Topwear,14743.jpg,Topwear,Topwear,0.9955444,OK
20207,Wrangler Women Ann Green Sweatshirt,Sweatshirts,Topwear,20207.jpg,Topwear,Topwear,0.9999988,OK
15720,Nike Men The Overplay VI Black Sports Shoes,Sports Shoes,Shoes,15720.jpg,Shoes,Shoes,0.99994683,OK
42679,Alma Women Beige Printed Kurta,Kurtas,Topwear,42679.jpg,Topwear,Topwear,0.99999225,OK
40614,Span Women Red Kurta,Kurtas,Topwear,40614.jpg,Topwear,Topwear,0.99999917,OK
39844,Gini and Jony Boys Printed Dark Navy T-Shirt,Tshirts,Topwear,39844.jpg,Topwear,Topwear,0.99985266,OK
37246,United Colors of Benetton Men Charcoal Shoes,Casual Shoes,Shoes,37246.jpg,Shoes,Shoes,0.9996506,OK
44812,Spykar Women Purple T-shirt,Tshirts,Topwear,44812.jpg,Topwear,Topwear,0.9969308,OK
45925,Maxima Men White Dial Watch,Watches,Watches,45925.jpg,Watches,Watches,1.0,OK
51011,Enamor Lavender Reveal Bra,Bra,Innerwear,51011.jpg,Innerwear,Innerwear,0.9999341,OK
26489,Puma Men Graphic Black T-shirt,Tshirts,Topwear,26489.jpg,Topwear,Topwear,0.974115,OK
29417,Giordano Men Black Dial Watch,Watches,Watches,29417.jpg,Watches,Watches,0.9999999,OK
44865,Puma Men Grey & White Polo T-shirt,Tshirts,Topwear,44865.jpg,Topwear,Topwear,0.99973303,OK
11903,Franco Leone Men Brown Shoes,Formal Shoes,Shoes,11903.jpg,Shoes,Shoes,0.9993075,OK
7639,Puma Men's Slogan Grey T-shirt,Tshirts,Topwear,7639.jpg,Topwear,Topwear,0.99990296,OK
52135,Femella Women Green Polo T-Shirt,Tshirts,Topwear,52135.jpg,Topwear,Topwear,0.99999976,OK
43916,Femella Women Yellow Shorts,Shorts,Bottomwear,43916.jpg,Bottomwear,Bottomwear,0.99898154,OK
10159,Puma Men 917 Mid Spill White Casual Shoes,Casual Shoes,Shoes,10159.jpg,Shoes,Shoes,0.99886274,OK
29862,Mayhem Men Rectangular Sunglasses 1025-207,Sunglasses,Eyewear,29862.jpg,Eyewear,Eyewear,0.99999964,OK
4836,Sher Singh Men's Red Polo T-shirt,Tshirts,Topwear,4836.jpg,Topwear,Topwear,0.99999833,OK
9915,Puma Women Core Lite Shopper White Bags,Handbags,Bags,9915.jpg,Bags,Bags,1.0,OK
24628,Arrow Men Black Formal Shoes,Formal Shoes,Shoes,24628.jpg,Shoes,Shoes,0.99981374,OK
47398,Baggit Women Brown Handbag,Handbags,Bags,47398.jpg,Bags,Bags,1.0,OK
9835,Little Miss Women Printed Grey T-shirt,Tshirts,Topwear,9835.jpg,Topwear,Topwear,0.9999938,OK
5569,Nike Women Zoom Vomero Grey Purple White Shoe,Sports Shoes,Shoes,5569.jpg,Shoes,Shoes,0.99980134,OK
8976,Puma Men SL Tech Lo SF White Sports Shoes,Sports Shoes,Shoes,8976.jpg,Shoes,Shoes,0.99992657,OK
7965,Puma Men's Ess Polo Green T-shirt,Tshirts,Topwear,7965.jpg,Topwear,Topwear,0.99999785,OK
31826,Titan Men White Dial Watch,Watches,Watches,31826.jpg,Watches,Watches,1.0,OK
27034,Catwalk Women Bronze Heels,Heels,Shoes,27034.jpg,Shoes,Shoes,0.99475455,OK
30196,Nike Unisex Casual Red Backpack,Backpacks,Bags,30196.jpg,Bags,Bags,1.0,OK
27539,Scullers Men Check Green & Blue Shirt,Shirts,Topwear,27539.jpg,Topwear,Topwear,0.9999987,OK
49612,Catwalk Women Yellow  Flats,Heels,Shoes,49612.jpg,Shoes,Shoes,0.9975898,OK
40287,Warner Bros Kids Unisex Yellow Sandals,Sandals,Sandal,40287.jpg,Sandal,Sandal,0.9998652,OK
34398,Myntra Men Rider Black T-shirt,Tshirts,Topwear,34398.jpg,Topwear,Topwear,0.99995995,OK
35918,Peperone Women Black Handbag,Handbags,Bags,35918.jpg,Bags,Bags,1.0,OK
28692,W Women Printed Rust Kurta,Kurtas,Topwear,28692.jpg,Topwear,Topwear,0.9989373,OK
7470,Proline Men Charcoal Grey Polo T-shirt,Tshirts,Topwear,7470.jpg,Topwear,Topwear,0.98076135,OK
57529,Provogue Men Brown Casual Shoes,Casual Shoes,Shoes,57529.jpg,Shoes,Shoes,0.99936277,OK
35491,Bata Men Mocassino Brown Formal Shoes,Formal Shoes,Shoes,35491.jpg,Shoes,Shoes,0.99993944,OK
18794,Peter England Unisex Casual Beige Bag,Handbags,Bags,18794.jpg,Bags,Bags,0.9999999,OK
52514,Red Rose Black Camisole,Camisoles,Innerwear,52514.jpg,Innerwear,Innerwear,0.9935563,OK
46558,Timex Expedition Men Blue Dial Watch T49780,Watches,Watches,46558.jpg,Watches,Watches,0.99999976,OK
48763,Miki Pearl Women Ivory Jewellery Set,Jewellery Set,Jewellery,48763.jpg,Jewellery,Jewellery,0.9999819,OK
44584,Lee Men Blue Brushed Jeans,Jeans,Bottomwear,44584.jpg,Bottomwear,Bottomwear,0.99999034,OK
5904,Puma Women Cabana Racer White Shoe,Casual Shoes,Shoes,5904.jpg,Shoes,Shoes,0.9996076,OK
21624,Enamor Women Smooth Black Bra,Bra,Innerwear,21624.jpg,Innerwear,Innerwear,0.99991906,OK
54767,Prafful Women Green Printed Kurta,Kurtas,Topwear,54767.jpg,Topwear,Topwear,0.9997968,OK
42657,Alma Women White & Red Kurta,Kurtas,Topwear,42657.jpg,Topwear,Topwear,0.9999938,OK
25895,Femella Women White Camisole 005G,Camisoles,Innerwear,25895.jpg,Innerwear,Innerwear,0.9836822,OK
24029,Locomotive Men Grey Printed T-shirt,Tshirts,Topwear,24029.jpg,Topwear,Topwear,0.9985648,OK
12920,iD Men Casual Blue Shoes,Casual Shoes,Shoes,12920.jpg,Shoes,Shoes,0.99992704,OK
16189,Enroute Men Leather Black Sandals,Sandals,Sandal,16189.jpg,Sandal,Sandal,0.9584828,OK
47607,Portia Women Purple & Black Sandals,Flats,Shoes,47607.jpg,Shoes,Shoes,0.9749476,OK
39914,Tortoise Women Pink Sling Bag,Handbags,Bags,39914.jpg,Bags,Bags,0.94122505,OK
11831,Playboy Men Casual Brown Casual Shoes,Casual Shoes,Shoes,11831.jpg,Shoes,Shoes,0.9968364,OK
21483,Ice Unisex Love Red Watch,Watches,Watches,21483.jpg,Watches,Watches,0.98856455,OK
53616,Q&Q Men Black Digital Watch M010-001,Watches,Watches,53616.jpg,Watches,Watches,1.0,OK
6139,Puma Unisex Winch Black Green Floater,Sandals,Sandal,6139.jpg,Sandal,Shoes,0.5862339,ONE MODEL DISAGREES
6561,Nike Unisex Graphic Play Purple Handbag,Handbags,Bags,6561.jpg,Bags,Bags,0.9999993,OK
10209,Murcia Women Kkhh Grey Handbags,Handbags,Bags,10209.jpg,Bags,Bags,1.0,OK
26817,Arrow Men Navy Blue Trousers,Trousers,Bottomwear,26817.jpg,Bottomwear,Bottomwear,0.99999416,OK
54639,Fastrack Men Black Dial Watch,Watches,Watches,54639.jpg,Watches,Watches,1.0,OK
44552,Coolers Men Brown Sandals,Sandals,Sandal,44552.jpg,Sandal,Sandal,0.9095824,OK
15867,Warner Bros Kids Unisex SD Silly Shoe Silver Casual Shoes,Casual Shoes,Shoes,15867.jpg,Shoes,Sandal,0.91445667,ONE MODEL DISAGREES
38571,Nike Women Regular Grey Capris,Capris,Bottomwear,38571.jpg,Bottomwear,Bottomwear,0.99999726,OK
50738,Red Chief Men Mushroom Brown Shoes,Casual Shoes,Shoes,50738.jpg,Shoes,Shoes,0.9979505,OK
4397,Free Authority Men's Speaker Wings Washed Grey T-shirt,Tshirts,Topwear,4397.jpg,Topwear,Topwear,0.99985147,OK
36660,Paridhan Women Black & Purple Backpack,Backpacks,Bags,36660.jpg,Bags,Bags,0.99999356,OK
28704,W Women Printed Lavender Kurta,Kurtas,Topwear,28704.jpg,Topwear,Topwear,0.99997926,OK
11978,FILA Men Aruba Navy Blue Sandal,Sandals,Sandal,11978.jpg,Sandal,Sandal,0.99920756,OK
13557,Carlton London Women Casual Gold Sandals,Flats,Shoes,13557.jpg,Shoes,Shoes,0.9722367,OK
21688,Fossil Women Silver-Toned Dial Watch ES1869,Watches,Watches,21688.jpg,Watches,Watches,0.9953505,OK
58096,Rreverie Women Blue Pendant,Pendant,Jewellery,58096.jpg,Jewellery,Jewellery,0.999848,OK
42664,Alma Women White Kurta,Kurtas,Topwear,42664.jpg,Topwear,Topwear,0.9996648,OK
18259,Aneri Women Roshan Peach Kurta,Kurtas,Topwear,18259.jpg,Topwear,Topwear,0.99941254,OK
42212,Sepia Women Pink Tunic,Tunics,Topwear,42212.jpg,Topwear,Topwear,0.9999726,OK
24854,Mother Earth Women Printed Blue Top,Tops,Topwear,24854.jpg,Topwear,Topwear,0.9999875,OK
50344,Aurelia Women Black Printed Kurta,Kurtas,Topwear,50344.jpg,Topwear,Topwear,0.9999877,OK
57142,Elle Women Peach Top,Tops,Topwear,57142.jpg,Topwear,Innerwear,0.5948997,ONE MODEL DISAGREES
25146,Lino Perros Women Leatherette Brown Handbag,Handbags,Bags,25146.jpg,Bags,Bags,0.9999659,OK
38616,Nike Men Printed Mamba White T-shirt,Tshirts,Topwear,38616.jpg,Topwear,Topwear,0.9996824,OK
17570,Mark Taylor Men Green & White Striped Shirt,Shirts,Topwear,17570.jpg,Topwear,Topwear,0.9999579,OK
17626,ADIDAS Men Solid White Jacket,Jackets,Topwear,17626.jpg,Topwear,Topwear,0.99992657,OK
16115,Numero Uno Men Casual Navy Blue Slipper,Sandals,Sandal,16115.jpg,Sandal,Sandal,0.98346174,OK
18266,Aneri Women Swati Blue Kurta,Kurtas,Topwear,18266.jpg,Topwear,Topwear,0.99999964,OK
8409,ADIDAS Men Torment S/L Blue T-Shirts,Tshirts,Topwear,8409.jpg,Topwear,Topwear,0.99882466,OK
3669,Fila Men's Racing Black Gold Shoe,Casual Shoes,Shoes,3669.jpg,Shoes,Shoes,0.9840216,OK
33290,Arrow Sport Men Black Slim Fit Shirt,Shirts,Topwear,33290.jpg,Topwear,Topwear,0.999617,OK
48021,Helix Women White Dial Watch,Watches,Watches,48021.jpg,Watches,Watches,0.9999999,OK
56662,United Colors of Benetton Men White Shoes,Casual Shoes,Shoes,56662.jpg,Shoes,Shoes,0.9991929,OK
14781,Arrow Men Stripes Purple Shirts,Shirts,Topwear,14781.jpg,Topwear,Topwear,0.9930205,OK
48368,French Connection Men Cream Check Shirt,Shirts,Topwear,48368.jpg,Topwear,Topwear,0.9993425,OK
58657,ALayna Women Green Kurta,Kurtas,Topwear,58657.jpg,Topwear,Topwear,0.9997813,OK
9998,Palm Tree Girls Hs Livia Top Pink Tops,Tops,Topwear,9998.jpg,Topwear,Topwear,0.9999963,OK
8378,Doodle Girl's Princess Lime Kidswear,Tshirts,Topwear,8378.jpg,Topwear,Topwear,0.99907434,OK
23717,Ray-Ban Men Aviator Sunglasses,Sunglasses,Eyewear,23717.jpg,Eyewear,Eyewear,0.998173,OK
20460,Baggit Women Babe Opart White Handbag,Handbags,Bags,20460.jpg,Bags,Bags,0.9999888,OK
8266,Fastrack Unisex Black Red Printed Sling Bag,Backpacks,Bags,8266.jpg,Bags,Bags,0.999956,OK
35229,Fortune Men Black Formal Shoes,Formal Shoes,Shoes,35229.jpg,Shoes,Shoes,0.9996935,OK
5764,Jealous 21 Women's Purple Sleeveless Party Top,Tops,Topwear,5764.jpg,Topwear,Topwear,0.9990068,OK
56935,HM Women Blue Flats,Heels,Shoes,56935.jpg,Shoes,Shoes,0.63973397,OK
50483,Chromozome Men Charcoal Melange Briefs,Briefs,Innerwear,50483.jpg,Innerwear,Innerwear,0.99997854,OK
24711,Puma Men Suede Archive Red Casual Shoes,Casual Shoes,Shoes,24711.jpg,Shoes,Shoes,0.9997702,OK
10098,Fastrack Men Analogue Plastic White Watch,Watches,Watches,10098.jpg,Watches,Watches,1.0,OK
44554,Coolers Men Black Sandals,Sandals,Sandal,44554.jpg,Sandal,Sandal,0.95058227,OK
42224,Sepia Women White Top,Tops,Topwear,42224.jpg,Topwear,Topwear,0.99835974,OK
5173,Inkfruit Women's Secret Diary Dark Grey T-shirt,Tshirts,Topwear,5173.jpg,Topwear,Topwear,0.99995875,OK
12800,Nike Men Basketball Jersey Grey Jerseys,Tshirts,Topwear,12800.jpg,Topwear,Innerwear,0.62038606,ONE MODEL DISAGREES
59086,Peri Peri Women Maroon Brief,Briefs,Innerwear,59086.jpg,Innerwear,Innerwear,0.99989414,OK
28475,Urban Yoga Women Printed Blue Kurta,Kurtas,Topwear,28475.jpg,Topwear,Topwear,0.9998933,OK
26614,Puma Men Complete Itana 2 Black Sports Shoes,Sports Shoes,Shoes,26614.jpg,Shoes,Shoes,0.997554,OK
17446,CASIO ENTICER Men Black Dial Analogue Watch BS120 ,Watches,Watches,17446.jpg,Watches,Watches,1.0,OK
41667,Catwalk Women Black Heels,Heels,Shoes,41667.jpg,Shoes,Shoes,0.9264027,OK
22663,Wildcraft Unisex Blue Solid Backpack,Backpacks,Bags,22663.jpg,Bags,Bags,0.9999988,OK
25699,Mumbai Slang Women Printed Navy Blue Top,Tops,Topwear,25699.jpg,Topwear,Topwear,0.9999995,OK
34250,Proline Charcoal Grey Shorts,Shorts,Bottomwear,34250.jpg,Bottomwear,Bottomwear,0.9867509,OK
3557,Skechers Men Black Lifestyle Casual Shoes,Casual Shoes,Shoes,3557.jpg,Shoes,Shoes,0.9999788,OK
24182,Converse Men Green Casual Shoes,Casual Shoes,Shoes,24182.jpg,Shoes,Shoes,0.99892586,OK
25453,Nike Men Air Endurance White Casual Shoes,Casual Shoes,Shoes,25453.jpg,Shoes,Shoes,0.9999292,OK
37237,United Colors of Benetton Women White Sandals,Flats,Shoes,37237.jpg,Sandal,Shoes,0.99907047,ONE MODEL DISAGREES
11338,United Colors of Benetton Women Solid Black Tops,Tops,Topwear,11338.jpg,Topwear,Topwear,0.9999509,OK
21833,Chhota Bheem Kids Boys Lets Rock Grey T-shirt,Tshirts,Topwear,21833.jpg,Topwear,Topwear,0.9984022,OK
38597,Nike Men Printed Texture Grey T-shirt,Tshirts,Topwear,38597.jpg,Topwear,Topwear,0.999997,OK
40620,Span Women Blue Kurta,Kurtas,Topwear,40620.jpg,Topwear,Topwear,0.9999994,OK
11644,Puma Men Indication Chrono Black Watch,Watches,Watches,11644.jpg,Watches,Watches,1.0,OK
31467,Nike Men Cricket Off White T-shirt,Tshirts,Topwear,31467.jpg,Topwear,Topwear,0.99986243,OK
15745,Nike Women Transform III Silver Sports Shoes,Sports Shoes,Shoes,15745.jpg,Shoes,Shoes,0.99999607,OK
41585,Basics Men White Striped Shirt,Shirts,Topwear,41585.jpg,Topwear,Topwear,0.9999832,OK
33078,U.S. Polo Assn. Denim Co. Men Printed Navy Blue T-Shirt,Tshirts,Topwear,33078.jpg,Topwear,Topwear,0.9998087,OK
3706,Classic Polo Men's Grey Red & Brown Stripe T-shirt,Tshirts,Topwear,3706.jpg,Topwear,Topwear,0.99954563,OK
12976,ADIDAS Men Athlos White Sports Shoes,Sports Shoes,Shoes,12976.jpg,Shoes,Shoes,0.9999652,OK
39179,Aneri Women Blue Kurtas,Kurtas,Topwear,39179.jpg,Topwear,Topwear,0.99999905,OK
12284,Genesis Maroon Casual Shirt,Shirts,Topwear,12284.jpg,Topwear,Topwear,0.99977773,OK
28471,Urban Yoga Women Printed Black Top,Tops,Topwear,28471.jpg,Topwear,Topwear,0.9990766,OK
57340,Amante Green Full-Coverage Lace Bra BGDC02,Bra,Innerwear,57340.jpg,Innerwear,Innerwear,0.9999403,OK
31710,Fabindia Women Anusuya Silver Earrings,Earrings,Jewellery,31710.jpg,Jewellery,Jewellery,0.9594269,OK
2687,Inkfruit Women's Love Wood Orange T-shirt,Tshirts,Topwear,2687.jpg,Topwear,Topwear,0.9997694,OK
54918,Do u speak green Men Brown 3/4th Pant,Shorts,Bottomwear,54918.jpg,Bottomwear,Bottomwear,0.98442924,OK
22063,Vishudh Women Printed White and Navy Blue Kurta,Kurtas,Topwear,22063.jpg,Topwear,Topwear,0.99999714,OK
26314,Proline Men Black Track Pants,Track Pants,Bottomwear,26314.jpg,Bottomwear,Bottomwear,0.999938,OK
26538,ID Men Red Shoes,Casual Shoes,Shoes,26538.jpg,Shoes,Shoes,0.99992967,OK
28035,Jockey ELANCE Men Grey Melange Y Front Briefs 1006,Briefs,Innerwear,28035.jpg,Innerwear,Innerwear,0.9999999,OK
9793,Spykar Men Ranger Blue White Stripes Shirts,Shirts,Topwear,9793.jpg,Topwear,Topwear,0.99993014,OK
40450,Red Tape Men Brown Shoes,Casual Shoes,Shoes,40450.jpg,Shoes,Shoes,0.99941814,OK
44875,Puma Men Grey T-shirt,Tshirts,Topwear,44875.jpg,Topwear,Topwear,0.9944935,OK
25603,Fastrack Men Black Casual Watch,Watches,Watches,25603.jpg,Watches,Watches,1.0,OK
33022,Mother Earth Women Black Kurta,Kurtas,Topwear,33022.jpg,Topwear,Topwear,0.99997544,OK
28688,W Women Printed Pink Kurta,Kurtas,Topwear,28688.jpg,Topwear,Topwear,0.9999945,OK
9966,Nike Women As Statement White T-Shirts,Tshirts,Topwear,9966.jpg,Topwear,Topwear,0.99955016,OK
59504,Lucera Silver Necklace,Necklace and Chains,Jewellery,59504.jpg,Jewellery,Jewellery,0.999949,OK
5131,Wrangler Women Check Multi Colour Shirt,Shirts,Topwear,5131.jpg,Topwear,Topwear,0.9999999,OK
40036,ADIDAS Men Navy Blue T-shirt,Tshirts,Topwear,40036.jpg,Topwear,Topwear,0.9995964,OK
17665,Catwalk Women Back Strap Black Casual Shoe,Casual Shoes,Shoes,17665.jpg,Shoes,Shoes,0.9914307,OK
33095,Catwalk Women Beige Flats,Heels,Shoes,33095.jpg,Shoes,Shoes,0.58380514,OK
10598,Flying Machine Women HS Blue Denim Shirt,Shirts,Topwear,10598.jpg,Topwear,Topwear,0.99999905,OK
27850,Scullers For Her Women Purple T-shirt,Tshirts,Topwear,27850.jpg,Topwear,Topwear,0.99998045,OK
46404,ADIDAS Men Blue Printed T-shirt,Tshirts,Topwear,46404.jpg,Topwear,Topwear,0.5446897,OK
11542,W Women Printed  Beige Kurtas,Kurtas,Topwear,11542.jpg,Topwear,Topwear,0.9999465,OK
32522,Tonino Lamborghini Forza For Men Fragrance Gift Set,Fragrance Gift Set,Fragrance,32522.jpg,Fragrance,Fragrance,0.9997954,OK
26948,Jealous 21 Women Printed Blue T-shirt,Tshirts,Topwear,26948.jpg,Topwear,Topwear,0.9999988,OK
49595,Catwalk Women Multi Coloured Flats,Heels,Shoes,49595.jpg,Shoes,Shoes,0.9978017,OK
17289,U.S. Polo Assn. Men Solid Green Polo Tshirt,Tshirts,Topwear,17289.jpg,Topwear,Topwear,0.9999907,OK
46917,York Men Aqua Green Perfume,Perfume and Body Mist,Fragrance,46917.jpg,Fragrance,Fragrance,0.999936,OK
28816,Denizen Men Blue Jeans,Jeans,Bottomwear,28816.jpg,Bottomwear,Bottomwear,0.9999604,OK
29243,ADIDAS Men 22Yds Trainer2 White Sports Shoes,Sports Shoes,Shoes,29243.jpg,Shoes,Shoes,0.999796,OK
21999,Murcia Women Casual Red Handbag,Handbags,Bags,21999.jpg,Bags,Bags,1.0,OK
29280,Wrangler Men Western Spirit Red Shirt,Shirts,Topwear,29280.jpg,Topwear,Topwear,0.992155,OK
4584,Wildcraft Unisex Red Backpack,Backpacks,Bags,4584.jpg,Bags,Bags,1.0,OK
27517,Jockey Lace Stretch Skin Boy Leg Brief,Briefs,Innerwear,27517.jpg,Innerwear,Innerwear,0.9989231,OK
5990,Locomotive Men Purple Checked Shirt,Shirts,Topwear,5990.jpg,Topwear,Topwear,0.9995529,OK
46383,ADIDAS Men Black Sweatshirt,Sweatshirts,Topwear,46383.jpg,Topwear,Topwear,0.99833196,OK
14695,Basics Men Black Trousers,Trousers,Bottomwear,14695.jpg,Bottomwear,Bottomwear,0.9999597,OK
6436,Lotto Men's Calcetto White Shoe,Casual Shoes,Shoes,6436.jpg,Shoes,Shoes,0.99966776,OK
44844,Puma Men Black Ducati Logo T-shirt,Tshirts,Topwear,44844.jpg,Topwear,Topwear,0.9854,OK
26809,Arrow Men Charcoal Flat Front Trousers,Trousers,Bottomwear,26809.jpg,Bottomwear,Bottomwear,0.9999988,OK
29229,ADIDAS Men Power Howard Black Sports Shoes,Sports Shoes,Shoes,29229.jpg,Shoes,Shoes,0.99998224,OK
7879,Proline Men Grey Comfort Fit Sports Shorts,Shorts,Bottomwear,7879.jpg,Bottomwear,Bottomwear,0.9999802,OK
31175,Gini and Jony Girls Purple Top,Tops,Topwear,31175.jpg,Topwear,Topwear,0.99990463,OK
7764,Inkfruit Men's Night Rider Black Yellow Orange T-shirt,Tshirts,Topwear,7764.jpg,Topwear,Topwear,0.9999325,OK
48513,French Connection Women Black Top,Tops,Topwear,48513.jpg,Topwear,Topwear,0.99988794,OK
7544,Nike Women Classic Grey Capri,Capris,Bottomwear,7544.jpg,Bottomwear,Bottomwear,0.9999938,OK
27204,Doodle Kids Boy Washed Blue Jeans,Jeans,Bottomwear,27204.jpg,Bottomwear,Bottomwear,0.99998736,OK
17332,Pepe Jeans Men Casual Sunglasses,Sunglasses,Eyewear,17332.jpg,Eyewear,Eyewear,0.9999969,OK
19490,Levis Men Jazz Stripes Green Brief,Briefs,Innerwear,19490.jpg,Innerwear,Innerwear,0.9999826,OK
25016,United Colors of Benetton Women Beige Ballerinas,Flats,Shoes,25016.jpg,Bottomwear,Shoes,0.998139,ONE MODEL DISAGREES
6522,Nike Men's Fit White Short,Shorts,Bottomwear,6522.jpg,Bottomwear,Bottomwear,0.99861085,OK
12160,Aurelia Women Solid Yellow Leggings,Leggings,Bottomwear,12160.jpg,Bottomwear,Bottomwear,0.99971014,OK
39306,Red Chief Men Black Casual Shoes,Casual Shoes,Shoes,39306.jpg,Shoes,Shoes,0.99690884,OK
14544,Vishudh Women Flower Print Navy Blue Kurtis,Kurtis,Topwear,14544.jpg,Topwear,Topwear,0.9999293,OK
37135,Wills Lifestyle Men Cream Trousers,Trousers,Bottomwear,37135.jpg,Bottomwear,Bottomwear,0.99322516,OK
36717,Gini and Jony Boys Printed Yellow T-Shirt,Tshirts,Topwear,36717.jpg,Topwear,Topwear,0.9999976,OK
6404,Lotto Men Quick Sports Yellow Floater,Sandals,Sandal,6404.jpg,Sandal,Sandal,0.99919647,OK
2667,Murcia Women Black Hand Bag,Handbags,Bags,2667.jpg,Bags,Bags,0.999997,OK
47402,Baggit Women Brown Parinacrush Purse,Clutches,Bags,47402.jpg,Bags,Bags,1.0,OK
26462,Puma Men Black T-shirt,Tshirts,Topwear,26462.jpg,Topwear,Topwear,0.9998118,OK
54392,Baggit Women Red Handbag,Handbags,Bags,54392.jpg,Bags,Bags,0.99999917,OK
40319,ADIDAS Women White Adi Weld Shoes,Casual Shoes,Shoes,40319.jpg,Shoes,Shoes,0.99997044,OK
43568,Puma Unisex Red Grit Backpack,Backpacks,Bags,43568.jpg,Bags,Bags,0.9999924,OK
12719,Nike Women Butterfly Thong Green Flip Flops,Flats,Shoes,12719.jpg,Topwear,Sandal,0.9921244,ALL DIFFERENT
32397,Arrow Woman Pink Stiped Shirt,Shirts,Topwear,32397.jpg,Topwear,Topwear,0.99999547,OK
22295,Inc. 5 Women Casual Black Flats,Heels,Shoes,22295.jpg,Shoes,Shoes,0.9007289,OK
11228,Esprit Men Imapc Rosegold Copper Chronograph Watch,Watches,Watches,11228.jpg,Watches,Watches,0.9999993,OK
15477,Puma Men Motorsport Graphic Black Tshirts,Tshirts,Topwear,15477.jpg,Topwear,Topwear,0.9989491,OK
25897,Femella Women Green Skinny Leggings,Leggings,Bottomwear,25897.jpg,Bottomwear,Bottomwear,0.9999578,OK
9748,Indian Terrain Men Navy Blue Shirts,Shirts,Topwear,9748.jpg,Topwear,Topwear,0.99999595,OK
3337,Myntra Hero Within Black T-shirt,Tshirts,Topwear,3337.jpg,Topwear,Topwear,0.9999405,OK
16759,Spice Art Women Copper Glass White Handbags,Handbags,Bags,16759.jpg,Bags,Bags,0.9999999,OK
27857,Scullers For Her Check Red Shirt,Shirts,Topwear,27857.jpg,Topwear,Topwear,0.9999777,OK
14756,Arrow Men Solid Blue Shirts,Shirts,Topwear,14756.jpg,Topwear,Topwear,0.99814737,OK
11481,United Colors of Benetton Women Light Winter Green Tops,Tops,Topwear,11481.jpg,Topwear,Topwear,0.99880445,OK
43081,Nike Women Navy Blue Track Pant,Track Pants,Bottomwear,43081.jpg,Bottomwear,Bottomwear,0.9999167,OK
7672,Puma Men's Canary Lemon Yellow T-shirt,Tshirts,Topwear,7672.jpg,Topwear,Topwear,0.99995947,OK
24392,Folklore Women Purple Printed Kurta,Kurtas,Topwear,24392.jpg,Topwear,Topwear,0.9999888,OK
59188,Senorita Women Metallic Grey Heels,Heels,Shoes,59188.jpg,Shoes,Shoes,0.9671455,OK
14987,ADIDAS Men Solid Black Sweatshirts,Sweatshirts,Topwear,14987.jpg,Topwear,Topwear,0.9999447,OK
16369,Peter England Men Solid Grey Trouser,Trousers,Bottomwear,16369.jpg,Bottomwear,Bottomwear,0.9999888,OK
54957,Do u speak green Boys Yellow T-shirt,Tshirts,Topwear,54957.jpg,Topwear,Topwear,0.999869,OK
39640,Lotto Men Black Shoes,Casual Shoes,Shoes,39640.jpg,Shoes,Shoes,0.9993974,OK
45806,Senorita Women Brown Sandals,Flats,Shoes,45806.jpg,Shoes,Shoes,0.89526975,OK
44582,Lee Men Bern Navy Blue Jeans,Jeans,Bottomwear,44582.jpg,Bottomwear,Bottomwear,0.99998856,OK
45500,Fila Women Black Savari 3/4th Pants,Capris,Bottomwear,45500.jpg,Bottomwear,Bottomwear,0.99999523,OK
10680,United Colors of Benetton Blue Solid Sling Bag,Handbags,Bags,10680.jpg,Bags,Bags,0.9999604,OK
51610,Kraus Jeans Women Brown Corduroy Trousers,Trousers,Bottomwear,51610.jpg,Bottomwear,Bottomwear,0.9996916,OK
7923,Proline Men Beige Striped Polo T-shirt,Tshirts,Topwear,7923.jpg,Topwear,Topwear,0.99999,OK
6568,Nike Men's T90 Training Black T-shirt,Tshirts,Topwear,6568.jpg,Topwear,Topwear,0.9963721,OK
21148,s.Oliver Women Grey Top,Tops,Topwear,21148.jpg,Topwear,Topwear,0.9968945,OK
45400,Rocia Women Maroon Sandals,Flats,Shoes,45400.jpg,Shoes,Shoes,0.99946827,OK
56884,HM Women Black Heels,Heels,Shoes,56884.jpg,Shoes,Shoes,0.96723825,OK
45030,Maxima Men Black Watch,Watches,Watches,45030.jpg,Watches,Watches,1.0,OK
36662,Paridhan Women Black Checked Handbag,Handbags,Bags,36662.jpg,Bags,Bags,0.9998149,OK
57169,Elle Women Red Folklore Top,Tops,Topwear,57169.jpg,Topwear,Topwear,0.9999975,OK
13428,United Colors of Benetton Men Printed White Tshirts,Tshirts,Topwear,13428.jpg,Topwear,Topwear,0.99979347,OK
54903,Do u speak green Men Grey T-shirt,Tshirts,Topwear,54903.jpg,Topwear,Topwear,0.9945927,OK
45888,Maxima Ssteele Men White Dial Watch,Watches,Watches,45888.jpg,Watches,Watches,0.99999917,OK
44890,Puma Men Navy Blue Polo T-shirt,Tshirts,Topwear,44890.jpg,Topwear,Topwear,0.99994755,OK
40138,Gini and Jony Boys Under The Sun Yellow T-shirt,Tshirts,Topwear,40138.jpg,Topwear,Topwear,0.9941738,OK
28366,Idee Men Black Sunglasses,Sunglasses,Eyewear,28366.jpg,Eyewear,Eyewear,0.99999905,OK
33508,Doodle Kids Girl Washed Blue Skirt,Skirts,Bottomwear,33508.jpg,Bottomwear,Bottomwear,0.99997544,OK
35787,Enroute Women Grey Shoes,Flats,Shoes,35787.jpg,Shoes,Shoes,0.9997259,OK
54520,F Sports Men White Vito Shoes,Casual Shoes,Shoes,54520.jpg,Shoes,Shoes,0.9039478,OK
26460,Puma Women Trinity Black Casual Shoes,Casual Shoes,Shoes,26460.jpg,Shoes,Shoes,0.8004766,OK
4484,Puma Men Kraftek White Silver Shoe,Sports Shoes,Shoes,4484.jpg,Shoes,Shoes,0.9999876,OK
33552,Wrangler Men Brown Striped Shirt,Shirts,Topwear,33552.jpg,Topwear,Topwear,0.99991524,OK
38905,Allen Solly Kids Girls Poplin Pink Shorts,Shorts,Bottomwear,38905.jpg,Bottomwear,Bottomwear,0.9999745,OK
19520,United Colors of Benetton Men Stripes Blue Sweater,Sweaters,Topwear,19520.jpg,Topwear,Topwear,0.99992526,OK
23989,Peter England Men Green Check Shirt,Shirts,Topwear,23989.jpg,Topwear,Topwear,0.99999654,OK
15790,Facit Men Green Comfort Briefs,Briefs,Innerwear,15790.jpg,Innerwear,Innerwear,0.99827147,OK
24067,Locomotive Men Check Red Shirt,Shirts,Topwear,24067.jpg,Topwear,Topwear,0.999997,OK
15632,Nike Women AS Regular DF Cotton Black Track Pants,Track Pants,Bottomwear,15632.jpg,Bottomwear,Bottomwear,0.9999925,OK
32958,Angry Birds Men Printed Charcoal Grey T-shirt,Tshirts,Topwear,32958.jpg,Topwear,Topwear,0.99999607,OK
11117,Indigo Nation Men Solid Grey Shirts,Shirts,Topwear,11117.jpg,Topwear,Topwear,0.99995315,OK
43006,Nike Men Black Urbanfloat Sandals,Sandals,Sandal,43006.jpg,Sandal,Sandal,0.98384666,OK
34833,ADIDAS Women Sweep Green Sandals,Flats,Shoes,34833.jpg,Sandal,Shoes,0.9893861,ONE MODEL DISAGREES
17846,Nike Men Supergame Black Sports Shoe,Sports Shoes,Shoes,17846.jpg,Shoes,Shoes,0.9999962,OK
25578,Fila Men Smash Lite Black Sports Shoes,Sports Shoes,Shoes,25578.jpg,Shoes,Shoes,0.9981352,OK
54856,Ivory Tag Women Vibrant Pink Necklace,Necklace and Chains,Jewellery,54856.jpg,Jewellery,Jewellery,0.999608,OK
10486,Flying Machine Men Black Polo Tshirts,Tshirts,Topwear,10486.jpg,Topwear,Topwear,0.9997805,OK
40582,Aurelia Women Printed Blue Kurta,Kurtas,Topwear,40582.jpg,Topwear,Topwear,0.9999993,OK
12930,Classic Polo Men Club Navy Blue Tshirts,Tshirts,Topwear,12930.jpg,Topwear,Topwear,0.9999759,OK
33120,Catwalk Women Silver Heels,Heels,Shoes,33120.jpg,Shoes,Shoes,0.97258425,OK
43172,Fastrack Women Black Dial Watch,Watches,Watches,43172.jpg,Watches,Watches,1.0,OK
24911,United Colors of Benetton Kids Boys Grey Printed T-shirt,Tshirts,Topwear,24911.jpg,Topwear,Topwear,0.99981624,OK
50984,Enamor Women Cameo Rose Coloured Briefs,Briefs,Innerwear,50984.jpg,Innerwear,Innerwear,0.99971515,OK
2923,DUSG Men's Sariska Organic Olive T-shirt,Tshirts,Topwear,2923.jpg,Topwear,Topwear,0.99987125,OK
38538,Puma Men Green California Shoes,Casual Shoes,Shoes,38538.jpg,Shoes,Shoes,0.9999989,OK
38948,Gini and Jony Girls Printed Pink Top,Tops,Topwear,38948.jpg,Topwear,Topwear,0.9999919,OK
19810,U.S. Polo Assn. Men Stripes Purple Sweatshirt,Sweatshirts,Topwear,19810.jpg,Topwear,Topwear,0.9999435,OK
47504,Facit Men Grey Melange Innerwear Vest,Innerwear Vests,Innerwear,47504.jpg,Innerwear,Innerwear,0.8576769,OK
46460,Timex Men White Dial Watch,Watches,Watches,46460.jpg,Watches,Watches,1.0,OK
32644,Nike Men Knit Black Track Pants,Track Pants,Bottomwear,32644.jpg,Bottomwear,Bottomwear,0.9999865,OK
12367,Reid & Taylor Men White Shirt,Shirts,Topwear,12367.jpg,Topwear,Topwear,0.5980001,OK
13927,ADIDAS Men Addcash Red Casual Shoes,Casual Shoes,Shoes,13927.jpg,Shoes,Shoes,0.9999237,OK
11134,Puma Men Dial With Steel finish frame Black Watches,Watches,Watches,11134.jpg,Watches,Watches,0.9999987,OK
30929,Fabindia Women Grey Skirt,Skirts,Bottomwear,30929.jpg,Bottomwear,Bottomwear,0.9989078,OK
7411,W Women V Neck Short Sleeve Purple Kurta,Kurtas,Topwear,7411.jpg,Topwear,Topwear,0.99848527,OK
21256,Footloose Unisex Jump Blue Backpack,Backpacks,Bags,21256.jpg,Bags,Bags,0.99997544,OK
24840,Indigo Nation Men Check Blue Shirt,Shirts,Topwear,24840.jpg,Topwear,Topwear,0.9999682,OK
53348,Smugglerz Men Blue and White Check Boxers,Boxers,Innerwear,53348.jpg,Innerwear,Innerwear,0.9995061,OK
7600,Nike Women's City Cou White Shoe,Sports Shoes,Shoes,7600.jpg,Shoes,Shoes,0.999998,OK
10107,Fastrack Men Analogue Leather Steel Watches,Watches,Watches,10107.jpg,Watches,Watches,0.9999931,OK
29519,Playboy Women Black Dial Watch,Watches,Watches,29519.jpg,Watches,Watches,1.0,OK
12064,W Women Solid Majenta Pink Kurtas,Kurtas,Topwear,12064.jpg,Topwear,Topwear,0.9999944,OK
14121,Flying Machine Washed Blue Jeans,Jeans,Bottomwear,14121.jpg,Bottomwear,Bottomwear,0.9999994,OK
58802,Highlander Men Blue & White Striped Shirt,Shirts,Topwear,58802.jpg,Topwear,Topwear,0.9999695,OK
39683,Lotto Men White Sports Shoe,Sports Shoes,Shoes,39683.jpg,Shoes,Shoes,0.99950063,OK
29779,Basics Men Khaki Trousers,Trousers,Bottomwear,29779.jpg,Bottomwear,Bottomwear,0.99999046,OK
13204,ASICS Men Gel Pulse III Running Black Sports Shoes,Sports Shoes,Shoes,13204.jpg,Shoes,Shoes,0.99778795,OK
4300,Tantra Men's Guitar Gods Green T-shirt,Tshirts,Topwear,4300.jpg,Topwear,Topwear,0.99988353,OK
7064,Nike Unisex Classic Grey Backpack,Backpacks,Bags,7064.jpg,Bags,Bags,0.9999989,OK
9621,Indigo Nation Men Checks Blue Shirts,Shirts,Topwear,9621.jpg,Topwear,Topwear,0.9998684,OK
53590,Q&Q Women White Dial Watch,Watches,Watches,53590.jpg,Watches,Watches,0.9999895,OK
45155,CASIO ENTICER Men Black Dial Analogue Watch A499,Watches,Watches,45155.jpg,Watches,Watches,0.9999999,OK
16179,Enroute Men Leather Black Casual Shoes,Casual Shoes,Shoes,16179.jpg,Shoes,Shoes,0.9898928,OK
37318,CASIO G-Shock Men Black Digital Watch G329,Watches,Watches,37318.jpg,Watches,Watches,0.9999999,OK
27959,Jockey Sport Performance  Men White Trunks SP04,Trunk,Innerwear,27959.jpg,Innerwear,Innerwear,0.93766826,OK
23446,Satya Paul Women Red Kurti,Kurtis,Topwear,23446.jpg,Topwear,Topwear,0.9992976,OK
7040,Numero Uno Men's Navy Blue Shoe,Casual Shoes,Shoes,7040.jpg,Shoes,Shoes,0.99991,OK
54735,Vans Men Grey Shoes,Casual Shoes,Shoes,54735.jpg,Shoes,Shoes,0.9998274,OK
45230,CASIO Men White Dial & Digital Watches AD146,Watches,Watches,45230.jpg,Watches,Watches,1.0,OK
8433,Jealous 21 Women Jealous Ebony Brown Top Brown Tops,Tops,Topwear,8433.jpg,Topwear,Topwear,0.9747576,OK
30833,Fabindia Women Beige Kurta,Kurtas,Topwear,30833.jpg,Topwear,Topwear,0.99981123,OK
28717,W Women Printed Purple Kurta,Kurtas,Topwear,28717.jpg,Topwear,Topwear,0.9995378,OK
13331,Gini and Jony Men Check Blue Shirts,Shirts,Topwear,13331.jpg,Topwear,Topwear,0.9999429,OK
38528,Puma Men White Caliber Shoes,Casual Shoes,Shoes,38528.jpg,Shoes,Shoes,0.9999471,OK
38049,Q&Q Men Black Digital Watch M119J002Y,Watches,Watches,38049.jpg,Watches,Watches,0.99999976,OK
6001,Highlander Men Grey Red Checked Slim Fit Shirt,Shirts,Topwear,6001.jpg,Topwear,Topwear,0.9999964,OK
38574,Nike Men Grey Track Pants,Track Pants,Bottomwear,38574.jpg,Bottomwear,Bottomwear,0.9999924,OK
49582,Catwalk Women Gold Flats,Heels,Shoes,49582.jpg,Shoes,Shoes,0.995445,OK
58041,Rreverie Gold Colour Earrings,Earrings,Jewellery,58041.jpg,Jewellery,Jewellery,0.99991095,OK
13336,Gini and Jony Kids Printed Pink Tops,Tops,Topwear,13336.jpg,Topwear,Topwear,0.9999862,OK
35641,Fila Men Smash Lite Navy Blue Shoes,Sports Shoes,Shoes,35641.jpg,Shoes,Shoes,0.9796027,OK
58013,Latin Quarters Women Blue Printed Top,Tops,Topwear,58013.jpg,Topwear,Topwear,0.99999547,OK
34818,ADIDAS Men Snova Seq 4M Wide Grey Sports Shoes,Sports Shoes,Shoes,34818.jpg,Shoes,Shoes,0.99993205,OK
17921,Nike Men Cricket Blue Jersey,Tshirts,Topwear,17921.jpg,Topwear,Topwear,0.99983895,OK
7067,Nike Unisex All Access SO Grey Backpack,Backpacks,Bags,7067.jpg,Bags,Bags,0.9999918,OK
17251,U.S. Polo Assn. Men Printed Black Tshirt,Tshirts,Topwear,17251.jpg,Topwear,Topwear,0.9999727,OK
12094,W Women Printed White Kurtas,Kurtas,Topwear,12094.jpg,Topwear,Topwear,0.99990404,OK
4708,ADIDAS Unisex New York Plaid Digital Black Watch,Watches,Watches,4708.jpg,Watches,Watches,0.99999785,OK
20781,Carlton London Women Classy Black Sandals,Flats,Shoes,20781.jpg,Shoes,Shoes,0.9975217,OK
50681,Chromozome Men Pack of Two Trunks,Trunk,Innerwear,50681.jpg,Innerwear,Innerwear,0.99695265,OK
12838,Ant Unisex Bebo White Tshirts,Tshirts,Topwear,12838.jpg,Topwear,Topwear,0.99923956,OK
16521,Locomotive Men Washed Blue Jeans,Jeans,Bottomwear,16521.jpg,Bottomwear,Bottomwear,0.9999709,OK
38202,Polaroid Men Sunglasses,Sunglasses,Eyewear,38202.jpg,Eyewear,Eyewear,0.99999964,OK
43880,Puma Men Navy Blue Contest Lo Shoes,Casual Shoes,Shoes,43880.jpg,Shoes,Shoes,0.9999926,OK
19180,United Colors of Benetton Men Check White Shirt,Shirts,Topwear,19180.jpg,Topwear,Topwear,0.99982125,OK
19062,Aurelia Women Solid Maroon Kurti,Kurtis,Topwear,19062.jpg,Topwear,Topwear,0.99999726,OK
26056,John Miller Men Check Black Shirt,Shirts,Topwear,26056.jpg,Topwear,Topwear,0.9999093,OK
45149,Casio Enticer Men Silver Analogue Watch MTP-1302D-1A2VDF(A487),Watches,Watches,45149.jpg,Watches,Watches,1.0,OK
10220,Murcia Women Mary Pink Handbags,Handbags,Bags,10220.jpg,Bags,Bags,1.0,OK
6397,Lotto Men Revenge 02 Black Blue Floater,Sandals,Sandal,6397.jpg,Sandal,Sandal,0.9973968,OK
3243,Puma Men's Future Cat Black Shoe,Sports Shoes,Shoes,3243.jpg,Shoes,Shoes,0.9999752,OK
7262,Rockport Men's Gavia Black Shoe,Casual Shoes,Shoes,7262.jpg,Shoes,Shoes,0.99998784,OK
26465,Puma Men Black Shorts,Shorts,Bottomwear,26465.jpg,Bottomwear,Bottomwear,0.9952232,OK
36430,Spinn Men Brash White Shoes,Casual Shoes,Shoes,36430.jpg,Shoes,Shoes,0.996192,OK
19580,United Colors of Benetton Men Printed White TShirt,Tshirts,Topwear,19580.jpg,Topwear,Topwear,0.9999877,OK
20579,Baggit Women Panchnama Parincrush Brown Mobile Pouch,Mobile Pouch,Bags,20579.jpg,Bags,Bags,0.9999926,OK
9912,Puma Unisex Dizzy Barrel Black Duffle Bag,Duffel Bag,Bags,9912.jpg,Bags,Bags,0.9999999,OK
5074,Being Human Women Pink Silicon Strap with Stones Watch,Watches,Watches,5074.jpg,Watches,Watches,1.0,OK
49893,Q&Q Kids Unisex White Dial Analog Watch,Watches,Watches,49893.jpg,Watches,Watches,1.0,OK
3411,Myntra Women's Work Hard/ Smart T-shirt,Tshirts,Topwear,3411.jpg,Topwear,Topwear,0.99997663,OK
34689,Allen Solly Kids Boys Oxford White Shirt,Shirts,Topwear,34689.jpg,Topwear,Topwear,0.9835681,OK
11162,John Miller Men Solid Black Shirts,Shirts,Topwear,11162.jpg,Topwear,Topwear,0.9998348,OK
12477,Clarks Men Leather Brown Formal Shoes,Formal Shoes,Shoes,12477.jpg,Shoes,Shoes,0.99996233,OK
4702,ADIDAS Unisex Toronto 3-Hand Black Watch,Watches,Watches,4702.jpg,Watches,Watches,1.0,OK
28384,Idee Men Black Sunglasses,Sunglasses,Eyewear,28384.jpg,Eyewear,Eyewear,0.9999999,OK
18256,Aneri Women Anrtara Multi Kurta,Kurtas,Topwear,18256.jpg,Topwear,Topwear,0.9999049,OK
54547,Global Desi Women Pink Tunic,Tunics,Topwear,54547.jpg,Topwear,Topwear,0.99212086,OK
15042,ADIDAS Kids Unisex Blue Chelsea Jersey,Tshirts,Topwear,15042.jpg,Topwear,Topwear,0.99999297,OK
29918,Police Men Grey Dial Watch PL12698JSU,Watches,Watches,29918.jpg,Watches,Watches,0.99999857,OK
43986,Police Men Uomo Perfume,Perfume and Body Mist,Fragrance,43986.jpg,Fragrance,Fragrance,0.99983895,OK
2169,Probase Men Red & Blue Shirt,Shirts,Topwear,2169.jpg,Topwear,Topwear,0.99963534,OK
3695,Lotto Men's Rio Velcro White Indigo Shoe,Casual Shoes,Shoes,3695.jpg,Shoes,Shoes,0.99972194,OK
13370,Timberland Men Jeunes Grey Casual Shoes,Casual Shoes,Shoes,13370.jpg,Shoes,Shoes,0.9998493,OK
21393,Locomotive Men Printed Blue T-shirt,Tshirts,Topwear,21393.jpg,Topwear,Topwear,0.9995443,OK
37470,Esprit Women Silver Dial Watch,Watches,Watches,37470.jpg,Watches,Watches,0.99998915,OK
9102,Buckaroo Men Luz Brown Sandals,Sandals,Sandal,9102.jpg,Sandal,Sandal,0.9999907,OK
48742,Revv Men Steel Bangle,Bangle,Jewellery,48742.jpg,Jewellery,Jewellery,0.6647677,OK
22220,Little Miss Women Sunshine White T-shirt,Tshirts,Topwear,22220.jpg,Topwear,Topwear,0.99997747,OK
46042,Estelle Women Gold Jewellery Set,Jewellery Set,Jewellery,46042.jpg,Jewellery,Jewellery,0.9814299,OK
25478,Nike Men Lunarfly +3 Black Sports Shoes,Sports Shoes,Shoes,25478.jpg,Shoes,Shoes,0.99994016,OK
19102,Mother Earth Women Solid Pink Kurta,Kurtas,Topwear,19102.jpg,Topwear,Topwear,0.9999919,OK
37316,Casio Edifice Men Silver Analogue Watch EFR-501D-7AVDF,Watches,Watches,37316.jpg,Watches,Watches,1.0,OK
36941,Fossil Men Quartz White Dial Chronograph Watch CH2696,Watches,Watches,36941.jpg,Watches,Watches,0.9999999,OK
26276,Proline Men Charcoal Grey Polo T-shirt,Tshirts,Topwear,26276.jpg,Topwear,Topwear,0.9823412,OK
14933,Status Quo Men Check Navy Blue Shorts,Shorts,Bottomwear,14933.jpg,Bottomwear,Bottomwear,0.9988223,OK
35428,ADIDAS Women Neptune White Sports Shoes,Sports Shoes,Shoes,35428.jpg,Shoes,Shoes,0.99936515,OK
17910,Nike Men Sptcas Black Sweatshirt,Sweatshirts,Topwear,17910.jpg,Topwear,Topwear,0.9996971,OK
12264,Genesis Men Grey Shirt,Shirts,Topwear,12264.jpg,Topwear,Topwear,0.99995625,OK
30764,Fabindia Men Hand Block Printed White Kurta,Kurtas,Topwear,30764.jpg,Topwear,Topwear,0.97313446,OK
54088,Mumbai Slang Women Beige Top,Tops,Topwear,54088.jpg,Topwear,Topwear,0.9999223,OK
41047,Nautica Men Brown Dial Chronograph Watch,Watches,Watches,41047.jpg,Watches,Watches,1.0,OK
39633,Nike Men Black Air Affect Shoes,Casual Shoes,Shoes,39633.jpg,Shoes,Shoes,0.9999094,OK
3533,Myntra Men's If You Don't Like Navy Blue T-shirt,Tshirts,Topwear,3533.jpg,Topwear,Topwear,0.9999373,OK
59237,Titan Men Black Dial Watch,Watches,Watches,59237.jpg,Watches,Watches,0.9999999,OK
47588,Portia Women Silver Flats,Flats,Shoes,47588.jpg,Shoes,Shoes,0.98753035,OK
25398,Lino Perros Women Leatherite Brown Handbag,Handbags,Bags,25398.jpg,Bags,Bags,0.99999964,OK
10698,Esprit Women Houston Red Ice Red Watch,Watches,Watches,10698.jpg,Watches,Watches,0.9930126,OK
40551,Titan Women Silver Dial Watch,Watches,Watches,40551.jpg,Watches,Watches,1.0,OK
46484,Timex Men Sliver Dial Chronograph Watch,Watches,Watches,46484.jpg,Watches,Watches,1.0,OK
43590,Gini and Jony Girls Polo Striped Blue T-shirt,Tshirts,Topwear,43590.jpg,Topwear,Topwear,0.9999484,OK
42938,French Connection Men Black Bag,Handbags,Bags,42938.jpg,Bags,Bags,0.99999964,OK
13513,Chimp Men Firee Grey Tshirts,Tshirts,Topwear,13513.jpg,Topwear,Topwear,0.9993698,OK
3163,Nike Women Downshifter Grey Black Shoe,Sports Shoes,Shoes,3163.jpg,Shoes,Shoes,0.99998844,OK
59942,Vans Men Black Casual Shoes,Casual Shoes,Shoes,59942.jpg,Shoes,Shoes,0.9990157,OK
20220,Wrangler Men Rib Navy Sweater,Sweaters,Topwear,20220.jpg,Topwear,Topwear,0.99986076,OK
33986,Femella Women Printed Beige Shirt,Shirts,Topwear,33986.jpg,Topwear,Topwear,0.99999166,OK
8368,Doodle Girl's Halter Neck Pink Kidswear,Tshirts,Topwear,8368.jpg,Topwear,Bottomwear,0.96834373,ONE MODEL DISAGREES
51637,FOSSIL Women Brown Dial Watch AM4404,Watches,Watches,51637.jpg,Watches,Watches,1.0,OK
51600,Wrangler Women Blue Molly Jeans,Jeans,Bottomwear,51600.jpg,Bottomwear,Bottomwear,0.99999917,OK
33977,Femella Women Printed Black Top,Tops,Topwear,33977.jpg,Topwear,Topwear,0.9997197,OK
26535,ID Men Blue Shoes,Casual Shoes,Shoes,26535.jpg,Shoes,Shoes,0.9999304,OK
34529,Red Tape Men Brown Shoes,Casual Shoes,Shoes,34529.jpg,Shoes,Shoes,0.8712656,OK
53766,Puma Men White and Navy Blue T-shirt,Tshirts,Topwear,53766.jpg,Topwear,Topwear,0.99999964,OK
47099,Marvel Boys Red Shoes,Casual Shoes,Shoes,47099.jpg,Shoes,Shoes,0.9179327,OK
57160,Elle Women Printed White T-shirt,Tshirts,Topwear,57160.jpg,Topwear,Topwear,0.99995446,OK
15783,Facit Men Brown Briefs,Briefs,Innerwear,15783.jpg,Innerwear,Innerwear,0.99999976,OK
58959,Colour Me Women Gold Perfume,Perfume and Body Mist,Fragrance,58959.jpg,Fragrance,Fragrance,0.9999677,OK
28059,Jockey ELANCE Men Pack Of 2 Briefs 1010,Briefs,Innerwear,28059.jpg,Innerwear,Innerwear,0.9999999,OK
18528,Chhota Bheem Kids-Boys Green Digital Pop Watch,Watches,Watches,18528.jpg,Watches,Watches,0.9998863,OK
55640,Catwalk Women Silver Heels,Heels,Shoes,55640.jpg,Shoes,Shoes,0.9800213,OK
4601,Wildcraft Unisex Blue & Grey Rucksack,Rucksacks,Bags,4601.jpg,Bags,Bags,0.9999907,OK
47268,FCUK Underwear Men White Striped Brief,Briefs,Innerwear,47268.jpg,Innerwear,Innerwear,0.9990426,OK
1989,ADIDAS Womens Black Tank Fitted T-shirt,Tshirts,Topwear,1989.jpg,Topwear,Topwear,0.863941,OK
4826,ADIDAS Men's Woven Dark Navy White Track Pant,Track Pants,Bottomwear,4826.jpg,Bottomwear,Bottomwear,0.99999964,OK
21582,United Colors of Benetton Women Washed Blue Jeans,Jeans,Bottomwear,21582.jpg,Bottomwear,Bottomwear,0.9999975,OK
10497,Flying Machine Women RN HS White Tshirts,Tshirts,Topwear,10497.jpg,Topwear,Topwear,0.9999769,OK
5444,Ant Kids Girl's Check Top Black Kidswear,Tops,Topwear,5444.jpg,Topwear,Topwear,0.9880015,OK
41331,Aurelia Women Wine Dupatta,Dupatta,Topwear,41331.jpg,Topwear,Bottomwear,0.64657396,ONE MODEL DISAGREES
4565,Nike Women Air Mir Ma Purple Blue Shoe,Sports Shoes,Shoes,4565.jpg,Shoes,Shoes,0.99969697,OK
23195,Highlander Men Green Striped Shirt,Shirts,Topwear,23195.jpg,Topwear,Topwear,0.9999882,OK
57115,Elle Magenta Colour Clash Top,Tops,Topwear,57115.jpg,Topwear,Topwear,0.9999099,OK
25459,Nike Women Dart 9 MSL Silver Sports Shoes,Sports Shoes,Shoes,25459.jpg,Shoes,Shoes,0.9986009,OK
58937,Tommy Hilfiger Men Black Dial Watch TH1790734-D,Watches,Watches,58937.jpg,Watches,Watches,0.99999976,OK
56348,Fastrack Men Navy Blue Watch,Watches,Watches,56348.jpg,Watches,Watches,0.9999616,OK
56926,HM Women Multi Coloured Flats,Heels,Shoes,56926.jpg,Shoes,Shoes,0.6131514,OK
38496,Gini and Jony Boys United White T-shirt,Tshirts,Topwear,38496.jpg,Topwear,Topwear,0.9949391,OK
32645,Nike Men Knit Navy Blue Track Pants,Track Pants,Bottomwear,32645.jpg,Bottomwear,Bottomwear,0.99998915,OK
5054,Fila Men's Swinger White Navy Shoe,Sports Shoes,Shoes,5054.jpg,Shoes,Shoes,0.9999819,OK
40373,Tokyo Talkies Women White Top,Tops,Topwear,40373.jpg,Topwear,Topwear,0.9999188,OK
35643,U.S. Polo Assn. Men Brown Sandals,Sandals,Sandal,35643.jpg,Sandal,Sandal,0.7370747,OK
28133,Jockey COMFORT PLUS Men Black Brief 8044,Briefs,Innerwear,28133.jpg,Innerwear,Innerwear,0.9998982,OK
49878,Q&Q Women Pink Dial Watch S073-803Y,Watches,Watches,49878.jpg,Watches,Watches,0.9999862,OK
12102,W Women Printed Purple Kurtas,Kurtas,Topwear,12102.jpg,Topwear,Topwear,0.9999962,OK
26952,Jealous 21 Women Green Top,Tops,Topwear,26952.jpg,Topwear,Topwear,0.9999988,OK
13298,Gini and Jony Men Solid White Shorts,Shorts,Bottomwear,13298.jpg,Bottomwear,Bottomwear,0.9991862,OK
10008,Nike Men Town Navy Blue T-Shirts,Tshirts,Topwear,10008.jpg,Topwear,Topwear,0.9996619,OK
15379,Fila Men Lobato Black Casual Shoes,Casual Shoes,Shoes,15379.jpg,Shoes,Shoes,0.9998815,OK
6030,UCB Men's Polo Neck With Big Ben Logo Pink T-shirt,Tshirts,Topwear,6030.jpg,Topwear,Topwear,0.9998816,OK
7412,W Women V Neck Short Sleeve Pink Kurta,Kurtas,Topwear,7412.jpg,Topwear,Topwear,0.9996412,OK
12890,Puma Men Cell Tolero Black Casual Shoes,Casual Shoes,Shoes,12890.jpg,Shoes,Shoes,0.999946,OK
25027,Nike Men Challenger Blue Jersey,Tshirts,Topwear,25027.jpg,Topwear,Topwear,0.99999356,OK
13408,United Colors of Benetton Men Solid Blue Shirts,Shirts,Topwear,13408.jpg,Topwear,Topwear,0.99999726,OK
39197,Catwalk Women Bronze Flats,Heels,Shoes,39197.jpg,Shoes,Shoes,0.9999956,OK
44821,Clarks Men Dark Navy Malta Drive Loafers,Casual Shoes,Shoes,44821.jpg,Shoes,Shoes,0.99851054,OK
57374,Amante Women Nude-Coloured Briefs PFCL01,Briefs,Innerwear,57374.jpg,Innerwear,Innerwear,0.9999156,OK
33827,Puma Men Axis White Sports Shoes,Sports Shoes,Shoes,33827.jpg,Shoes,Shoes,0.99934036,OK
50937,Parx Men Grey Innerwear Vest,Innerwear Vests,Innerwear,50937.jpg,Innerwear,Innerwear,0.64780825,OK
12468,Basics Men White T-shirt,Tshirts,Topwear,12468.jpg,Topwear,Topwear,0.999134,OK
8180,Locomotive Men Check Ladd Green Shirts,Shirts,Topwear,8180.jpg,Topwear,Topwear,0.99999714,OK
59129,Just Natural Men Black Jacket,Jackets,Topwear,59129.jpg,Topwear,Topwear,0.99971455,OK
41791,Remanika Women Black Top,Tops,Topwear,41791.jpg,Topwear,Topwear,0.93142706,OK
49540,Rocia Women Beige Handbag,Handbags,Bags,49540.jpg,Bags,Bags,0.9999968,OK
45902,Maxima Men Black Dial Watch,Watches,Watches,45902.jpg,Watches,Watches,0.99999857,OK
8896,Indigo Nation Men Bling Purple Shirt,Shirts,Topwear,8896.jpg,Topwear,Topwear,0.9997459,OK
21173,s.Oliver Women Grey Shirt,Shirts,Topwear,21173.jpg,Topwear,Topwear,0.99871445,OK
34412,Myntra Men Black Printed T-shirt,Tshirts,Topwear,34412.jpg,Topwear,Topwear,0.9853255,OK
29800,Basics Men Black & Navy Checked Shirt,Shirts,Topwear,29800.jpg,Topwear,Topwear,0.9999707,OK
1860,Inkfruit Mens Shiva T-shirt,Tshirts,Topwear,1860.jpg,Topwear,Topwear,0.999995,OK
37958,Clarks Men Vent Jump Nubuck Brown Sandals,Sandals,Sandal,37958.jpg,Sandal,Sandal,0.8637203,OK
22610,Nike Men Black Sweatshirt,Sweatshirts,Topwear,22610.jpg,Topwear,Topwear,0.9997898,OK
31709,Fabindia Women Anusuya Silver Earrings,Earrings,Jewellery,31709.jpg,Jewellery,Jewellery,0.99999464,OK
14308,ADIDAS Men Solid Black Jackets,Jackets,Topwear,14308.jpg,Topwear,Topwear,0.99999654,OK
33915,Citizen Men Black Dial Eco-Drive Watch,Watches,Watches,33915.jpg,Watches,Watches,1.0,OK
15697,Black coffee Men Micheal White Slim Fit Shirt,Shirts,Topwear,15697.jpg,Topwear,Topwear,0.99998605,OK
2828,Lee Cooper Men's LC Casual Denim Blue Shoe,Casual Shoes,Shoes,2828.jpg,Shoes,Shoes,0.99999106,OK
55618,Numero Uno Men Black Shoes,Casual Shoes,Shoes,55618.jpg,Shoes,Shoes,0.9998578,OK
50591,Chromozome Men Red Briefs,Briefs,Innerwear,50591.jpg,Innerwear,Innerwear,0.99995756,OK
53416,Alma Women Navy Blue Printed Kurta,Kurtas,Topwear,53416.jpg,Topwear,Topwear,0.9995987,OK
16066,Highlander Men Solid Black Trouser,Trousers,Bottomwear,16066.jpg,Bottomwear,Bottomwear,0.99999166,OK
31439,HIghlander Men Olive Trousers,Trousers,Bottomwear,31439.jpg,Bottomwear,Bottomwear,0.99939036,OK
55654,Catwalk Women Maroon Wedges,Heels,Shoes,55654.jpg,Shoes,Shoes,0.9908025,OK
56996,HM Women Yellow Sandals,Flats,Shoes,56996.jpg,Shoes,Shoes,0.99984896,OK
16991,United Colors of Benetton Men White Check Shirt,Shirts,Topwear,16991.jpg,Topwear,Topwear,0.99989545,OK
34752,Puma Men Bolt Lite Black Shoes,Casual Shoes,Shoes,34752.jpg,Shoes,Shoes,0.9999871,OK
24194,Deni Yo Men Slim Fit Black Jeans,Jeans,Bottomwear,24194.jpg,Bottomwear,Bottomwear,0.99999857,OK
40118,ADIDAS Men Red T-shirt,Tshirts,Topwear,40118.jpg,Topwear,Topwear,0.9995956,OK
3874,Wrangler Men's Trademark Washed Blue T-shirt,Tshirts,Topwear,3874.jpg,Topwear,Topwear,0.99987817,OK
19548,United Colors of Benetton Men Solid Purple Sweatshirt,Sweatshirts,Topwear,19548.jpg,Topwear,Topwear,0.99848396,OK
50694,Chromozome Men Blue Trunks,Trunk,Innerwear,50694.jpg,Innerwear,Innerwear,0.9998779,OK
2182,Probase Men Yellow T-shirt,Tshirts,Topwear,2182.jpg,Topwear,Topwear,0.9997267,OK
47303,Baggit Women Black Purse,Clutches,Bags,47303.jpg,Bags,Bags,0.9999765,OK
24354,Folklore Women Blue Printed Kurta,Kurtas,Topwear,24354.jpg,Topwear,Topwear,0.9999919,OK
48943,Revv Men Steel Pendant,Pendant,Jewellery,48943.jpg,Jewellery,Jewellery,0.9846066,OK
16102,M tv Women My Fab Eyewear Brown Sunglasses,Sunglasses,Eyewear,16102.jpg,Eyewear,Eyewear,0.999582,OK
13894,John Miller Men Stripes Black Shirts,Shirts,Topwear,13894.jpg,Topwear,Topwear,0.999987,OK
32209,Fabindia Women Printed Blue Kurta,Kurtas,Topwear,32209.jpg,Topwear,Topwear,0.9999981,OK
19469,Quiksilver Men Black Shirt,Shirts,Topwear,19469.jpg,Topwear,Topwear,0.99999785,OK
46382,ADIDAS Men Blue Printed T-shirt,Tshirts,Topwear,46382.jpg,Topwear,Topwear,0.9998534,OK
56276,Biara Women Skin Bra,Bra,Innerwear,56276.jpg,Innerwear,Innerwear,0.99998605,OK
11499,Catwalk Women Lifestyle Blue Flats,Heels,Shoes,11499.jpg,Shoes,Shoes,0.99709034,OK
36665,Paridhan Women Red Handbag,Handbags,Bags,36665.jpg,Bags,Bags,0.99997854,OK
6002,Highlander Men Grey Blue Black Checked Shirt,Shirts,Topwear,6002.jpg,Topwear,Topwear,0.99975294,OK
24700,Puma Women Yugorun Black Casual Shoes,Casual Shoes,Shoes,24700.jpg,Shoes,Shoes,0.99948514,OK
28658,Nike Women Alphaballer  Black Casual Shoes,Casual Shoes,Shoes,28658.jpg,Shoes,Shoes,0.9997371,OK
12732,Nike Unisex Swoosh Black Backpack,Backpacks,Bags,12732.jpg,Bags,Bags,1.0,OK
30207,John Miller Men White Shirt,Shirts,Topwear,30207.jpg,Topwear,Topwear,0.9982456,OK
14529,Mark Taylor Men Printed Red Tshirts,Tshirts,Topwear,14529.jpg,Topwear,Topwear,0.9991597,OK
30633,Nike Men Dark Grey T-shirt,Tshirts,Topwear,30633.jpg,Topwear,Topwear,0.9986224,OK
7509,Nike Women's Line 9 Turquoise Blue T-shirt,Tshirts,Topwear,7509.jpg,Topwear,Topwear,0.99998724,OK
20095,Diva Women Printed White Kurta,Kurtas,Topwear,20095.jpg,Topwear,Topwear,0.99999535,OK
5128,Wrangler Women Rose Bouquet White Orange Shirt,Shirts,Topwear,5128.jpg,Topwear,Topwear,0.9999987,OK
11235,Flying Machine Women Midrise Blue Jeans,Jeans,Bottomwear,11235.jpg,Bottomwear,Bottomwear,0.9999902,OK
38283,Marvel Boys Green T-Shirt,Tshirts,Topwear,38283.jpg,Topwear,Topwear,0.99999547,OK
29607,Indigo Nation Men Striped Purple Shirt,Shirts,Topwear,29607.jpg,Topwear,Topwear,0.9999689,OK
59383,Vishudh Women White Printed Kurta,Kurtas,Topwear,59383.jpg,Topwear,Topwear,1.0,OK
47026,Shree Women Black & White Kurta,Kurtas,Topwear,47026.jpg,Topwear,Topwear,0.9999949,OK
12683,Fila Women Elixir Low White Shoes,Sports Shoes,Shoes,12683.jpg,Shoes,Shoes,0.99994874,OK
18238,Manchester United Men Printed White Tshirt,Tshirts,Topwear,18238.jpg,Topwear,Topwear,0.95029753,OK
16760,Spice Art Women Leatherette  Black Handbags,Handbags,Bags,16760.jpg,Bags,Bags,0.99998975,OK
9491,Puma Unisex Deck Red Backpacks,Backpacks,Bags,9491.jpg,Bags,Bags,0.99999976,OK
12188,Basics Men Blue Slim Fit Checked Shirt,Shirts,Topwear,12188.jpg,Topwear,Topwear,0.9998808,OK
22114,Reebok Men Mowa White Casual Shoes,Casual Shoes,Shoes,22114.jpg,Shoes,Shoes,0.99999535,OK
23695,Proline Men Purple Polo T-shirt,Tshirts,Topwear,23695.jpg,Topwear,Topwear,0.99920624,OK
6511,Red Tape Men Tan Brown Floater,Sandals,Sandal,6511.jpg,Sandal,Sandal,0.98374164,OK
46600,Catwalk Women Silver Toned Flats,Heels,Shoes,46600.jpg,Shoes,Shoes,0.9797718,OK
8598,Scullers Men's Green Polo T-Shirts,Tshirts,Topwear,8598.jpg,Topwear,Topwear,0.9999622,OK
31315,W Women Brown Kurta,Kurtas,Topwear,31315.jpg,Topwear,Topwear,0.9999764,OK
48025,Helix Women White Dial Watch,Watches,Watches,48025.jpg,Watches,Watches,0.99992025,OK
50632,Chromozome Men Grey & Black Trunks,Trunk,Innerwear,50632.jpg,Innerwear,Innerwear,0.9996846,OK
43525,French Connection Women Cream Leggings,Leggings,Bottomwear,43525.jpg,Bottomwear,Bottomwear,0.9939545,OK
6540,Nike Men's Training Green T-shirt,Tshirts,Topwear,6540.jpg,Topwear,Topwear,0.9952311,OK
3610,Converse Unisex Chuck Taylor Check HI Green Canvas Shoe,Casual Shoes,Shoes,3610.jpg,Shoes,Shoes,0.9998209,OK
38976,Latin Quarters Black Tights,Tights,Bottomwear,38976.jpg,Bottomwear,Bottomwear,0.90443975,OK
13466,United Colors of Benetton Men Stripes Blue Tshirts,Tshirts,Topwear,13466.jpg,Topwear,Topwear,0.99998415,OK
22493,ADIDAS Men Bio Str Casual Shoes,Casual Shoes,Shoes,22493.jpg,Shoes,Shoes,0.99999857,OK
15660,Belkin Unisex Dash Laptop 16,Handbags,Bags,15660.jpg,Bags,Bags,0.9999999,OK
50423,U.S. Polo Assn. Men Navy Blue Shoes,Casual Shoes,Shoes,50423.jpg,Shoes,Shoes,0.9813644,OK
9344,Puma Men Ferrari Red Polo Tshirts,Tshirts,Topwear,9344.jpg,Topwear,Topwear,0.9999397,OK
11316,United Colors of Benetton Women Beige Trouser,Trousers,Bottomwear,11316.jpg,Bottomwear,Bottomwear,0.99999416,OK
6208,Lee Men's Hand Green T-shirt,Tshirts,Topwear,6208.jpg,Topwear,Topwear,0.999998,OK
1758,Lotto Men White Collared Jacket,Jackets,Topwear,1758.jpg,Topwear,Topwear,0.999811,OK
8742,Indigo Nation Men Checks Green Shirts,Shirts,Topwear,8742.jpg,Topwear,Topwear,0.99999845,OK
46519,Timex Men Cream Toned Dial Watch,Watches,Watches,46519.jpg,Watches,Watches,1.0,OK
32113,Playboy Men Rap Red Briefs,Briefs,Innerwear,32113.jpg,Innerwear,Innerwear,0.9999435,OK
11378,United Colors of Benetton Men Summer White Shirts,Shirts,Topwear,11378.jpg,Topwear,Topwear,0.99991643,OK
57500,Lee Cooper Men Brown Sandals,Sandals,Sandal,57500.jpg,Sandal,Sandal,0.9127093,OK
13112,ADIDAS Men Rsp Ds 7in Black Shorts,Shorts,Bottomwear,13112.jpg,Bottomwear,Bottomwear,0.99238575,OK
2285,Nike Men Lavender T-shirt,Tshirts,Topwear,2285.jpg,Topwear,Topwear,0.9998828,OK
6246,Lee Women's Norah Raspberry Pink T-shirt,Tshirts,Topwear,6246.jpg,Topwear,Topwear,0.99999714,OK
33169,Sepia Women Yellow Top,Tops,Topwear,33169.jpg,Topwear,Topwear,0.9999856,OK
7652,Puma Men's Lifestyle White T-shirt,Tshirts,Topwear,7652.jpg,Topwear,Topwear,0.99984634,OK
3787,Basics Men Black & Blue Striped Polo T-shirt,Tshirts,Topwear,3787.jpg,Topwear,Topwear,0.9973591,OK
20373,Urban Yoga Women Solid Pink Track Pants,Track Pants,Bottomwear,20373.jpg,Bottomwear,Bottomwear,0.99999857,OK
10823,Wrangler Men Grey Polo Tshirts,Tshirts,Topwear,10823.jpg,Topwear,Topwear,0.99999964,OK
9264,Scullers Men White Check Shirt,Shirts,Topwear,9264.jpg,Topwear,Topwear,0.99998987,OK
41381,Wrangler Women Black Katie Top,Tops,Topwear,41381.jpg,Topwear,Topwear,0.7268034,OK
11811,Vishudh Women Pigment Print Black Kurtas,Kurtas,Topwear,11811.jpg,Topwear,Topwear,1.0,OK
43654,ONLY Women Cream Printed Top,Tops,Topwear,43654.jpg,Topwear,Topwear,0.999726,OK
47644,Carlton London Men Brown Shoes,Casual Shoes,Shoes,47644.jpg,Shoes,Shoes,0.99370676,OK
39204,Catwalk Women Red Flats,Heels,Shoes,39204.jpg,Shoes,Shoes,0.52397996,OK
9548,Nike Men Grey Polo Tshirts,Tshirts,Topwear,9548.jpg,Topwear,Topwear,0.9996681,OK
52223,Lencia White Swarovski Pearl Necklace,Necklace and Chains,Jewellery,52223.jpg,Jewellery,Jewellery,0.99991167,OK
14307,ADIDAS Men Printed White Sweatshirts,Sweatshirts,Topwear,14307.jpg,Topwear,Topwear,0.999889,OK
8851,Mark Taylor Men Brown Striped Shirt,Shirts,Topwear,8851.jpg,Topwear,Topwear,0.9999566,OK
44937,Ganuchi Men Brown Shoes,Casual Shoes,Shoes,44937.jpg,Shoes,Shoes,0.99866664,OK
32230,Fabindia Women Printed Mustard Kurta,Kurtas,Topwear,32230.jpg,Topwear,Topwear,0.9999993,OK
17456,Casio Enticer Women Cream-Coloured Dial Chronograph Watch SH61,Watches,Watches,17456.jpg,Watches,Watches,1.0,OK
4173,Reebok Men's RunTone Action Silver Shoe,Sports Shoes,Shoes,4173.jpg,Shoes,Shoes,0.9936606,OK
44851,Puma Men Red Ferrari T-shirt,Tshirts,Topwear,44851.jpg,Topwear,Topwear,0.9997998,OK
2179,Probase Men Stripe Grey T-shirt,Tshirts,Topwear,2179.jpg,Topwear,Bottomwear,0.9992132,ONE MODEL DISAGREES
49860,Q&Q Kids Unisex Purple Digital Watch,Watches,Watches,49860.jpg,Watches,Watches,1.0,OK
6150,Puma Unisex Tornado Silver Navy Shoes,Sports Shoes,Shoes,6150.jpg,Shoes,Shoes,0.99877423,OK
30145,Flying Machine Women Printed White T-shirt,Tshirts,Topwear,30145.jpg,Topwear,Topwear,0.9998784,OK
31453,Nike Women Tennis Black T-shirt,Tshirts,Topwear,31453.jpg,Topwear,Topwear,0.9995573,OK
32310,Q&Q Men Black Dial Watch,Watches,Watches,32310.jpg,Watches,Watches,1.0,OK
42834,French Connection Women Grey & Brown Handbag,Handbags,Bags,42834.jpg,Bags,Bags,0.9999999,OK
7517,Nike Men's As Icon Yellow T-shirt,Tshirts,Topwear,7517.jpg,Topwear,Topwear,0.99953985,OK
18527,Chhota Bheem Analog Kids-Boys Blue Watch,Watches,Watches,18527.jpg,Watches,Watches,1.0,OK
30845,Fabindia Women Rust Printed Kurta,Kurtas,Topwear,30845.jpg,Topwear,Topwear,0.99998176,OK
31640,Indigo Nation Men Check Blue Shirt,Shirts,Topwear,31640.jpg,Topwear,Topwear,0.9999188,OK
14735,Arrow Men Stripes White Shirts,Shirts,Topwear,14735.jpg,Topwear,Topwear,0.99799734,OK
28324,Red Tape Men Casual Black Sandals,Sandals,Sandal,28324.jpg,Sandal,Sandal,0.9976482,OK
9390,Nike Women Wmns Black Casual Shoes,Casual Shoes,Shoes,9390.jpg,Shoes,Shoes,0.9991272,OK
7051,s.Oliver Men Green White Check Shirt,Shirts,Topwear,7051.jpg,Topwear,Topwear,0.9999999,OK
48972,Lucera Women Gold Ring,Ring,Jewellery,48972.jpg,Jewellery,Jewellery,0.99942005,OK
8739,Indigo Nation Men Checks Shirt Green Shirts,Shirts,Topwear,8739.jpg,Topwear,Topwear,0.99998796,OK
56923,HM Women Orange Flats,Heels,Shoes,56923.jpg,Shoes,Shoes,0.9415979,OK
8869,Mark Taylor Men Solid Blue Shirts,Shirts,Topwear,8869.jpg,Topwear,Topwear,0.99997747,OK
12235,Genesis Maroon Formal Shirt,Shirts,Topwear,12235.jpg,Topwear,Topwear,0.9997694,OK
14049,Flying Machine Men Washed Blue Shirts,Shirts,Topwear,14049.jpg,Topwear,Topwear,0.9999461,OK
4340,Fila Men Phoenix Red Shoes,Casual Shoes,Shoes,4340.jpg,Shoes,Shoes,0.9993672,OK
11231,Esprit Women Twist Houston White Watches,Watches,Watches,11231.jpg,Watches,Watches,0.9999471,OK
26440,Spice Art Women Leatherette Gold Handbag,Handbags,Bags,26440.jpg,Bags,Bags,1.0,OK
44028,Baldessarini Men Concentree Perfume,Perfume and Body Mist,Fragrance,44028.jpg,Fragrance,Fragrance,1.0,OK
27979,Jockey ZONE STRETCH Men Zone Stretch White Brief US07,Briefs,Innerwear,27979.jpg,Innerwear,Innerwear,0.99999845,OK
10300,Clarks Men Brown Wild Vibe Leather Closed Sandals,Sandals,Sandal,10300.jpg,Sandal,Sandal,0.9276616,OK
4143,Fila Men's Fuel HI Black Navy Blue Shoe,Casual Shoes,Shoes,4143.jpg,Shoes,Shoes,0.9999691,OK
27203,Doodle Kids Boy  Blue Jeans,Jeans,Bottomwear,27203.jpg,Bottomwear,Bottomwear,0.99998593,OK
48824,Lucera Women Silver Pendant,Pendant,Jewellery,48824.jpg,Jewellery,Jewellery,1.0,OK
58185,Rocky S Women Purple Handbag,Handbags,Bags,58185.jpg,Bags,Bags,0.99999917,OK
1528,Puma Men Ferrari Black Fleece Jacket,Jackets,Topwear,1528.jpg,Topwear,Topwear,0.9993918,OK
35892,Jungle Book Boys Lucky White T-shirt,Tshirts,Topwear,35892.jpg,Topwear,Topwear,0.9998716,OK
27115,Miss-T Beige Bra,Bra,Innerwear,27115.jpg,Innerwear,Innerwear,0.99986386,OK
4199,Disney Kids Boy's Yellow Royal Sailing Kidswear,Tshirts,Topwear,4199.jpg,Topwear,Topwear,0.9999914,OK
46049,Estelle Gold Earrings,Earrings,Jewellery,46049.jpg,Jewellery,Jewellery,0.99999964,OK
29045,ADIDAS Men Aess Polo Navy Blue T-shirt,Tshirts,Topwear,29045.jpg,Topwear,Topwear,0.99842983,OK
28549,Nike Women Blue Printed T-shirt,Tshirts,Topwear,28549.jpg,Topwear,Topwear,0.99999595,OK
11677,Lee Men Check Blue Shirts,Shirts,Topwear,11677.jpg,Topwear,Topwear,0.9998598,OK
7602,Nike Women's Dow Dark Grey Shoe,Sports Shoes,Shoes,7602.jpg,Shoes,Shoes,0.99931073,OK
45582,Arrow Men Black Shoes,Casual Shoes,Shoes,45582.jpg,Shoes,Shoes,0.99973017,OK
16873,Idee Men Funky Eyewear Brown Sunglasses,Sunglasses,Eyewear,16873.jpg,Eyewear,Eyewear,0.9999999,OK
13406,United Colors of Benetton Men Stripes Grey Shirts,Shirts,Topwear,13406.jpg,Topwear,Topwear,0.9993357,OK
2062,Lee Mens  T-shirt,Tshirts,Topwear,2062.jpg,Topwear,Topwear,0.9999924,OK
22021,Vishudh Women Printed Pink Kurta,Kurtas,Topwear,22021.jpg,Topwear,Topwear,0.99999523,OK
17941,Puma Men Polo Striped Jersey Red Tshirt,Tshirts,Topwear,17941.jpg,Topwear,Topwear,0.999987,OK
6807,Timberland Men's Prem Wheat Yellow Shoe,Casual Shoes,Shoes,6807.jpg,Shoes,Shoes,0.9999871,OK
26623,Puma Women BodyTrain Mesh Grid Black Sports Shoes,Sports Shoes,Shoes,26623.jpg,Shoes,Shoes,0.99968016,OK
17707,Vans unisex Classic Slip-On Black Casual Shoes,Casual Shoes,Shoes,17707.jpg,Shoes,Shoes,0.99937785,OK
52329,ToniQ Women Pink Set of 6 Bangles,Bangle,Jewellery,52329.jpg,Jewellery,Jewellery,0.99751747,OK
48402,French Connection Men Cream Printed T-shirt,Tshirts,Topwear,48402.jpg,Topwear,Topwear,0.999278,OK
2275,Nike Mens Challenger Graphic White T-shirt,Tshirts,Topwear,2275.jpg,Topwear,Topwear,0.99935967,OK
25928,Femella Women Yellow T-shirt,Tshirts,Topwear,25928.jpg,Topwear,Topwear,0.9937866,OK
15356,Red Tape Men Casual Brown Sandals,Sandals,Sandal,15356.jpg,Sandal,Sandal,0.8810372,OK
36453,Spinn Men Techno Black Sports Shoes,Sports Shoes,Shoes,36453.jpg,Shoes,Shoes,0.6309565,OK
9667,Indigo Nation Men Bling Red Black Shirts,Shirts,Topwear,9667.jpg,Topwear,Topwear,0.9998672,OK
4065,Crocs Men Yukon Chocolate Sandal,Sandals,Sandal,4065.jpg,Sandal,Sandal,0.8531652,OK
23940,Lotto Men White Porteo Sports Shoes,Sports Shoes,Shoes,23940.jpg,Shoes,Shoes,0.9996635,OK
7688,Puma Men's Logo Bermuda Grey Short,Shorts,Bottomwear,7688.jpg,Bottomwear,Bottomwear,0.99985623,OK
17195,U.S. Polo Assn. Men Stripes Green Sweater,Sweaters,Topwear,17195.jpg,Topwear,Topwear,0.9997757,OK
8189,Locomotive Men Solid Poplin Laird Blue Shirts,Shirts,Topwear,8189.jpg,Topwear,Topwear,0.999956,OK
46817,Catwalk Black Casual Shoes,Flats,Shoes,46817.jpg,Shoes,Shoes,0.9705174,OK
37421,Murcia Women Office Black Handbag,Handbags,Bags,37421.jpg,Bags,Bags,0.99999976,OK
37671,American Tourister Unisex Black Backpack,Backpacks,Bags,37671.jpg,Bags,Bags,1.0,OK
50948,Lee Women Black Jeans,Jeans,Bottomwear,50948.jpg,Bottomwear,Bottomwear,0.9999932,OK
30237,Numero Uno Men Black Shoes,Casual Shoes,Shoes,30237.jpg,Shoes,Shoes,0.99649185,OK
54677,Fastrack Women Black Dial Watch NB9735NL02,Watches,Watches,54677.jpg,Watches,Watches,0.99999917,OK
47662,Femella Women Multi Coloured Floral Print Shirt,Shirts,Topwear,47662.jpg,Topwear,Topwear,0.9999999,OK
40655,Span Women Green Kurta,Kurtas,Topwear,40655.jpg,Topwear,Topwear,0.9999621,OK
44805,Spykar Women Orange T-Shirt,Tshirts,Topwear,44805.jpg,Topwear,Topwear,0.9959409,OK
3350,Myntra Men's Work Hard/ Smart Navy Blue T-shirt,Tshirts,Topwear,3350.jpg,Topwear,Topwear,0.99810165,OK
55650,Catwalk Women Multi-coloured Heels,Heels,Shoes,55650.jpg,Shoes,Shoes,0.9997179,OK
42890,French Connection Women Black Sling Bag,Handbags,Bags,42890.jpg,Bags,Bags,0.9997739,OK
28379,Idee Men Grey Sunglasses,Sunglasses,Eyewear,28379.jpg,Eyewear,Eyewear,0.9999999,OK
12612,Ed Hardy Men Printed Orange Tshirts,Tshirts,Topwear,12612.jpg,Topwear,Topwear,0.99577516,OK
19529,United Colors of Benetton Men Solid Green TShirt,Tshirts,Topwear,19529.jpg,Topwear,Topwear,0.99999714,OK
3290,Guerrilla Men's Sachin Blue T-shirt,Tshirts,Topwear,3290.jpg,Topwear,Topwear,0.9999988,OK
10854,Wrangler Men Green Polo T-shirt,Tshirts,Topwear,10854.jpg,Topwear,Topwear,0.9999949,OK
42524,Mother Earth Women Green Kurta,Kurtas,Topwear,42524.jpg,Topwear,Topwear,0.99999964,OK
57063,Elle Women White Jacket,Jackets,Topwear,57063.jpg,Topwear,Topwear,0.99708253,OK
53462,Amante Maroon T-Shirt Bra,Bra,Innerwear,53462.jpg,Innerwear,Innerwear,0.99677,OK
46500,Timex Men Silver Dial Watch,Watches,Watches,46500.jpg,Watches,Watches,1.0,OK
57949,Clarks Men Brown Formal Shoes,Formal Shoes,Shoes,57949.jpg,Shoes,Shoes,0.9999217,OK
2866,Inkfruit Men's Three Side Cricket T-shirt,Tshirts,Topwear,2866.jpg,Topwear,Topwear,0.9999987,OK
47447,Tiptopp Women Brown Sandals,Flats,Shoes,47447.jpg,Shoes,Shoes,0.8871405,OK
25423,Nike Men Air Profusion Black Sports Shoes,Sports Shoes,Shoes,25423.jpg,Shoes,Shoes,0.9992267,OK
14708,Genesis Men Stripes White Shirts,Shirts,Topwear,14708.jpg,Topwear,Topwear,0.9997061,OK
19250,Guess Women Chronograph White Dial Watch I16540L1,Watches,Watches,19250.jpg,Watches,Watches,1.0,OK
10058,Puma Men Large logo tee Black Tshirts,Tshirts,Topwear,10058.jpg,Topwear,Topwear,0.99932444,OK
7417,W Women Sqaure Neck Short Sleeve Blue Kurta,Kurtas,Topwear,7417.jpg,Topwear,Topwear,0.99979,OK
11369,United Colors Of Benetton Women Light Winter Pink Tops,Tops,Topwear,11369.jpg,Topwear,Topwear,0.999845,OK
29173,United Colors of Benetton Kids Girls Printed Green Skirt,Skirts,Bottomwear,29173.jpg,Bottomwear,Bottomwear,0.85358506,OK
36723,Gini and Jony Boys Striped Yellow T-Shirt,Tshirts,Topwear,36723.jpg,Topwear,Topwear,0.99844813,OK
46102,ADIDAS Men Green Lucent Shoes,Casual Shoes,Shoes,46102.jpg,Shoes,Shoes,0.9999423,OK
39998,Park Avenue Men Metallic Frame Sunglasses,Sunglasses,Eyewear,39998.jpg,Eyewear,Eyewear,1.0,OK
46247,Fusion Beats Women Dark Pink Tunic,Tunics,Topwear,46247.jpg,Topwear,Topwear,0.9999975,OK
50613,Chromozome Men Charcoal Melange Briefs,Briefs,Innerwear,50613.jpg,Innerwear,Innerwear,0.9999702,OK
4979,Palm Tree Girl's Betty Pink Kidswear,Tops,Topwear,4979.jpg,Topwear,Topwear,0.99946016,OK
23759,Oakley Men Brown Sunglasses,Sunglasses,Eyewear,23759.jpg,Eyewear,Eyewear,0.99999595,OK
54926,Do u speak green Men Beige T-shirt,Tshirts,Topwear,54926.jpg,Topwear,Topwear,0.98823243,OK
14457,Enroute Women Black Ballerinas,Flats,Shoes,14457.jpg,Shoes,Shoes,0.9996697,OK
19602,United Colors of Benetton Women Printed Grey Top,Tops,Topwear,19602.jpg,Topwear,Topwear,0.99999905,OK
37926,Mineral Women White Top,Tops,Topwear,37926.jpg,Topwear,Topwear,0.9999975,OK
19349,Numero Uno Men Fashion Black Sports Shoes,Sports Shoes,Shoes,19349.jpg,Shoes,Shoes,0.99819654,OK
5909,ADIDAS Women's Derby White Shoe,Casual Shoes,Shoes,5909.jpg,Shoes,Shoes,0.9999703,OK
58508,Tonga Women Grey Sweater,Sweaters,Topwear,58508.jpg,Topwear,Topwear,0.99994874,OK
43088,Swiss Army Women Mountain Water Perfume Set,Fragrance Gift Set,Fragrance,43088.jpg,Fragrance,Fragrance,0.9993864,OK
34206,Proline Men Beige T-shirt,Tshirts,Topwear,34206.jpg,Topwear,Topwear,0.9983145,OK
56287,Biara Women White Bra,Bra,Innerwear,56287.jpg,Innerwear,Innerwear,0.99994695,OK
2841,Mr.Men Men's Its Gonna Get Messy Grey T-shirt,Tshirts,Topwear,2841.jpg,Topwear,Topwear,0.9999771,OK
39854,Gini and Jony Boys Printed White T-Shirt,Tshirts,Topwear,39854.jpg,Topwear,Topwear,0.9968227,OK
26014,TOUS Women H2O Eau De Toilette 100 ml,Perfume and Body Mist,Fragrance,26014.jpg,Fragrance,Fragrance,0.962065,OK
7405,Red Tape Men Grey Casual Shoes,Casual Shoes,Shoes,7405.jpg,Shoes,Shoes,0.9999248,OK
5722,Basice Men Blue & Yellow Striped Polo T-shirt,Tshirts,Topwear,5722.jpg,Topwear,Topwear,0.9999851,OK
5199,DC Comics Men's Hand Drawn Group Light Grey T-shirt,Tshirts,Topwear,5199.jpg,Topwear,Topwear,0.999984,OK
57094,Elle Women Greyish Blue Culottes,Shorts,Bottomwear,57094.jpg,Bottomwear,Bottomwear,0.9995683,OK
24413,ADIDAS Men Swerve Str White Sports Shoes,Sports Shoes,Shoes,24413.jpg,Shoes,Shoes,0.9999676,OK
36137,Nike Women Free Run Pink Sports Shoes,Sports Shoes,Shoes,36137.jpg,Shoes,Shoes,0.99995184,OK
44981,Maxima Attivo Men Grey Dial Watch,Watches,Watches,44981.jpg,Watches,Watches,1.0,OK
16959,Image Women Classic Eyewear Brown Sunglasses,Sunglasses,Eyewear,16959.jpg,Eyewear,Eyewear,0.9999987,OK
5572,ADIDAS Men's Coleman Khaki Shoe,Sports Shoes,Shoes,5572.jpg,Shoes,Shoes,0.99708253,OK
51860,Locomotive Men Navy Striped Shirt,Shirts,Topwear,51860.jpg,Topwear,Topwear,0.9998418,OK
28582,ADIDAS Originals Men Blue Dial Watch ADH2656,Watches,Watches,28582.jpg,Watches,Watches,1.0,OK
15165,Arrow Sport Men Solid Maroon Polo Tshirts,Tshirts,Topwear,15165.jpg,Topwear,Topwear,0.9779214,OK
41036,Nautica Men Black Dial Chronograph Watch,Watches,Watches,41036.jpg,Watches,Watches,1.0,OK
15831,Visudh Green Printed Ethnic Kurta,Kurtas,Topwear,15831.jpg,Topwear,Topwear,0.99748176,OK
59937,Vans Men Blue Casual Shoes,Casual Shoes,Shoes,59937.jpg,Shoes,Shoes,0.99995315,OK
15723,Nike Women Ballista II White Sports Shoes,Sports Shoes,Shoes,15723.jpg,Shoes,Shoes,0.9999895,OK
17258,U.S. Polo Assn. Men Solid Limoges Polo Tshirt,Tshirts,Topwear,17258.jpg,Topwear,Topwear,0.9998405,OK
28029,Jockey ELANCE Mens Navy Blue Briefs 1005,Briefs,Innerwear,28029.jpg,Innerwear,Innerwear,0.9991351,OK
8809,Scullers Men Scul Black White Shirt,Shirts,Topwear,8809.jpg,Topwear,Topwear,0.9999622,OK
27911,Scullers For Her Women Black Trousers,Trousers,Bottomwear,27911.jpg,Bottomwear,Bottomwear,0.99990845,OK
36621,Catwalk Women Turquoise Blue Flats,Heels,Shoes,36621.jpg,Shoes,Shoes,0.78130853,OK
30784,Fabindia Men Striped White Kurta,Kurtas,Topwear,30784.jpg,Topwear,Topwear,0.99771225,OK
35037,Fabindia Women Purple Churidar,Churidar,Bottomwear,35037.jpg,Bottomwear,Bottomwear,0.9999536,OK
40272,Scullers Men Striped Black T-shirt,Tshirts,Topwear,40272.jpg,Topwear,Topwear,0.99998975,OK
29286,Wrangler Men Adino Stripe White Shirt,Shirts,Topwear,29286.jpg,Topwear,Topwear,0.99897146,OK
44915,Puma Men Blue T-shirt,Tshirts,Topwear,44915.jpg,Topwear,Topwear,0.9948605,OK
43619,Vero Moda Women Yellow Top,Tops,Topwear,43619.jpg,Topwear,Topwear,0.9997019,OK
27862,Scullers For Her Women Check Navy Blue Shirt,Shirts,Topwear,27862.jpg,Topwear,Topwear,0.99999964,OK
41864,Estd. 1977 Men Brown Sandals,Sandals,Sandal,41864.jpg,Sandal,Sandal,0.8141268,OK
29584,Indigo Nation Men Printed Black T-shirt,Tshirts,Topwear,29584.jpg,Topwear,Topwear,0.9994062,OK
7420,W Women U Neck Short Sleeve White Kurta,Kurtas,Topwear,7420.jpg,Topwear,Topwear,0.99979717,OK
9695,Classic Polo Men Vulcan White Polo Tshirts,Tshirts,Topwear,9695.jpg,Topwear,Topwear,0.9999975,OK
42134,Nike Men Khaki Dunk High Casual Shoes,Casual Shoes,Shoes,42134.jpg,Shoes,Shoes,0.9999846,OK
48414,French Connection Men Navy Blue Printed T-shirt,Tshirts,Topwear,48414.jpg,Topwear,Topwear,0.99997437,OK
30586,Nike Men Club Pique Polo White T-shirt,Tshirts,Topwear,30586.jpg,Topwear,Topwear,0.9961933,OK
51687,Louis Philippe Men Silver Sunglasses,Sunglasses,Eyewear,51687.jpg,Eyewear,Eyewear,0.99998295,OK
19449,Quiksilver Men White Striped T-shirt,Tshirts,Topwear,19449.jpg,Topwear,Topwear,0.99999917,OK
5682,Skechers Men's Transparent Brown Shoe,Casual Shoes,Shoes,5682.jpg,Shoes,Shoes,0.9991441,OK
14509,Newfeel Unisex White Shoes,Casual Shoes,Shoes,14509.jpg,Shoes,Shoes,0.9995925,OK
38823,Latin Quarters Women Navy Blue Shirt,Shirts,Topwear,38823.jpg,Topwear,Topwear,0.99982053,OK
44050,Boss Men Pure Perfume,Perfume and Body Mist,Fragrance,44050.jpg,Fragrance,Fragrance,0.99946576,OK
32857,Grendha Women Vicky Ad Blue Flats,Heels,Shoes,32857.jpg,Shoes,Shoes,0.5753954,OK
8740,Indigo Nation Men Checks Navy Blue Shirt,Shirts,Topwear,8740.jpg,Topwear,Topwear,0.9999658,OK
30926,Fabindia Women Blue Ghera Crinkle Skirt,Skirts,Bottomwear,30926.jpg,Bottomwear,Bottomwear,0.952835,OK
41404,Wrangler Women Stud Pink Top,Tops,Topwear,41404.jpg,Topwear,Topwear,0.9999999,OK
16120,Numero Uno Men Casual White Slipper,Sandals,Sandal,16120.jpg,Sandal,Sandal,0.77422285,OK
45879,Maxima Men White Dial Watch,Watches,Watches,45879.jpg,Watches,Watches,0.99999654,OK
24390,Folklore Women Turquoise Blue Printed Kurta,Kurtas,Topwear,24390.jpg,Topwear,Topwear,0.99997926,OK
39216,Femella Women Animal Print One Shoulder Black & Brown Top,Tops,Topwear,39216.jpg,Topwear,Topwear,0.9999982,OK
23635,DC Comics Men White Printed T-shirt,Tshirts,Topwear,23635.jpg,Topwear,Topwear,0.9998989,OK
46605,Catwalk Women Beige Pumps,Flats,Shoes,46605.jpg,Shoes,Shoes,0.97809166,OK
27404,Jockey Essence Jane White T-shirt Bra 1243,Bra,Innerwear,27404.jpg,Innerwear,Innerwear,0.9999982,OK
25018,United Colors of Benetton Women Blue Ballerinas,Flats,Shoes,25018.jpg,Topwear,Shoes,0.9992725,ONE MODEL DISAGREES
42695,Rocia Women Gold Sandals,Flats,Shoes,42695.jpg,Shoes,Shoes,0.99882716,OK
6587,Inkfruit Men's Rock The Cure Black T-shirt,Tshirts,Topwear,6587.jpg,Topwear,Topwear,0.999977,OK
25312,Casio Outdoor Men Black Analogue-Digital Watches (AD164) SGW-400H-1BVDR,Watches,Watches,25312.jpg,Watches,Watches,0.99999976,OK
57368,Amante Women Brown Briefs PCLR02,Briefs,Innerwear,57368.jpg,Innerwear,Innerwear,0.9998981,OK
31141,John Miller Men Striped Blue Shirt,Shirts,Topwear,31141.jpg,Topwear,Topwear,0.9999902,OK
2305,Nike Women Blue Polo T-shirt,Tshirts,Topwear,2305.jpg,Topwear,Topwear,0.9998528,OK
5869,ADIDAS Women's Clean Yellow Top,Tops,Topwear,5869.jpg,Topwear,Topwear,0.9999759,OK
56891,HM Women Red Flats,Heels,Shoes,56891.jpg,Shoes,Shoes,0.99794644,OK
18981,ADIDAS Originals Men Vespa Graphic Blue Tshirt,Tshirts,Topwear,18981.jpg,Topwear,Topwear,0.99996793,OK
50356,Aurelia Women Black Kurta,Kurtas,Topwear,50356.jpg,Topwear,Topwear,0.97670823,OK
15193,Arrow Sport Men Stripes Navy Blue Polo Tshirts,Tshirts,Topwear,15193.jpg,Topwear,Topwear,0.99999213,OK
28460,Urban Yoga Women Pink Shorts,Shorts,Bottomwear,28460.jpg,Bottomwear,Bottomwear,0.9981628,OK
43205,Fastrack Men Grey Dial Watch,Watches,Watches,43205.jpg,Watches,Watches,0.9999999,OK
13293,Gini and Jony Kids Boys Solid White Shorts,Shorts,Bottomwear,13293.jpg,Bottomwear,Bottomwear,0.9998915,OK
8093,ADIDAS Men Barricade Team White Sports Shoes,Sports Shoes,Shoes,8093.jpg,Shoes,Shoes,0.99984133,OK
18560,Catwalk Women Casual Blue Flats,Heels,Shoes,18560.jpg,Shoes,Sandal,0.5424569,ONE MODEL DISAGREES
28169,Ray-Ban Men Aviator Gold Sunglasses,Sunglasses,Eyewear,28169.jpg,Eyewear,Eyewear,0.99933594,OK
3802,Skechers Men's Navy Grey Shoe,Casual Shoes,Shoes,3802.jpg,Shoes,Shoes,0.96607155,OK
49356,Vans Men Beige Pritchard Shoes,Casual Shoes,Shoes,49356.jpg,Shoes,Shoes,0.9997979,OK
43662,ONLY Women Purple Top,Tops,Topwear,43662.jpg,Topwear,Topwear,0.9999956,OK
5599,Reebok Men's Trail Surpant Black Orange Shoe,Sandals,Sandal,5599.jpg,Shoes,Sandal,0.99034053,ONE MODEL DISAGREES
17043,Gas Men Skate 003 Casual Shoe,Casual Shoes,Shoes,17043.jpg,Shoes,Shoes,0.9904022,OK
44026,Boss Women Perfume,Perfume and Body Mist,Fragrance,44026.jpg,Fragrance,Fragrance,0.9999409,OK
17254,U.S. Polo Assn. Men Printed Tibetian Red Tshirt,Tshirts,Topwear,17254.jpg,Topwear,Topwear,0.9999933,OK
43948,Catwalk Women Gold Heels,Heels,Shoes,43948.jpg,Shoes,Shoes,0.99591607,OK
40662,Span Women Blue Kurta,Kurtas,Topwear,40662.jpg,Topwear,Topwear,0.9999969,OK
4831,ADIDAS Men's Black White Stripes Track Pant,Track Pants,Bottomwear,4831.jpg,Bottomwear,Bottomwear,0.9999945,OK
12077,W Women Printed Cream Kurtas,Kurtas,Topwear,12077.jpg,Topwear,Topwear,0.9999981,OK
27692,Murcia Women Beige Handbag,Handbags,Bags,27692.jpg,Bags,Bags,0.9999949,OK
17930,Nike Women Casual Black Track Pant,Track Pants,Bottomwear,17930.jpg,Bottomwear,Bottomwear,0.9999981,OK
15308,ADIDAS Men Galaxy Elite M Black Sports Shoes,Sports Shoes,Shoes,15308.jpg,Shoes,Shoes,0.9998915,OK
34633,Lotto Men Dolce Vita II Black Sports Shoes,Sports Shoes,Shoes,34633.jpg,Shoes,Shoes,0.9989188,OK
7809,Puma Men's Mid Evo Leather Black Shoe,Casual Shoes,Shoes,7809.jpg,Shoes,Shoes,0.9999621,OK
18734,Arrow Woman Bow Off White Top,Tops,Topwear,18734.jpg,Topwear,Topwear,0.99987125,OK
7423,W Women U Neck Sleeveless Red Kurta,Kurtas,Topwear,7423.jpg,Topwear,Topwear,0.99840575,OK
35807,Enroute Women Pink Flats,Heels,Shoes,35807.jpg,Shoes,Shoes,0.9997757,OK
53420,Alma Women Blue Printed Kurta,Kurtas,Topwear,53420.jpg,Topwear,Topwear,0.99972934,OK
1759,Lotto Men Epic Grey T-shirt,Tshirts,Topwear,1759.jpg,Topwear,Topwear,0.9996624,OK
34747,Puma Women Soleil Cat White Shoes,Casual Shoes,Shoes,34747.jpg,Shoes,Shoes,0.9984829,OK
14502,Flying Machine Men Black Casual Shoes,Casual Shoes,Shoes,14502.jpg,Shoes,Shoes,0.9982553,OK
16542,Basics Men Grey Slim Fit Checked Shirt,Shirts,Topwear,16542.jpg,Topwear,Topwear,0.99998796,OK
22773,BIBA Women Printed White Kurta,Kurtas,Topwear,22773.jpg,Topwear,Topwear,0.9997615,OK
51734,Allen Solly Women Sunglasses AH218-C1,Sunglasses,Eyewear,51734.jpg,Eyewear,Eyewear,0.99999726,OK
47035,Shree Women Printed Purple Kurta,Kurtas,Topwear,47035.jpg,Topwear,Topwear,0.99294794,OK
23577,Boss In Motion Men Perfume,Perfume and Body Mist,Fragrance,23577.jpg,Fragrance,Fragrance,0.99952936,OK
12052,Spykar Men White Polo T-Shirts,Tshirts,Topwear,12052.jpg,Topwear,Topwear,0.99999964,OK
37607,Madagascar3 Girls Sea Green Printed T-Shirt,Tshirts,Topwear,37607.jpg,Topwear,Topwear,0.99999917,OK
23373,Crusoe Men Navy Blue Skier Boxer Shorts,Boxers,Innerwear,23373.jpg,Bottomwear,Innerwear,0.9079536,ONE MODEL DISAGREES
20763,Carlton London Women Classy Black Sandals,Flats,Shoes,20763.jpg,Shoes,Shoes,0.9974796,OK
27004,Jealous 21 Women Washed Light Blue Jeggings,Jeggings,Bottomwear,27004.jpg,Bottomwear,Bottomwear,0.9999857,OK
35552,Enroute Teens Red Sandals,Sandals,Sandal,35552.jpg,Sandal,Sandal,0.9061756,OK
36485,Spinn Men Newport Black Shoes,Casual Shoes,Shoes,36485.jpg,Shoes,Shoes,0.9989336,OK
38333,Hannah Montana Girls Yellow Printed Tops,Tops,Topwear,38333.jpg,Topwear,Topwear,0.99957806,OK
3287,Guerrilla Men's Madagascar Blue T-shirt,Tshirts,Topwear,3287.jpg,Topwear,Topwear,0.99999917,OK
50740,Red Chief Men Black Formal Shoes,Formal Shoes,Shoes,50740.jpg,Shoes,Shoes,0.9999808,OK
47045,Shree Women Green & Purple Jodhpuri Salwar,Salwar,Bottomwear,47045.jpg,Bottomwear,Bottomwear,0.9999888,OK
19671,United Colors of Benetton Women Printed Olive T-shirt,Tshirts,Topwear,19671.jpg,Topwear,Topwear,0.9999949,OK
29018,ADIDAS Men Color Block Grey T-shirt,Tshirts,Topwear,29018.jpg,Topwear,Topwear,0.9763421,OK
4684,ADIDAS 3S Black Unisex Backpack,Backpacks,Bags,4684.jpg,Bags,Bags,1.0,OK
39567,Catwalk Women Blue Flats,Heels,Shoes,39567.jpg,Shoes,Shoes,0.62147343,OK
41661,Mark Taylor Men Blue Striped Shirt,Shirts,Topwear,41661.jpg,Topwear,Topwear,0.9999889,OK
19943,Nike Unisex Casual Black Backpack,Backpacks,Bags,19943.jpg,Bags,Bags,0.99999917,OK
16751,Spice Art Women Copper Leartherite Multi Clutch,Clutches,Bags,16751.jpg,Bags,Bags,0.53528774,OK
39286,Red Chief Men Tan Sandals,Sandals,Sandal,39286.jpg,Sandal,Sandal,0.99632156,OK
37484,Esprit Unisex White Dial Watch,Watches,Watches,37484.jpg,Watches,Watches,1.0,OK
53810,Ayaany Women Printed Cream Kurta,Kurtas,Topwear,53810.jpg,Topwear,Topwear,0.9991605,OK
35694,Nike Men Dunk Low Blue Shoes,Casual Shoes,Shoes,35694.jpg,Shoes,Shoes,0.99996483,OK
41910,Playboy Men New York Fragrance Gift Set,Fragrance Gift Set,Fragrance,41910.jpg,Fragrance,Fragrance,0.99999976,OK
26854,Calvin Klein Men Euphoria Perfume,Perfume and Body Mist,Fragrance,26854.jpg,Fragrance,Fragrance,0.9999757,OK
49033,Lucera Women Silver Ring,Ring,Jewellery,49033.jpg,Jewellery,Jewellery,0.9999962,OK
51403,Myntra Men Blue and White Check Shirt,Shirts,Topwear,51403.jpg,Topwear,Topwear,0.9999182,OK
33338,Homme Men Black Formal Shoes,Formal Shoes,Shoes,33338.jpg,Shoes,Shoes,0.96009475,OK
19605,United Colors Of Benetton Women Purple T-shirt,Tshirts,Topwear,19605.jpg,Topwear,Topwear,0.9999809,OK
58798,Highlander Men White Striped Shirt,Shirts,Topwear,58798.jpg,Topwear,Topwear,0.999551,OK
25698,Mumbai Slang Women Printed Brown Top,Tops,Topwear,25698.jpg,Topwear,Topwear,0.99998295,OK
21987,Murcia Women Casual Brown Handbag,Handbags,Bags,21987.jpg,Bags,Bags,1.0,OK
13138,iD Men Blue Casual Shoes,Casual Shoes,Shoes,13138.jpg,Shoes,Shoes,0.9983909,OK
53602,Q&Q Men Black Digital Watch M075J001Y,Watches,Watches,53602.jpg,Watches,Watches,0.99999976,OK
35554,Enroute Teens Pink Sandals,Sandals,Sandal,35554.jpg,Sandal,Shoes,0.5249307,ONE MODEL DISAGREES
26345,DKNY Women Black Dial Watch NY8312,Watches,Watches,26345.jpg,Watches,Watches,1.0,OK
3210,Tantra Women's Ornament Red T-shirt,Tshirts,Topwear,3210.jpg,Topwear,Topwear,0.9998995,OK
4074,Numero Uno Women Dark Blue Shoe,Casual Shoes,Shoes,4074.jpg,Shoes,Shoes,0.9999198,OK
2155,Basics Men Green & Black Polo T-shirt,Tshirts,Topwear,2155.jpg,Topwear,Topwear,0.9998815,OK
6327,UCB Men Ben Logo Chest White Shirt,Shirts,Topwear,6327.jpg,Topwear,Topwear,0.9993414,OK
27277,Mother Earth Women Blue Kurta,Kurtas,Topwear,27277.jpg,Topwear,Topwear,0.9999999,OK
22625,Nike Men Solid Black Sweater,Sweaters,Topwear,22625.jpg,Topwear,Topwear,0.99961436,OK
36451,Spinn Men Swift Black Sports Shoes,Sports Shoes,Shoes,36451.jpg,Shoes,Shoes,0.9993006,OK
38581,Nike Men Red T-shirt,Tshirts,Topwear,38581.jpg,Topwear,Topwear,0.9999794,OK
6713,Locomotive Men's Round Neck Navy Blue T-shirt,Tshirts,Topwear,6713.jpg,Topwear,Topwear,0.9997992,OK
41857,Bata Men Hummer Grey Sandals,Sandals,Sandal,41857.jpg,Sandal,Sandal,0.69278234,OK
8459,Jealous 21 Women Jelaous Cais Green Top Green Tops,Tops,Topwear,8459.jpg,Topwear,Topwear,0.9999521,OK
43055,Nike Men White FFF Football T-shirt,Tshirts,Topwear,43055.jpg,Topwear,Topwear,0.9981688,OK
25295,Lino Perros Women Sporty Purple Handbag,Handbags,Bags,25295.jpg,Bags,Bags,0.9999993,OK
28411,Idee Men Copper Sunglasses,Sunglasses,Eyewear,28411.jpg,Eyewear,Eyewear,0.99999964,OK
5677,Skechers Men's Ilets Resolute Charcolate Shoe,Casual Shoes,Shoes,5677.jpg,Shoes,Shoes,0.90839666,OK
36801,Maxima Men Black Ssteele Watch,Watches,Watches,36801.jpg,Watches,Watches,0.9999999,OK
47318,Baggit Women Pink Bunny Rosy Purse,Clutches,Bags,47318.jpg,Bags,Bags,0.9999132,OK
38186,Miami Blues Women Sunglasses,Sunglasses,Eyewear,38186.jpg,Eyewear,Eyewear,1.0,OK
26280,Proline Men White Printed T-shirt,Tshirts,Topwear,26280.jpg,Topwear,Topwear,0.9957508,OK
33844,Puma Men Future Cat Grey Shoes,Casual Shoes,Shoes,33844.jpg,Shoes,Shoes,0.999889,OK
4419,Wrangler Men's Striper Polo Navy Blue T-shirt,Tshirts,Topwear,4419.jpg,Topwear,Topwear,0.9999466,OK
9842,Classic Polo Men Ikon Red Polo Tshirts,Tshirts,Topwear,9842.jpg,Topwear,Topwear,0.9999888,OK
11940,Ganuchi Men Casual Black Sandals,Sandals,Sandal,11940.jpg,Sandal,Sandal,0.998428,OK
31214,Lotto Men Atlantica Black Sports Shoes,Sports Shoes,Shoes,31214.jpg,Shoes,Shoes,0.9961539,OK
29632,Indigo Nation Men Striped Purple Shirt,Shirts,Topwear,29632.jpg,Topwear,Topwear,0.9999658,OK
50607,Chromozome Men Charcoal Brief,Briefs,Innerwear,50607.jpg,Innerwear,Innerwear,0.99995863,OK
47183,Ganuchi Men Red Casual Shoes,Casual Shoes,Shoes,47183.jpg,Shoes,Shoes,0.999959,OK
46784,Love Passport A Bloom Women Perfume,Perfume and Body Mist,Fragrance,46784.jpg,Fragrance,Fragrance,0.99999726,OK
54649,Fastrack Women White Dial Watch N2166SM01,Watches,Watches,54649.jpg,Watches,Watches,0.99999523,OK
32350,Q&Q Men Black Dial Watch,Watches,Watches,32350.jpg,Watches,Watches,1.0,OK
23057,Arrow Sport Men Blue Striped T-shirt,Tshirts,Topwear,23057.jpg,Topwear,Topwear,0.99991155,OK
19807,U.S. Polo Assn. Men Solid White Tshirt,Tshirts,Topwear,19807.jpg,Topwear,Topwear,0.81526047,OK
12010,Mark Taylor Men Red Striped Shirt,Shirts,Topwear,12010.jpg,Topwear,Topwear,0.999788,OK
48704,Lucera Women Silver Earrings,Earrings,Jewellery,48704.jpg,Jewellery,Jewellery,0.99984896,OK
8685,Fastrack Women Sunglasses,Sunglasses,Eyewear,8685.jpg,Eyewear,Eyewear,0.9998715,OK
45848,Vishudh Women Lavender Kurta,Kurtas,Topwear,45848.jpg,Topwear,Topwear,0.9999577,OK
34903,Fabindia Printed Brown Dupatta,Dupatta,Topwear,34903.jpg,Topwear,Topwear,0.9991653,OK
57835,Lino Perros Women Brown Sling Bag,Handbags,Bags,57835.jpg,Bags,Bags,0.96657234,OK
3823,Crocs Unisex Crocband White Sandal,Sandals,Sandal,3823.jpg,Sandal,Sandal,0.6508357,OK
4728,Disney Kids Boy's Crew Sea Life Sialing Navy Teen Kidswear,Tshirts,Topwear,4728.jpg,Topwear,Topwear,0.9999362,OK
20365,United Colors of Benetton Women Solid Dark Brown Tights,Stockings,Bottomwear,20365.jpg,Bottomwear,Bottomwear,0.9999535,OK
24455,Nike Women Court Majestic White Shoes,Sports Shoes,Shoes,24455.jpg,Shoes,Shoes,0.99967694,OK
40433,Tonga Women Multi Colored Skirt,Skirts,Bottomwear,40433.jpg,Bottomwear,Bottomwear,0.99999225,OK
22838,Woodland Men Khaki Casual Shoes,Casual Shoes,Shoes,22838.jpg,Shoes,Shoes,0.99986327,OK
50171,Rocia Women Brown Wedges,Heels,Shoes,50171.jpg,Shoes,Shoes,0.99949634,OK
51410,Myntra Men White and Navy Blue Check Shirt,Shirts,Topwear,51410.jpg,Topwear,Topwear,0.9999949,OK
36487,Spinn Men Newport Brown Shoes,Casual Shoes,Shoes,36487.jpg,Shoes,Shoes,0.92604065,OK
45323,Cobblerz Women Teal Blue & Brown Wedges,Heels,Shoes,45323.jpg,Shoes,Shoes,0.99829215,OK
35650,U.S. Polo Assn. Men Black Formal Shoes,Formal Shoes,Shoes,35650.jpg,Shoes,Shoes,0.99757,OK
28500,Urban Yoga Men Grey Track Pants,Track Pants,Bottomwear,28500.jpg,Bottomwear,Bottomwear,0.99963546,OK
48219,United Colors of Benetton Women Brown Sunglass,Sunglasses,Eyewear,48219.jpg,Eyewear,Eyewear,0.9999945,OK
42892,French Connection Women Black Clutch,Clutches,Bags,42892.jpg,Bags,Bags,0.99999344,OK
12950,Basics Men White Slim Fit Checked Shirt,Shirts,Topwear,12950.jpg,Topwear,Topwear,0.9999522,OK
33387,Baggit Women Silver Glamarous Club Purse,Clutches,Bags,33387.jpg,Bags,Bags,0.99999774,OK
53589,Q&Q Men Black Dial Watch,Watches,Watches,53589.jpg,Watches,Watches,0.9999937,OK
22083,Vishudh Women Printed Green Kurta,Kurtas,Topwear,22083.jpg,Topwear,Topwear,0.99999976,OK
34005,Palm Tree Girls Purple Top,Tops,Topwear,34005.jpg,Topwear,Topwear,0.9971842,OK
13790,Proline Mens Solid Blue Polo Tshirt,Tshirts,Topwear,13790.jpg,Topwear,Topwear,0.9999238,OK
39013,FILA Men Silver Sports Shoes,Sports Shoes,Shoes,39013.jpg,Shoes,Shoes,0.9999558,OK
37952,Yelloe Women Mustard Box Clutch,Clutches,Bags,37952.jpg,Bags,Bags,0.9997228,OK
25321,Casio Edifice Men Chronograph Watch EF-550D-1AVDF(ED390),Watches,Watches,25321.jpg,Watches,Watches,1.0,OK
12994,ADIDAS Kids Boys Duramo Synthetic Black Sports Shoes,Sports Shoes,Shoes,12994.jpg,Shoes,Shoes,0.9999802,OK
18267,Aneri Women Navranga Multi Kurta,Kurtas,Topwear,18267.jpg,Topwear,Topwear,0.9998975,OK
48102,French Connection Women Red Striped Top,Tops,Topwear,48102.jpg,Topwear,Topwear,0.9999802,OK
29256,ADIDAS Men Duramo 4 M Black Sports Shoes,Sports Shoes,Shoes,29256.jpg,Shoes,Shoes,0.999329,OK
25765,Lino Perros Men Light Brown Suspenders,Suspenders,Topwear,25765.jpg,Topwear,Topwear,0.97879595,OK
19240,Puma Men Dazzle Blue Shorts,Shorts,Bottomwear,19240.jpg,Bottomwear,Bottomwear,0.9999713,OK
28830,Enamor Women Pack of 3 Briefs,Briefs,Innerwear,28830.jpg,Innerwear,Innerwear,0.9998272,OK
28437,DKNY Women White Dial Chronograph Watch NY8080,Watches,Watches,28437.jpg,Watches,Watches,1.0,OK
30112,Flying Machine Men Check Blue Shirt,Shirts,Topwear,30112.jpg,Topwear,Topwear,0.99998987,OK
26026,Slazenger Women Vitalize Perfume,Perfume and Body Mist,Fragrance,26026.jpg,Fragrance,Fragrance,0.9999566,OK
1973,Quechua Mens Brown T-shirt,Tshirts,Topwear,1973.jpg,Topwear,Topwear,0.9881208,OK
3339,Myntra Hero Within White T-shirt,Tshirts,Topwear,3339.jpg,Topwear,Topwear,0.9977482,OK
44940,Franco Leone Men Brown Makhani Formal Shoes,Formal Shoes,Shoes,44940.jpg,Shoes,Shoes,0.9998634,OK
21594,Kipsta Men Solid Black Jerseys,Tshirts,Topwear,21594.jpg,Topwear,Topwear,0.994756,OK
19749,Levi's Men Solid Green Tshirt,Tshirts,Topwear,19749.jpg,Topwear,Topwear,0.9991947,OK
21678,Fossil Men Silver-Toned Dial Chronograph Watch CH2686,Watches,Watches,21678.jpg,Watches,Watches,0.99999976,OK
17672,Catwalk Women Brown Pumps,Heels,Shoes,17672.jpg,Shoes,Shoes,0.9999863,OK
54615,Jockey ELANCE Men Blue Briefs 1010,Briefs,Innerwear,54615.jpg,Innerwear,Innerwear,0.9999628,OK
7454,Proline Men Navy Polo T-shirt,Tshirts,Topwear,7454.jpg,Topwear,Topwear,0.9997055,OK
23069,Arrow Sport Men Black Check Sweater,Sweaters,Topwear,23069.jpg,Topwear,Topwear,0.99999976,OK
46818,Catwalk Women Brown Flats,Heels,Shoes,46818.jpg,Shoes,Shoes,0.9304042,OK
38769,Gini and Jony Girls Printed Blue T-shirt,Tshirts,Topwear,38769.jpg,Topwear,Topwear,0.9999975,OK
37907,RNC Unisex Vetiver Perfume,Perfume and Body Mist,Fragrance,37907.jpg,Fragrance,Fragrance,0.9995396,OK
37744,John Players Men Stripes Blue Shirt,Shirts,Topwear,37744.jpg,Topwear,Topwear,0.99999,OK
34348,Myntra Men Purple T-shirt,Tshirts,Topwear,34348.jpg,Topwear,Topwear,0.9999927,OK
22197,Timberland Men Brown Casual Shoes,Casual Shoes,Shoes,22197.jpg,Shoes,Shoes,0.9991543,OK
9931,Basics Men Blue T-shirt,Tshirts,Topwear,9931.jpg,Topwear,Topwear,0.9998821,OK
41778,Remanika Women Blue Top,Tops,Topwear,41778.jpg,Topwear,Topwear,1.0,OK
2855,Mr.Men Men's Is There More Love Black T-shirt,Tshirts,Topwear,2855.jpg,Topwear,Topwear,0.9997588,OK
59929,Diva Women Multi Coloured Kurta,Kurtas,Topwear,59929.jpg,Topwear,Topwear,0.99836236,OK
30065,Ed Hardy Men Grey Dial Watch,Watches,Watches,30065.jpg,Watches,Watches,0.9999999,OK
6735,Puma Men Mid CVS Navy Blue Shoes,Casual Shoes,Shoes,6735.jpg,Shoes,Shoes,0.828792,OK
23603,Nike Fragrances Men Urban Musk Perfume 75 ml,Perfume and Body Mist,Fragrance,23603.jpg,Fragrance,Fragrance,0.9999995,OK
30801,Fabindia Men Striped Beige Shirt,Shirts,Topwear,30801.jpg,Topwear,Topwear,0.99617094,OK
29788,Basics Men Pack of 3 T-shirts,Tshirts,Topwear,29788.jpg,Topwear,Topwear,0.9950814,OK
8436,Jealous 21 Women Jealous Gaius Pink Top Pink Tops,Tops,Topwear,8436.jpg,Topwear,Topwear,0.9999957,OK
38503,Gini and Jony Girls Woven Blue Shorts,Shorts,Bottomwear,38503.jpg,Bottomwear,Bottomwear,0.9926277,OK
57195,Elle Women Olive Green Tunic,Tunics,Topwear,57195.jpg,Topwear,Topwear,0.99929917,OK
42133,Nike Men Dunk High Grey Shoes,Casual Shoes,Shoes,42133.jpg,Shoes,Shoes,0.9999938,OK
36803,Maxima Men Blue Dial Ssteele Watch,Watches,Watches,36803.jpg,Watches,Watches,0.99999964,OK
11914,Franco Leone Men Casual Black Sandals,Sandals,Sandal,11914.jpg,Sandal,Sandal,0.99263704,OK
46461,Timex Men Silver Dial Watch,Watches,Watches,46461.jpg,Watches,Watches,0.99999964,OK
14892,United Colors of Benetton Women Solid Blue Backpacks,Backpacks,Bags,14892.jpg,Bags,Bags,0.9999026,OK
26551,ID Men Black Shoes,Casual Shoes,Shoes,26551.jpg,Shoes,Shoes,0.999915,OK
33751,Vero Moda Women White & Pink Top,Tops,Topwear,33751.jpg,Topwear,Topwear,0.99994195,OK
35116,Allen Solly Woman Black Necklace,Necklace and Chains,Jewellery,35116.jpg,Jewellery,Jewellery,0.999972,OK
2219,ADIDAS Men's Black Shoe,Casual Shoes,Shoes,2219.jpg,Shoes,Shoes,0.99995804,OK
17468,Beyouty Women Julia BR 02 Black Bra,Bra,Innerwear,17468.jpg,Innerwear,Innerwear,0.99997294,OK
35710,Nike Men Free Trainer White Sports Shoes,Sports Shoes,Shoes,35710.jpg,Shoes,Shoes,0.9999125,OK
35707,Nike Men Renzo Black Shoes,Casual Shoes,Shoes,35707.jpg,Shoes,Shoes,0.99951446,OK
32542,Playboy Men New York Perfume,Perfume and Body Mist,Fragrance,32542.jpg,Fragrance,Fragrance,0.999977,OK
4408,DC Comics Men's Batman Logo Royal Blue T-shirt,Tshirts,Topwear,4408.jpg,Topwear,Topwear,0.9999999,OK
2562,Nabaiji Women Black Swimsuit,Swimwear,Bottomwear,2562.jpg,Bottomwear,Bottomwear,0.51070213,OK
26893,Jealous 21 Women Blue Top,Tops,Topwear,26893.jpg,Topwear,Topwear,0.99999857,OK
4249,Probase Men's Mirror On The Brown T-shirt,Tshirts,Topwear,4249.jpg,Topwear,Topwear,0.9997309,OK
4405,Nirvana Men's Shoulder Fade Black T-shirt,Tshirts,Topwear,4405.jpg,Topwear,Topwear,0.9998568,OK
14322,ADIDAS Men Solid Black Jackets,Jackets,Topwear,14322.jpg,Topwear,Topwear,0.9999958,OK
1842,Puma Men's Calibre Rubber Shoe,Sports Shoes,Shoes,1842.jpg,Shoes,Shoes,0.9997706,OK
22713,Nike Women Grey Air Max +2011 Sports Shoes,Sports Shoes,Shoes,22713.jpg,Shoes,Shoes,0.998684,OK
13967,Ed Hardy Men Printed Red Tshirts,Tshirts,Topwear,13967.jpg,Topwear,Topwear,0.9999567,OK
48237,United Colors of Benetton Men Sunglasses,Sunglasses,Eyewear,48237.jpg,Eyewear,Eyewear,0.99998796,OK
40969,Buckaroo Men Navy Blue Casual Shoes,Casual Shoes,Shoes,40969.jpg,Shoes,Shoes,0.9989334,OK
3756,Status Quo Men's Concerts Mulberry T-shirt,Tshirts,Topwear,3756.jpg,Topwear,Topwear,0.9990715,OK
22766,BIBA Women Solid Red Kurta,Kurtas,Topwear,22766.jpg,Topwear,Topwear,0.9999981,OK
8280,Mr.Men Men's Green Black T-shirt,Tshirts,Topwear,8280.jpg,Topwear,Topwear,0.9999697,OK
19567,United Colors of Benetton Men Striped White TShirt,Tshirts,Topwear,19567.jpg,Topwear,Topwear,0.9999808,OK
9240,Mark Taylor Men Light Grey Striped Shirt,Shirts,Topwear,9240.jpg,Topwear,Topwear,0.99981195,OK
16381,Peter England Men Stripes Navy Blue Trouser,Trousers,Bottomwear,16381.jpg,Bottomwear,Bottomwear,0.99999464,OK
53431,Alma Women Black Printed Kurta,Kurtas,Topwear,53431.jpg,Topwear,Topwear,0.9999732,OK
9964,Nike Women As Statement Blue T-Shirts,Tshirts,Topwear,9964.jpg,Topwear,Topwear,0.9999963,OK
4345,Fila Men's Mythos White Navy Shoe,Sports Shoes,Shoes,4345.jpg,Shoes,Shoes,0.9989785,OK
43883,Puma Women Black Flats,Flats,Shoes,43883.jpg,Shoes,Shoes,0.99840397,OK
34886,Envirosax Women Multi Coloured Bag,Handbags,Bags,34886.jpg,Bags,Topwear,0.7416636,ONE MODEL DISAGREES
21686,Fossil Men Grey Dial Chronograph Watch CH2781,Watches,Watches,21686.jpg,Watches,Watches,1.0,OK
38634,Nike Men Blue Cricket T-shirt,Tshirts,Topwear,38634.jpg,Topwear,Topwear,0.99998975,OK
36828,Vishudh Women Maroon Kurta,Kurtas,Topwear,36828.jpg,Topwear,Topwear,0.999997,OK
27292,Mother Earth Women Printed Navy Blue Kurta,Kurtas,Topwear,27292.jpg,Topwear,Topwear,0.9999658,OK
49765,Alma Women Black Printed Kurta,Kurtas,Topwear,49765.jpg,Topwear,Topwear,0.99999785,OK
25244,Lino Perros Women Casual Olive Handbags,Handbags,Bags,25244.jpg,Bags,Bags,0.9999999,OK
57413,Amante Women Burgundy Net Bikini Briefs PGTC01,Briefs,Innerwear,57413.jpg,Innerwear,Innerwear,0.9999598,OK
42884,French Connection Women Beige Clutch,Clutches,Bags,42884.jpg,Bags,Bags,0.99345607,OK
43650,ONLY Women Blue Top,Tops,Topwear,43650.jpg,Topwear,Topwear,0.99970263,OK
5537,Nike Men's Free Black White Shoe,Sports Shoes,Shoes,5537.jpg,Shoes,Shoes,0.99976856,OK
59699,Avirate Black Bra,Bra,Innerwear,59699.jpg,Innerwear,Innerwear,0.99995196,OK
9343,Puma Men Chino Brown Shorts,Shorts,Bottomwear,9343.jpg,Bottomwear,Bottomwear,0.9979929,OK
34424,Myntra Men Green Planet Orange T-shirt,Tshirts,Topwear,34424.jpg,Topwear,Topwear,0.9999455,OK
12534,Puma Men Printed Grey Sweatshirts,Sweatshirts,Topwear,12534.jpg,Topwear,Topwear,0.9999393,OK
40594,Aurelia Women Rust Kurti,Kurtis,Topwear,40594.jpg,Topwear,Topwear,0.9999938,OK
24361,Folklore Women Blue Printed Kurta,Kurtas,Topwear,24361.jpg,Topwear,Topwear,0.9999907,OK
5588,ADIDAS Men's Kestrel Navy Blue Shoe,Sports Shoes,Shoes,5588.jpg,Shoes,Shoes,0.99994314,OK
5974,Locomotive Men Green Black White Checked Shirt,Shirts,Topwear,5974.jpg,Topwear,Topwear,0.99996674,OK
18675,Fila Men Survivor White Sports Shoes,Sports Shoes,Shoes,18675.jpg,Shoes,Shoes,0.9997255,OK
4570,Nike Women Iza Black Shoe,Sports Shoes,Shoes,4570.jpg,Shoes,Shoes,0.9949645,OK
44982,Maxima Women White Dial Watch,Watches,Watches,44982.jpg,Watches,Watches,0.9999914,OK
4906,Palm Tree Girl's Belen Pedal Pusher Kidswear,Capris,Bottomwear,4906.jpg,Bottomwear,Bottomwear,0.99999845,OK
26180,Rocia Women Gold Casual Sandals,Sandals,Sandal,26180.jpg,Shoes,Shoes,0.9929872,LIKELY MISLABEL
7256,Rockport Men Middle Field Brown Floater,Sandals,Sandal,7256.jpg,Sandal,Sandal,0.55233747,OK
43797,Royal Diadem Red Earrings,Earrings,Jewellery,43797.jpg,Jewellery,Jewellery,0.999974,OK
33361,Homme Men Black Formal Shoes,Formal Shoes,Shoes,33361.jpg,Shoes,Shoes,0.9998254,OK
28348,I Dee Men Sunglasses,Sunglasses,Eyewear,28348.jpg,Eyewear,Eyewear,0.9999987,OK
5499,Mr.Men Men's Mr. Happy Black T-shirt,Tshirts,Topwear,5499.jpg,Topwear,Topwear,0.99998915,OK
29242,ADIDAS Men Zephyral Black Sandals,Sandals,Sandal,29242.jpg,Sandal,Sandal,0.99940205,OK
33926,Citizen Women White Dial Watch,Watches,Watches,33926.jpg,Watches,Watches,0.9999161,OK
40171,Fastrack Men Black UV Protected Sporty Wrap Sunglasses,Sunglasses,Eyewear,40171.jpg,Eyewear,Eyewear,0.9999249,OK
10414,United Colors of Benetton Women Solid Purple T-shirt,Tshirts,Topwear,10414.jpg,Topwear,Topwear,0.99949145,OK
21345,Pal Zileri Men Casual Copper Frame Sunglasses,Sunglasses,Eyewear,21345.jpg,Eyewear,Eyewear,0.99999857,OK
46627,Rasasi Women Chastity Deo and Perfume Set,Deodorant,Fragrance,46627.jpg,Fragrance,Fragrance,0.99995697,OK
26848,Calvin Klein Unisex One Perfume,Perfume and Body Mist,Fragrance,26848.jpg,Fragrance,Fragrance,0.99946266,OK
1536,Puma Men Black Net Jersey,Tshirts,Topwear,1536.jpg,Topwear,Topwear,0.9974137,OK
23785,Oakley Women Black Beckon Sunglasses,Sunglasses,Eyewear,23785.jpg,Eyewear,Eyewear,0.9999167,OK
53128,Catwalk Women Black Heels,Heels,Shoes,53128.jpg,Shoes,Shoes,0.9998646,OK
54872,Ivory Tag Women Charming Turquiose and Yellow Necklace,Necklace and Chains,Jewellery,54872.jpg,Jewellery,Jewellery,0.9999962,OK
15285,Fila Men Tenet White Sports Shoes,Sports Shoes,Shoes,15285.jpg,Shoes,Shoes,0.9988996,OK
41847,ADIDAS Unisex Black Graphic Bag,Messenger Bag,Bags,41847.jpg,Bags,Bags,0.99999917,OK
50595,Chromozome Men Grey Briefs,Briefs,Innerwear,50595.jpg,Innerwear,Innerwear,0.99934834,OK
35683,U.S. Polo Assn. Men Black Shoes,Casual Shoes,Shoes,35683.jpg,Shoes,Shoes,0.9993432,OK
37906,RNC Unisex Fraiche Perfume,Perfume and Body Mist,Fragrance,37906.jpg,Fragrance,Fragrance,0.9999908,OK
44909,Puma Men Grey and White Striped Polo neck T-shirt,Tshirts,Topwear,44909.jpg,Topwear,Topwear,0.9993261,OK
22168,Timberland Men Brown Casual Shoes,Casual Shoes,Shoes,22168.jpg,Shoes,Shoes,0.99993944,OK
18383,Undercolors of Benetton Men Racer White Innerwear Vest,Innerwear Vests,Innerwear,18383.jpg,Innerwear,Innerwear,0.99856037,OK
5662,Tantra Men's Absolut Bangalore Mustard T-shirt,Tshirts,Topwear,5662.jpg,Topwear,Topwear,0.983204,OK
27743,Murcia Women Black Sling bag,Handbags,Bags,27743.jpg,Bags,Bags,0.9999999,OK
37930,Mineral Women Brown Skirt,Skirts,Bottomwear,37930.jpg,Bottomwear,Bottomwear,0.9969434,OK
16785,ADIDAS Originals Unisex Green Dial Watch ADH2545,Watches,Watches,16785.jpg,Watches,Watches,0.9999975,OK
10517,New Balance MC900 Men Others Tennis White Sports Shoes,Sports Shoes,Shoes,10517.jpg,Shoes,Shoes,0.98949814,OK
35184,Wildcraft Unisex Blue Backpack,Backpacks,Bags,35184.jpg,Bags,Bags,1.0,OK
3888,Wrangler Men's Racing Big Print Grey T-shirt,Tshirts,Topwear,3888.jpg,Topwear,Topwear,0.9999602,OK
49067,Lino Perros Women Olive Handbag,Handbags,Bags,49067.jpg,Bags,Bags,0.9999838,OK
32849,Grendha Women Roamance Brown Flats,Heels,Shoes,32849.jpg,Shoes,Shoes,0.9800946,OK
47003,Shree Women Printed White & Yellow Kurta,Kurtas,Topwear,47003.jpg,Topwear,Topwear,0.99979407,OK
33110,Catwalk Women Black Peep Toes,Heels,Shoes,33110.jpg,Shoes,Shoes,0.9710694,OK
34332,Myntra Men Purple T-shirt,Tshirts,Topwear,34332.jpg,Topwear,Topwear,0.9999881,OK
58674,ALayna Women Pink Kurta,Kurtas,Topwear,58674.jpg,Topwear,Topwear,0.9999838,OK
39857,Gini And Jony Boys Printed Yellow T-Shirt,Tshirts,Topwear,39857.jpg,Topwear,Topwear,0.99888355,OK
28170,Ray-Ban Men Aviator Sunglasses,Sunglasses,Eyewear,28170.jpg,Eyewear,Eyewear,0.99916315,OK
36433,Spinn Men Conniver Black Shoes,Casual Shoes,Shoes,36433.jpg,Shoes,Shoes,0.9994129,OK
28999,Status Quo Men Printed Red T-shirt,Tshirts,Topwear,28999.jpg,Topwear,Topwear,0.99997246,OK
9652,Indigo Nation Men Bling Black Shirts,Shirts,Topwear,9652.jpg,Topwear,Topwear,0.9999262,OK
35885,Jungle Book Boys Yee-Ha! White T-shirt,Tshirts,Topwear,35885.jpg,Topwear,Topwear,0.9999366,OK
30106,Flying Machine Men Navy Blue Shirt,Shirts,Topwear,30106.jpg,Topwear,Topwear,0.97371,OK
4928,Gini and Jony Girl's Venice Green Blue Infant Kidswear,Tops,Topwear,4928.jpg,Topwear,Topwear,0.9408446,OK
5185,Dark Knight Men's Crew Black T-shirt,Tshirts,Topwear,5185.jpg,Topwear,Topwear,0.99997735,OK
25999,Paris Hilton Women Heiress Perfume,Perfume and Body Mist,Fragrance,25999.jpg,Fragrance,Fragrance,0.9999995,OK
2689,Inkfruit Women Happy Dolphin Purple T-shirt,Tshirts,Topwear,2689.jpg,Topwear,Topwear,0.9999685,OK
4648,ADIDAS Men Neo Feather Brown Sandal,Sandals,Sandal,4648.jpg,Sandal,Sandal,0.9734159,OK
16708,Fila Men Striper Pique White Tshirt,Tshirts,Topwear,16708.jpg,Topwear,Topwear,0.9983518,OK
36473,Aurelia Women Dobby Pink Kurta,Kurtas,Topwear,36473.jpg,Topwear,Topwear,0.9999926,OK
4422,Wrangler Men's Blues Printed Polo White T-shirt,Tshirts,Topwear,4422.jpg,Topwear,Topwear,0.9998871,OK
3670,Fila Men's Racing White Red Shoe,Casual Shoes,Shoes,3670.jpg,Shoes,Shoes,0.9987739,OK
7870,Proline Men Purple Polo T-shirt,Tshirts,Topwear,7870.jpg,Topwear,Topwear,0.9989441,OK
3786,Basics Men Navy & Green Striped Polo T-shirt,Tshirts,Topwear,3786.jpg,Topwear,Topwear,0.99932265,OK
27082,Catwalk Women Brown Flats,Heels,Shoes,27082.jpg,Shoes,Shoes,0.54529244,OK
43177,Fastrack Men Black Dial Watch,Watches,Watches,43177.jpg,Watches,Watches,0.9999994,OK
31018,Arrow Men Striped Navy Blue Trousers,Trousers,Bottomwear,31018.jpg,Bottomwear,Bottomwear,0.9985885,OK
27590,Scullers Men White & Blue T-shirt,Tshirts,Topwear,27590.jpg,Topwear,Topwear,0.9999999,OK
54072,ADIDAS Men Blue Adipower Predator HG Sports Shoes,Sports Shoes,Shoes,54072.jpg,Shoes,Shoes,0.9977617,OK
29315,ADIDAS Unisex Clima Graphic Blue Backpack,Backpacks,Bags,29315.jpg,Bags,Bags,0.9999924,OK
6401,Lotto Men Laos Grey Floater,Sandals,Sandal,6401.jpg,Sandal,Sandal,0.770097,OK
24305,ADIDAS White & Navy Blue Tracksuit,Tracksuits,Bottomwear,24305.jpg,Bottomwear,Bottomwear,0.9991716,OK
59043,Carlton London Women Black Heels,Heels,Shoes,59043.jpg,Shoes,Shoes,0.9999931,OK
47046,Shree Women Green Jodhpuri Salwar,Salwar,Bottomwear,47046.jpg,Bottomwear,Bottomwear,0.99997807,OK
41876,Estd. 1977 Men Beige & Black Sandals,Sandals,Sandal,41876.jpg,Sandal,Sandal,0.98061186,OK
31063,Fabindia Women Pink Silk Dupatta,Dupatta,Topwear,31063.jpg,Topwear,Topwear,0.99535996,OK
7379,Red Tape Men's Blk Casual Black Shoe,Casual Shoes,Shoes,7379.jpg,Shoes,Shoes,0.99989736,OK
5558,Reebok Men Lifestyle Green T-shirt,Tshirts,Topwear,5558.jpg,Topwear,Topwear,0.9999901,OK
37802,John Players Men Solid White Shirt,Shirts,Topwear,37802.jpg,Topwear,Topwear,0.9991177,OK
11129,Urban Yoga Men Solid Blue Track Pants,Track Pants,Bottomwear,11129.jpg,Bottomwear,Bottomwear,0.99999905,OK
7180,Jealous 21 Women Zipped Ankle Shimmer Blue Jeans,Jeans,Bottomwear,7180.jpg,Bottomwear,Bottomwear,0.99987733,OK
33257,Gini and Jony Girls Printed Yellow Top,Tops,Topwear,33257.jpg,Topwear,Topwear,0.999819,OK
4876,Levis Kids Boy's Dean White Black Teens Kidswear,Tshirts,Topwear,4876.jpg,Topwear,Topwear,0.9611918,OK
40533,Titan Women White Dial Watch,Watches,Watches,40533.jpg,Watches,Watches,0.99999917,OK
28543,Nike Men Bold Stripe Grey T-shirt,Tshirts,Topwear,28543.jpg,Topwear,Topwear,0.999876,OK
43769,Royal Diadem Purple Earrings,Earrings,Jewellery,43769.jpg,Jewellery,Jewellery,1.0,OK
41713,Catwalk Women Orange Wedges,Heels,Shoes,41713.jpg,Shoes,Shoes,0.9998903,OK
49597,Catwalk Women Brown Flats,Heels,Shoes,49597.jpg,Shoes,Shoes,0.83640546,OK
7070,Timberland Men's Cycling Pod Chino Khaki Pant,Track Pants,Bottomwear,7070.jpg,Bottomwear,Bottomwear,0.9974438,OK
7610,Wrangler Men Chocolate Canvas Bag,Messenger Bag,Bags,7610.jpg,Bags,Bags,0.9999994,OK
10225,Murcia Women Hahk Beige Handbags,Handbags,Bags,10225.jpg,Bags,Bags,0.9999987,OK
38779,Woodland Men Brown Shoes,Casual Shoes,Shoes,38779.jpg,Shoes,Shoes,0.99992335,OK
32304,Q&Q Women White Dial Watch,Watches,Watches,32304.jpg,Watches,Watches,1.0,OK
44448,Gliders Men Black Sandals,Sandals,Sandal,44448.jpg,Sandal,Sandal,0.9975973,OK
3241,Puma Men Route Ducati Black Shoe,Sports Shoes,Shoes,3241.jpg,Shoes,Shoes,0.999995,OK
18551,Catwalk Women  Brown Casual Shoe,Flats,Shoes,18551.jpg,Shoes,Shoes,0.8198558,OK
57348,Amante Black Push-Up Bra BGMW01,Bra,Innerwear,57348.jpg,Innerwear,Innerwear,0.9994698,OK
53759,Puma Men Grey T-shirt,Tshirts,Topwear,53759.jpg,Topwear,Topwear,0.99976665,OK
34769,Be For Bag Women Zoli White & Red Bag,Handbags,Bags,34769.jpg,Bags,Bags,0.9854333,OK
8986,Puma Men Bluebird Red Shoe,Casual Shoes,Shoes,8986.jpg,Shoes,Shoes,0.9999658,OK
22373,Mark Taylor Men Red Striped White Shirt,Shirts,Topwear,22373.jpg,Topwear,Topwear,0.99952567,OK
47012,Shree Women Green Kurta,Kurtas,Topwear,47012.jpg,Topwear,Topwear,0.99993587,OK
8891,John Miller Men Check Black Shirts,Shirts,Topwear,8891.jpg,Topwear,Topwear,0.99998856,OK
13952,United Colors of Benetton Women Stripes White Tops,Tops,Topwear,13952.jpg,Topwear,Topwear,0.99999106,OK
16125,ADIDAS Women Blue Polo TShirt,Tshirts,Topwear,16125.jpg,Topwear,Topwear,0.99999654,OK
27470,Jockey Beige Camisole,Camisoles,Innerwear,27470.jpg,Innerwear,Innerwear,0.9945404,OK
3974,Jealous 21 Women Blue Tunic With Butterfly Top,Tops,Topwear,3974.jpg,Topwear,Topwear,0.99981064,OK
53849,Vishudh Women Black Printed Kurta,Kurtas,Topwear,53849.jpg,Topwear,Topwear,0.99983,OK
6341,Converse Unisex Cyclone Print Ox Orange Shoe,Casual Shoes,Shoes,6341.jpg,Shoes,Shoes,0.99909246,OK
14932,Status Quo Men Check Black Shorts,Shorts,Bottomwear,14932.jpg,Bottomwear,Bottomwear,0.99954104,OK
19818,U.S. Polo Assn. Men Solid Green Sweatshirt,Sweatshirts,Topwear,19818.jpg,Topwear,Topwear,0.99898285,OK
39852,Gini and Jony Girls Printed Blue Top,Tops,Topwear,39852.jpg,Topwear,Topwear,0.99486417,OK
15802,Facit Men Trophy BKN Black Briefs,Briefs,Innerwear,15802.jpg,Innerwear,Innerwear,0.99995434,OK
53863,Vishudh Women Green Printed Kurta,Kurtas,Topwear,53863.jpg,Topwear,Topwear,0.99999976,OK
29309,Wrangler Men Bull Rider Grey T-shirt,Tshirts,Topwear,29309.jpg,Topwear,Topwear,0.9921693,OK
3578,ADIDAS Men Black Cherokee Sports Sandals,Sports Sandals,Sandal,3578.jpg,Sandal,Sandal,0.9991835,OK
5671,Tantra Men's Autorikshaw White T-shirt,Tshirts,Topwear,5671.jpg,Topwear,Topwear,0.9999819,OK
50039,Hanes Women Nude Concealing Petals Wirefree Moulded Bra,Bra,Innerwear,50039.jpg,Innerwear,Innerwear,0.99999297,OK
14493,Flying Machine Men Casual Green Casual Shoes,Casual Shoes,Shoes,14493.jpg,Shoes,Shoes,0.999859,OK
9445,John Miller Men Purple shimmer Shirts,Shirts,Topwear,9445.jpg,Topwear,Topwear,0.9999918,OK
47600,Portia Women Maroon Flats,Flats,Shoes,47600.jpg,Shoes,Shoes,0.99436545,OK
29835,Basics Men Brown Checked Slim Fit Shirt,Shirts,Topwear,29835.jpg,Topwear,Topwear,0.9999956,OK
14447,Enroute Women Casual  Coral Red Casual Shoes,Casual Shoes,Shoes,14447.jpg,Shoes,Shoes,0.9973349,OK
3990,Mr.Men Men's Surfer Blue T-shirt,Tshirts,Topwear,3990.jpg,Topwear,Topwear,0.9944501,OK
31863,Titan Men Chronograph Blue Dial Watch,Watches,Watches,31863.jpg,Watches,Watches,0.99999964,OK
38039,Q&Q Men Silver Dial Watch,Watches,Watches,38039.jpg,Watches,Watches,1.0,OK
11015,Wrangler Women Kangroo Pocket Purple Tunics,Tunics,Topwear,11015.jpg,Topwear,Topwear,0.99999857,OK
28874,BIBA Women Printed Blue Kurta,Kurtas,Topwear,28874.jpg,Topwear,Topwear,0.99999976,OK
13078,Numero Uno Men White Casual Shoes,Casual Shoes,Shoes,13078.jpg,Shoes,Shoes,0.99999917,OK
7449,Proline Men Blue Polo T-shirt,Tshirts,Topwear,7449.jpg,Topwear,Topwear,0.9999684,OK
12993,ADIDAS Kids Adispeed Black Sports Shoes,Sports Shoes,Shoes,12993.jpg,Shoes,Shoes,0.73253226,OK
47284,Myntra Women Pack of 3 T-shirts,Tshirts,Topwear,47284.jpg,Topwear,Topwear,0.9998217,OK
14815,United Colors of Benetton Women Solid Lavender Handbags,Handbags,Bags,14815.jpg,Bags,Bags,0.99999464,OK
38051,Q&Q Men Black Digital Watch M124J001Y,Watches,Watches,38051.jpg,Watches,Watches,0.9999925,OK
51382,Myntra Men Beige Shorts,Shorts,Bottomwear,51382.jpg,Bottomwear,Bottomwear,0.9947588,OK
24699,Puma Men Cell Tolero Black Sports Shoes,Sports Shoes,Shoes,24699.jpg,Shoes,Shoes,0.9990232,OK
17999,Puma Men Grey Track Pants,Track Pants,Bottomwear,17999.jpg,Bottomwear,Bottomwear,0.9986946,OK
12947,Basics Men Blue Striped T-shirt,Tshirts,Topwear,12947.jpg,Topwear,Topwear,0.9999995,OK
4394,Free Authority Men's Panda Cigar Grey T-shirt,Tshirts,Topwear,4394.jpg,Topwear,Topwear,0.9982546,OK
41029,Nautica Brown Dial Watch,Watches,Watches,41029.jpg,Watches,Watches,1.0,OK
11260,Palm Tree Kids Girl Sp Jace Sko Green Skirts,Skirts,Bottomwear,11260.jpg,Bottomwear,Bottomwear,0.99779785,OK
10637,Carlton London Men Formal Black Formal Shoes,Formal Shoes,Shoes,10637.jpg,Shoes,Shoes,0.99983096,OK
58821,FCUK Men Brown Dial Watch FC1079STGN,Watches,Watches,58821.jpg,Watches,Watches,1.0,OK
40501,Titan Men White Dial Watch,Watches,Watches,40501.jpg,Watches,Watches,0.9999975,OK
46254,Fusion Beats Women Dark Pink Tunic,Tunics,Topwear,46254.jpg,Topwear,Topwear,0.9999496,OK
8899,Indigo Nation Men Bling Red Shirts,Shirts,Topwear,8899.jpg,Topwear,Topwear,0.99974364,OK
23159,Mark Taylor Men Charcoal Printed T-shirt,Tshirts,Topwear,23159.jpg,Topwear,Topwear,0.9999883,OK
54866,Ivory Tag Women Swirling Stone Multicolour Necklace,Necklace and Chains,Jewellery,54866.jpg,Jewellery,Jewellery,0.9999908,OK
8156,Highlander Men Blue Checked Haig Slim Fit Shirt,Shirts,Topwear,8156.jpg,Topwear,Topwear,0.99999976,OK
12275,Genesis Navy Casual Shirt,Shirts,Topwear,12275.jpg,Topwear,Topwear,0.9999378,OK
52325,ToniQ Women Orange Bangle,Bangle,Jewellery,52325.jpg,Jewellery,Jewellery,0.95616245,OK
45781,Remanika Women Black and White Top,Tops,Topwear,45781.jpg,Topwear,Topwear,0.99994314,OK
5326,Fila Men's Fitness Hiker Brown Shoe,Casual Shoes,Shoes,5326.jpg,Shoes,Shoes,0.9998118,OK
39414,U.S. Polo Assn. Men Blue & White Checked Tailored Fit Smart Casual Shirt,Shirts,Topwear,39414.jpg,Topwear,Topwear,0.99976796,OK
23677,Red Tape Men Cross Band Brown Sandals,Sandals,Sandal,23677.jpg,Sandal,Sandal,0.99778277,OK
50726,Red Chief Men Brown Formal Shoes,Formal Shoes,Shoes,50726.jpg,Shoes,Shoes,0.9998635,OK
5462,Nike Men's Air Trail Ridge Black Shoe,Sports Shoes,Shoes,5462.jpg,Shoes,Shoes,0.9996854,OK
5210,Marvel Men's 70 Years Of Marvel Red T-shirt,Tshirts,Topwear,5210.jpg,Topwear,Topwear,0.99978846,OK
48403,French Connection Men Grey T-shirt,Tshirts,Topwear,48403.jpg,Topwear,Topwear,0.9776995,OK
55657,Catwalk Women Golden Wedges,Heels,Shoes,55657.jpg,Shoes,Shoes,0.99995327,OK
54729,Vans Men Black Sk8-Hi Shoes,Casual Shoes,Shoes,54729.jpg,Shoes,Shoes,0.9999943,OK
18935,Levi's Men Graphic Print Blue Tshirt,Tshirts,Topwear,18935.jpg,Topwear,Topwear,0.9995777,OK
44927,Jack & Jones Men Grey T-shirt,Tshirts,Topwear,44927.jpg,Topwear,Topwear,0.9989084,OK
21410,Locomotive Men Printed Black T-shirt,Tshirts,Topwear,21410.jpg,Topwear,Topwear,0.9834992,OK
23703,Ray-Ban Men Shiny Hawana Black Sunglasses,Sunglasses,Eyewear,23703.jpg,Eyewear,Eyewear,0.9999999,OK
11552,W Women Printed White Kurtas,Kurtas,Topwear,11552.jpg,Topwear,Topwear,0.9999927,OK
5149,Wrangler Women's Sequin White T-shirt,Tshirts,Topwear,5149.jpg,Topwear,Topwear,0.99980825,OK
38149,Wildcraft Women Printed Green T-shirt,Tshirts,Topwear,38149.jpg,Topwear,Topwear,1.0,OK
45911,Maxima Women Black Dial Watch,Watches,Watches,45911.jpg,Watches,Watches,0.9884748,OK
56862,HM Women Brown Flats,Heels,Shoes,56862.jpg,Shoes,Shoes,0.9966569,OK
14573,Vans Men Chukka Low Grey Casual Shoes,Casual Shoes,Shoes,14573.jpg,Shoes,Shoes,0.9997439,OK
24249,Numero Uno Men Black Casual Shoes,Casual Shoes,Shoes,24249.jpg,Shoes,Shoes,0.9999927,OK
23255,Arrow Men Formal Black Shoes,Formal Shoes,Shoes,23255.jpg,Shoes,Shoes,0.9989692,OK
53525,Amante Red Striped Push-Up Bra BGSR11,Bra,Innerwear,53525.jpg,Innerwear,Innerwear,0.99996614,OK
57266,Murcia Women Maroon Handbag,Handbags,Bags,57266.jpg,Bags,Bags,1.0,OK
52836,Adrika Women Red & Gold Earrings,Earrings,Jewellery,52836.jpg,Jewellery,Jewellery,0.99916685,OK
7936,Puma Men's Glitch Music TV White T-shirt,Tshirts,Topwear,7936.jpg,Topwear,Topwear,0.99968386,OK
39511,Peter England Unisex Orange Backpack,Backpacks,Bags,39511.jpg,Bags,Bags,0.99991465,OK
20618,Baggit Women Chika Mayur Green Mobile Pouch,Mobile Pouch,Bags,20618.jpg,Bags,Bags,0.9996896,OK
10376,United Colors of Benetton Men Printed Blue Tshirts,Tshirts,Topwear,10376.jpg,Topwear,Topwear,0.9998342,OK
45892,Maxima Men Silver Dial Watch,Watches,Watches,45892.jpg,Watches,Watches,1.0,OK
16925,Spykar Men Stripes Navy Blue Sweaters,Sweaters,Topwear,16925.jpg,Topwear,Topwear,0.9999616,OK
28846,Proline Men Maroon T-shirt,Tshirts,Topwear,28846.jpg,Topwear,Topwear,0.99999106,OK
31855,Titan Men White Dial Watch,Watches,Watches,31855.jpg,Watches,Watches,1.0,OK
2025,ADIDAS Mens Full Grey T-shirt,Tshirts,Topwear,2025.jpg,Topwear,Topwear,0.9997931,OK
28630,Nike Men Pintuck Grey Track Pants,Track Pants,Bottomwear,28630.jpg,Bottomwear,Bottomwear,0.9999989,OK
20631,Wrangler Men Flag Green Sweater,Sweaters,Topwear,20631.jpg,Topwear,Topwear,0.99544454,OK
38643,Nike Men Cricket White Polo T-shirt,Tshirts,Topwear,38643.jpg,Topwear,Topwear,0.9999578,OK
26332,DKNY Women White Dial Watch NY4716,Watches,Watches,26332.jpg,Watches,Watches,0.99999774,OK
4743,Numero Uno Women Dna Red Shoe,Casual Shoes,Shoes,4743.jpg,Shoes,Shoes,0.99970347,OK
11869,Franco Leone Men Formal Black Formal Shoes,Formal Shoes,Shoes,11869.jpg,Shoes,Shoes,0.99999166,OK
20814,Redtape Men Sporty Look White Casual Shoe,Casual Shoes,Shoes,20814.jpg,Shoes,Shoes,0.9999732,OK
33422,Baggit Women Doodle Jhuti Brown Handbag,Handbags,Bags,33422.jpg,Bags,Bags,0.9998859,OK
15924,ADIDAS Unisex Ecb Black Backpack,Backpacks,Bags,15924.jpg,Bags,Bags,1.0,OK
26426,Spice Art Women Leatherette Bronze Handbag,Handbags,Bags,26426.jpg,Bags,Bags,0.99999774,OK
19716,United Colors of Benetton Men Solid Blue Shirt,Shirts,Topwear,19716.jpg,Topwear,Topwear,0.9999887,OK
3279,Guerrilla Men's Vintage Grey T-shirt,Tshirts,Topwear,3279.jpg,Topwear,Topwear,0.9997787,OK
10012,Nike Men's Breakli Navy Blue Track Pants,Track Pants,Bottomwear,10012.jpg,Bottomwear,Bottomwear,0.99996257,OK
10071,Puma Women bling blink tee White Tshirts,Tshirts,Topwear,10071.jpg,Topwear,Topwear,0.99419785,OK
7020,Classic Polo Men's Combo Pack of 2 Black And White T-shirt,Tshirts,Topwear,7020.jpg,Topwear,Topwear,0.99454874,OK
3203,Tantra Men's Who Are You Red T-shirt,Tshirts,Topwear,3203.jpg,Topwear,Topwear,0.99999917,OK
15677,Highlander Men Classic Chinos Beige Trousers,Trousers,Bottomwear,15677.jpg,Bottomwear,Bottomwear,0.99968755,OK
51316,Wildcraft Unisex Grey Backpack,Backpacks,Bags,51316.jpg,Bags,Bags,1.0,OK
38047,Q&Q Men Black Dial Watch,Watches,Watches,38047.jpg,Watches,Watches,0.9999945,OK
24185,Converse Unisex Contrast Oxford Black Casual Shoes,Casual Shoes,Shoes,24185.jpg,Shoes,Shoes,0.9992318,OK
48501,French Connection Women Off White Top,Tops,Topwear,48501.jpg,Topwear,Topwear,0.9993587,OK
43099,Reebok Men Pack of 3 Deos,Deodorant,Fragrance,43099.jpg,Fragrance,Fragrance,0.9999026,OK
25987,J.Del Pozo Halloween Kiss Eau De Toilette 100 ml,Perfume and Body Mist,Fragrance,25987.jpg,Fragrance,Fragrance,0.99943537,OK
17175,U.S. Polo Assn. Men Checks Grey Shirt,Shirts,Topwear,17175.jpg,Topwear,Topwear,0.99998856,OK
27320,ADIDAS Women Free Emotion Perfume,Perfume and Body Mist,Fragrance,27320.jpg,Fragrance,Fragrance,0.99525887,OK
33331,Arrow New York Men Pink Slim Fit Shirt,Shirts,Topwear,33331.jpg,Topwear,Topwear,0.999308,OK
16216,Puma Men Lifestyle  Grey Track Pant,Track Pants,Bottomwear,16216.jpg,Bottomwear,Bottomwear,0.99993527,OK
9199,Puma Women Trekkies Ska Target Oc White Casual Shoes,Casual Shoes,Shoes,9199.jpg,Shoes,Shoes,0.99985313,OK
16282,Superman Men White Sweatshirt,Sweatshirts,Topwear,16282.jpg,Topwear,Topwear,0.9999218,OK
24579,Lee Men Benten Blue T-shirt,Tshirts,Topwear,24579.jpg,Topwear,Topwear,0.9998996,OK
59070,Peri Peri Women Black Bra,Bra,Innerwear,59070.jpg,Innerwear,Innerwear,0.9993279,OK
17575,Mark Taylor Men Pink & Black Striped Shirt,Shirts,Topwear,17575.jpg,Topwear,Topwear,0.9993783,OK
28280,Fastrack Women Black Sunglasses,Sunglasses,Eyewear,28280.jpg,Eyewear,Eyewear,0.9999672,OK
54880,Ivory Tag Women Dazzling Turquoise Blue Necklace,Necklace and Chains,Jewellery,54880.jpg,Jewellery,Jewellery,0.9999975,OK
33402,Baggit Silver Purse,Clutches,Bags,33402.jpg,Bags,Bags,0.999928,OK
29564,Vans Men Half Cab Black Shoes,Casual Shoes,Shoes,29564.jpg,Shoes,Shoes,0.9988708,OK
19264,Guess Women Mini Prism Black Watch,Watches,Watches,19264.jpg,Watches,Watches,1.0,OK
7124,Wildcraft Unisex Black Waist Pouch,Travel Accessory,Bags,7124.jpg,Bags,Bags,0.99984634,OK
4901,Levis Kids Girl's Desiree Pink Kidswear,Tops,Topwear,4901.jpg,Topwear,Topwear,0.99999905,OK
25902,Femella Women Grey Skinny Leggings,Leggings,Bottomwear,25902.jpg,Bottomwear,Bottomwear,0.99997234,OK
11675,Lee Men Check Red Shirts,Shirts,Topwear,11675.jpg,Topwear,Topwear,0.9999844,OK
45900,Maxima Men Grey Dial Watch,Watches,Watches,45900.jpg,Watches,Watches,0.99998677,OK
54907,Do u speak green Boys T-shirt,Tshirts,Topwear,54907.jpg,Topwear,Topwear,0.9980861,OK
2122,Lee Women Black Top,Tops,Topwear,2122.jpg,Topwear,Topwear,0.9977774,OK
52093,Myntra Women White Top,Tops,Topwear,52093.jpg,Topwear,Topwear,0.98550564,OK
13872,Scullers Men Solid Purple Shirts,Shirts,Topwear,13872.jpg,Topwear,Topwear,0.99999607,OK
12131,Aurelia Women Solid Purple Kurtas,Kurtas,Topwear,12131.jpg,Topwear,Topwear,0.99999166,OK
6277,UCB Men's Graphic Saxophone White T-shirt,Tshirts,Topwear,6277.jpg,Topwear,Topwear,0.9999378,OK
22896,Woodland Men Black Formal Shoes,Formal Shoes,Shoes,22896.jpg,Shoes,Shoes,0.99982256,OK
11283,Wrangler Men Blue Texas Jeans,Jeans,Bottomwear,11283.jpg,Bottomwear,Bottomwear,0.99999595,OK
11876,Franco Leone Men Casual Black Sandals,Sandals,Sandal,11876.jpg,Sandal,Sandal,0.99985135,OK
37430,Murcia Women Brown Handbag,Handbags,Bags,37430.jpg,Bags,Bags,0.99998593,OK
47365,Baggit Women Gold Coloured Dhamal Mobile Pouch,Mobile Pouch,Bags,47365.jpg,Bags,Bags,0.99838233,OK
12061,W Women Printed White Kurtas,Kurtas,Topwear,12061.jpg,Topwear,Topwear,0.998135,OK
46045,Estelle Gold Earrings,Earrings,Jewellery,46045.jpg,Jewellery,Jewellery,0.9999999,OK
45129,Casio Enticerr Men Black Dial Analogue Watch MTP-1214A-8AVDF(A345),Watches,Watches,45129.jpg,Watches,Watches,1.0,OK
17742,Puma Women Body Train White Sports Shoes,Sports Shoes,Shoes,17742.jpg,Shoes,Shoes,0.9999362,OK
19337,United Colors of Benetton Men Stripes Black Jacket,Jackets,Topwear,19337.jpg,Topwear,Topwear,0.9999943,OK
12273,Genesis Men Striped Shirt,Shirts,Topwear,12273.jpg,Topwear,Topwear,0.99991834,OK
6930,Tantra Men's Mistakes Blue T-shirt,Tshirts,Topwear,6930.jpg,Topwear,Topwear,0.9999857,OK
21421,Roxy Women White Spaghetti Top,Tops,Topwear,21421.jpg,Topwear,Innerwear,0.5749671,ONE MODEL DISAGREES
6171,Lee Men's Indigo Blue White T-shirt,Tshirts,Topwear,6171.jpg,Topwear,Topwear,0.9998623,OK
12084,W Women Printed Blue Kurtas,Kurtas,Topwear,12084.jpg,Topwear,Topwear,0.9999987,OK
4494,Lotto Men's Fuerzapura Red Black Shoe,Sports Shoes,Shoes,4494.jpg,Shoes,Shoes,0.92774856,OK
25893,Femella Women Spaghetti Brown Top,Tops,Topwear,25893.jpg,Topwear,Topwear,0.9339172,OK
40690,Numero Uno Men Black Formal Shoes,Formal Shoes,Shoes,40690.jpg,Shoes,Shoes,0.9999968,OK
19696,United Colors of Benetton Men Solid Grey Shirt,Shirts,Topwear,19696.jpg,Topwear,Topwear,0.9999788,OK
31938,Mumbai Slang Women Printed Turquoise Blue Kurta,Kurtas,Topwear,31938.jpg,Topwear,Topwear,0.99982625,OK
54979,Femella Women White Printed Shirt,Shirts,Topwear,54979.jpg,Topwear,Topwear,0.9977785,OK
39215,Femella Women Black One Pocket Tank Top,Tops,Topwear,39215.jpg,Topwear,Topwear,0.9995555,OK
17743,Puma Men Bolt Fass Blue Sports Shoe,Sports Shoes,Shoes,17743.jpg,Shoes,Shoes,0.99999917,OK
21526,Kiara Women Glossy Red Handbag,Handbags,Bags,21526.jpg,Bags,Bags,0.9999995,OK
25253,Lino Perros Women Leatherette Orange Handbag,Handbags,Bags,25253.jpg,Bags,Bags,0.99999976,OK
5507,Nike Women's Tennis Black T-shirt,Tshirts,Topwear,5507.jpg,Topwear,Topwear,0.99998343,OK
31046,Arrow Sport Men Check Yellow Shirt,Shirts,Topwear,31046.jpg,Topwear,Topwear,0.9999907,OK
37434,Murcia Women Black Handbag,Handbags,Bags,37434.jpg,Bags,Bags,0.99999964,OK
36424,Spinn Men Bostern Road White Sports Shoes,Sports Shoes,Shoes,36424.jpg,Shoes,Shoes,0.9999975,OK
34628,Nike Men Ruckus Low Black Shoes,Casual Shoes,Shoes,34628.jpg,Shoes,Shoes,0.99990094,OK
59733,Avirate Pink Wired Corset Shapewear,Shapewear,Innerwear,59733.jpg,Innerwear,Innerwear,0.87675446,OK
2910,Catwalk Women Wedding Collection Bronze Heels,Heels,Shoes,2910.jpg,Shoes,Shoes,0.99813855,OK
2146,Basics Men Purple Striped T-shirt,Tshirts,Topwear,2146.jpg,Topwear,Topwear,0.99989235,OK
53663,Kiara Women Brown Handbag,Handbags,Bags,53663.jpg,Bags,Bags,0.99995315,OK
7962,Puma Men's Graphic Black Red T-shirt,Tshirts,Topwear,7962.jpg,Topwear,Topwear,0.9999213,OK
39231,Femella Women Peach Top,Tops,Topwear,39231.jpg,Topwear,Topwear,0.99999654,OK
6529,Nike Men's Pique Blue Polo T-Shirt,Tshirts,Topwear,6529.jpg,Topwear,Topwear,0.9997062,OK
8169,Catwalk Women Casual White Flats,Flats,Shoes,8169.jpg,Shoes,Shoes,0.999411,OK
2564,Domyos Women Black Tank Top,Tops,Topwear,2564.jpg,Topwear,Innerwear,0.97982615,ONE MODEL DISAGREES
5828,Puma Men's Edition Blue T-shirt,Tshirts,Topwear,5828.jpg,Topwear,Topwear,0.9998809,OK
19613,United Colors of Benetton Women Solid Black Top,Tops,Topwear,19613.jpg,Topwear,Topwear,0.9998636,OK
13315,Gini and Jony Kids Boys Check Blue Shirts,Shirts,Topwear,13315.jpg,Topwear,Topwear,0.9998739,OK
56323,Fastrack Women White Dial Watch,Watches,Watches,56323.jpg,Watches,Watches,0.9999988,OK
26328,DKNY Women White Dial Watch NY3366,Watches,Watches,26328.jpg,Watches,Watches,0.99999857,OK
35591,Gliders Men Olive Green Floaters,Sandals,Sandal,35591.jpg,Sandal,Sandal,0.99844354,OK
41795,Remanika Women Red Printed Top,Tops,Topwear,41795.jpg,Topwear,Topwear,0.99999976,OK
24266,Quiksilver Men Red T-shirt,Tshirts,Topwear,24266.jpg,Topwear,Topwear,0.99999416,OK
3296,Asics Men's Sport GEL Pulse 2 White Blue Shoe,Sports Shoes,Shoes,3296.jpg,Shoes,Shoes,0.99972945,OK
13847,United Colors of Benetton Women Printed White Top,Tops,Topwear,13847.jpg,Topwear,Topwear,0.99993217,OK
1578,Domyos Men Good Stroke Red T-shirt,Tshirts,Topwear,1578.jpg,Topwear,Topwear,0.95001256,OK
14990,ADIDAS Men Solid Black Sweaters,Sweaters,Topwear,14990.jpg,Topwear,Topwear,0.99998665,OK
12489,Clarks Men Leather Brown Sandals,Sandals,Sandal,12489.jpg,Sandal,Sandal,0.8246352,OK
8348,Doodle Boy's Little Monsters Rocking Rust Kidswear,Tshirts,Topwear,8348.jpg,Topwear,Topwear,0.99999714,OK
11808,Vishudh Women Cotton Silk Maroon Kurtas,Kurtas,Topwear,11808.jpg,Topwear,Topwear,0.9999976,OK
6234,UCB Women's Basic Neck Navy T-shirt,Tshirts,Topwear,6234.jpg,Topwear,Topwear,0.99998474,OK
59783,Estelle Gold Plated Bracelet,Bracelet,Jewellery,59783.jpg,Jewellery,Jewellery,0.9124909,OK
17150,U.S. Polo Assn. Men Solid Red Jacket,Jackets,Topwear,17150.jpg,Topwear,Topwear,0.9963509,OK
41760,Remanika Women Green Top,Tops,Topwear,41760.jpg,Topwear,Topwear,0.99991596,OK
18451,Guess Marciano Women Fragrance Gift Set,Fragrance Gift Set,Fragrance,18451.jpg,Fragrance,Fragrance,0.99971086,OK
12174,Basics Men Grey Checked Shirt,Shirts,Topwear,12174.jpg,Topwear,Topwear,0.99973696,OK
26258,Proline Men Charcoal Grey Track Pants,Track Pants,Bottomwear,26258.jpg,Bottomwear,Bottomwear,0.9992843,OK
8197,Locomotive Men Solid Poplin Lamont Black Shirts,Shirts,Topwear,8197.jpg,Topwear,Topwear,0.9999466,OK
47536,Portia Women Black Flats,Flats,Shoes,47536.jpg,Shoes,Shoes,0.92089576,OK
50013,Hanes Women Beige Cotton Stretch Moulded Cup Bra,Bra,Innerwear,50013.jpg,Innerwear,Innerwear,0.999816,OK
56360,Tommy Hilfiger Women 50 ml Perfume,Perfume and Body Mist,Fragrance,56360.jpg,Fragrance,Fragrance,0.9992754,OK
6242,Lee Women's Rihana Purple T-shirt,Tshirts,Topwear,6242.jpg,Topwear,Topwear,0.99990165,OK
49524,Rocia Women Purple Clutch,Clutches,Bags,49524.jpg,Bags,Bags,0.99998367,OK
16225,Puma Women Capri Sweat Black Capris,Capris,Bottomwear,16225.jpg,Bottomwear,Bottomwear,0.99999285,OK
39009,Gini and Jony Girls Pretty Pink Top,Tops,Topwear,39009.jpg,Topwear,Topwear,0.99889994,OK
21250,Skybags Unisex Navy Duffle Bag,Duffel Bag,Bags,21250.jpg,Bags,Bags,1.0,OK
51037,Enamor Women White and Pink Briefs,Briefs,Innerwear,51037.jpg,Innerwear,Innerwear,0.9976972,OK
56971,HM Women Black & White Heels,Heels,Shoes,56971.jpg,Shoes,Sandal,0.56561154,ONE MODEL DISAGREES
28197,Ray-Ban Men Caravan Copper Sunglasses,Sunglasses,Eyewear,28197.jpg,Eyewear,Eyewear,0.9999957,OK
2379,Red Tape Men's Black Formal Shoe,Formal Shoes,Shoes,2379.jpg,Shoes,Shoes,0.9999908,OK
54633,Fastrack Men White Dial Watch,Watches,Watches,54633.jpg,Watches,Watches,0.9999999,OK
31293,Puma Women Script Green Top,Tops,Topwear,31293.jpg,Topwear,Topwear,0.99999523,OK
31309,W Women Green Kurta,Kurtas,Topwear,31309.jpg,Topwear,Topwear,0.9999747,OK
56997,HM Women Black Sandals,Flats,Shoes,56997.jpg,Shoes,Shoes,0.82040703,OK
32253,Fabindia Women Printed White Kurti,Kurtis,Topwear,32253.jpg,Topwear,Topwear,0.99993324,OK
19752,Levis Men Solid Navy Blue Tshirt,Tshirts,Topwear,19752.jpg,Topwear,Topwear,0.9940866,OK
32450,ADIDAS Women Printed Black T-shirt,Tshirts,Topwear,32450.jpg,Topwear,Topwear,0.99984646,OK
5383,Quechua Arpenaz 300 Noire,Sports Shoes,Shoes,5383.jpg,Shoes,Shoes,0.96368766,OK
30339,Myntra Men Mere Pass Maal Hai Red T-shirt,Tshirts,Topwear,30339.jpg,Topwear,Topwear,0.9999485,OK
8415,Doodle Girl's Hippie Chic White Teen Kidswear,Tshirts,Topwear,8415.jpg,Topwear,Topwear,0.99999356,OK
31921,Fabindia Women Casual Magenta Clutch,Clutches,Bags,31921.jpg,Bags,Bags,0.99999976,OK
25875,American Tourister Unisex Buzz Blue Backpack,Backpacks,Bags,25875.jpg,Bags,Bags,1.0,OK
11341,Lee Men Light Blue Chicago Fit Jeans,Jeans,Bottomwear,11341.jpg,Bottomwear,Bottomwear,0.9999379,OK
42426,Aurelia Women Sea Green Kurta,Kurtas,Topwear,42426.jpg,Topwear,Topwear,0.9999995,OK
14581,United Colors of Benetton Men Solid Brown Sweatshirts,Sweatshirts,Topwear,14581.jpg,Topwear,Topwear,0.9999846,OK
46809,Nike Women Pink T-shirt,Tshirts,Topwear,46809.jpg,Topwear,Topwear,0.99994993,OK
17161,U.S. Polo Assn. Men Checks Purple Shirt,Shirts,Topwear,17161.jpg,Topwear,Topwear,0.9999771,OK
34601,Hanes Men Brown Boxer Brief,Briefs,Innerwear,34601.jpg,Innerwear,Innerwear,0.999778,OK
21210,Quiksilver Men White Cardone Casual Shoes,Casual Shoes,Shoes,21210.jpg,Shoes,Shoes,0.9999925,OK
39601,Catwalk Women Black Heels,Heels,Shoes,39601.jpg,Shoes,Shoes,0.99929893,OK
53116,Myntra Men Purple T-shirt,Tshirts,Topwear,53116.jpg,Topwear,Topwear,0.99920493,OK
5115,Wrangler Women Blouson Tank Dark Grey Top,Tops,Topwear,5115.jpg,Topwear,Topwear,0.9775939,OK
38506,Gini and Jony Girls Woven Pink Pedal Pusher,Capris,Bottomwear,38506.jpg,Bottomwear,Bottomwear,0.9968436,OK
3183,Nike Women Lunarfly Grey Green Shoe,Sports Shoes,Shoes,3183.jpg,Shoes,Shoes,0.9964618,OK
42124,Nike Men Grey Air Twilight Shoes,Casual Shoes,Shoes,42124.jpg,Shoes,Shoes,0.9970931,OK
23605,Nike Fragrances Women Casual Perfume,Perfume and Body Mist,Fragrance,23605.jpg,Fragrance,Fragrance,0.99999726,OK
35337,Fabindia Women Anusuya Silver Pendant,Pendant,Jewellery,35337.jpg,Jewellery,Jewellery,0.99938583,OK
16128,ADIDAS Women Blue TShirt,Tshirts,Topwear,16128.jpg,Topwear,Topwear,0.99999166,OK
58683,ALayna Women Green Kurta,Kurtas,Topwear,58683.jpg,Topwear,Topwear,0.9998833,OK
25760,Lino Perros Men Black Suspenders,Suspenders,Topwear,25760.jpg,Topwear,Topwear,0.9952584,OK
34255,Proline Men Navy Blue Track Pants,Track Pants,Bottomwear,34255.jpg,Bottomwear,Bottomwear,0.99998105,OK
58286,Bwitch Women Grey Melange Briefs,Briefs,Innerwear,58286.jpg,Innerwear,Innerwear,0.9998216,OK
34387,Myntra Men Red Fuel Your Desire T-shirt,Tshirts,Topwear,34387.jpg,Topwear,Topwear,0.99999726,OK
50010,Hanes Grey & Pink Contour Bra 83U203,Bra,Innerwear,50010.jpg,Innerwear,Innerwear,0.9987903,OK
18878,Arrow Woman Fendy Purple Shirt,Shirts,Topwear,18878.jpg,Topwear,Topwear,0.9999819,OK
22056,Vishudh Women Printed Blue Kurta,Kurtas,Topwear,22056.jpg,Topwear,Topwear,0.99999964,OK
19815,U.S. Polo Assn. Men Solid Green Sweatshirt,Sweatshirts,Topwear,19815.jpg,Topwear,Topwear,0.99992204,OK
29732,Kiara Women Leatherette Peach Handbag,Handbags,Bags,29732.jpg,Bags,Bags,0.9999982,OK
3107,Probase Men's Cheap Fast & Easy Black T-shirt,Tshirts,Topwear,3107.jpg,Topwear,Topwear,0.9999846,OK
33148,Gini and Jony Girls Black Leggings,Leggings,Bottomwear,33148.jpg,Bottomwear,Bottomwear,0.99999964,OK
50188,Paridhan Women Pink Handbag,Handbags,Bags,50188.jpg,Bags,Bags,0.99999857,OK
9341,Puma Men Electro Cat White T-shirt,Tshirts,Topwear,9341.jpg,Topwear,Topwear,0.9991823,OK
19238,Puma Unisex Big Cat Duffle Bag,Duffel Bag,Bags,19238.jpg,Bags,Bags,0.99993587,OK
43195,Fastrack Women Black Dial Watch,Watches,Watches,43195.jpg,Watches,Watches,0.9995782,OK
15251,ADIDAS Originals Men Vespa Pk Mid Black Casual Shoes,Casual Shoes,Shoes,15251.jpg,Shoes,Shoes,0.9997011,OK
24551,Diva Women Blue Printed Kurta,Kurtas,Topwear,24551.jpg,Topwear,Topwear,0.9999995,OK
31904,Heart 2 Heart Women Multicoloured Briefs H2H-4-201,Briefs,Innerwear,31904.jpg,Innerwear,Innerwear,0.99241066,OK
11959,Ganuchi Men Casual Brown Casual Shoes,Casual Shoes,Shoes,11959.jpg,Shoes,Shoes,0.9999726,OK
42512,Mother Earth Women Green Kurti,Kurtis,Topwear,42512.jpg,Topwear,Topwear,0.9997892,OK
30811,Fabindia Women Black Churidar,Churidar,Bottomwear,30811.jpg,Bottomwear,Bottomwear,0.99942917,OK
48094,French Connection Women Violet Top,Tops,Topwear,48094.jpg,Topwear,Topwear,0.99991226,OK
47188,Ganuchi Men Brown Shoes,Formal Shoes,Shoes,47188.jpg,Shoes,Shoes,0.9956326,OK
44901,Puma Men Black Polo Neck T-shirt,Tshirts,Topwear,44901.jpg,Topwear,Topwear,0.98346436,OK
6701,UCB Men's The Graphic Alien Print Navy Blue T-shirt,Tshirts,Topwear,6701.jpg,Topwear,Topwear,0.99983954,OK
16437,Levi's Men Printed Black Tshirts,Tshirts,Topwear,16437.jpg,Topwear,Topwear,0.9999076,OK
5440,Nike Men's Club Pique Polo Med Yellow White T-shirt,Tshirts,Topwear,5440.jpg,Topwear,Topwear,0.999902,OK
4613,Wildcraft Unisex Green & Grey Printed Sling Bag,Handbags,Bags,4613.jpg,Bags,Bags,0.9995598,OK
26824,Highlander Men Brown Trousers,Trousers,Bottomwear,26824.jpg,Bottomwear,Bottomwear,0.9886008,OK
16180,Enroute Men Leather Brown Formal Shoes,Formal Shoes,Shoes,16180.jpg,Shoes,Shoes,0.9999745,OK
37210,United Colors of Benetton Men Check Multi Shirt,Shirts,Topwear,37210.jpg,Topwear,Topwear,0.99586856,OK
32467,ADIDAS Men Almighty Zeus White T-shirt,Tshirts,Topwear,32467.jpg,Topwear,Topwear,0.9999187,OK
21254,Skybags Unisex Maroon Duffle Bag,Duffel Bag,Bags,21254.jpg,Bags,Bags,0.9999808,OK
28061,Jockey ELANCE Men Pack Of Two Grey Briefs 1010,Briefs,Innerwear,28061.jpg,Innerwear,Innerwear,0.9999993,OK
3016,Lee Men's Bottle Grey T-shirt,Tshirts,Topwear,3016.jpg,Topwear,Topwear,0.99997294,OK
36577,Provogue Men Brown Shirt,Shirts,Topwear,36577.jpg,Topwear,Topwear,0.9999759,OK
58932,Ivory Tag Women Beige Furry Foldover Sling Bag,Handbags,Bags,58932.jpg,Bags,Bags,0.99997294,OK
9442,Nike Women Graphic Play Red Bag,Handbags,Bags,9442.jpg,Bags,Bags,0.99998057,OK
56939,HM Women Black Sandals,Flats,Shoes,56939.jpg,Shoes,Shoes,0.9896751,OK
20145,Wrangler Men Urban Green Shirt,Shirts,Topwear,20145.jpg,Topwear,Topwear,0.9999919,OK
31258,Puma Men Semi Graphic Navy Blue T-shirt,Tshirts,Topwear,31258.jpg,Topwear,Topwear,0.99986076,OK
4057,Myntra Men's Nobody Says No To Me White T-shirt,Tshirts,Topwear,4057.jpg,Topwear,Topwear,0.9995523,OK
12631,Probase Men Printed Red Tshirts,Tshirts,Topwear,12631.jpg,Topwear,Topwear,0.9999862,OK
10379,United Colors of Benetton Women Solid Red T-shirt,Tshirts,Topwear,10379.jpg,Topwear,Topwear,1.0,OK
7374,Red Tape Men's Stone Casual Shoe,Casual Shoes,Shoes,7374.jpg,Shoes,Shoes,0.998776,OK
9569,John Miller Men Solid Light Blue Shirts,Shirts,Topwear,9569.jpg,Topwear,Topwear,0.99997413,OK
32451,ADIDAS Women Graphic Grey T-shirt,Tshirts,Topwear,32451.jpg,Topwear,Topwear,0.9997017,OK
30166,Esprit Men Blue Dial Watch,Watches,Watches,30166.jpg,Watches,Watches,1.0,OK
48634,Lucera Women Silver Earrings,Earrings,Jewellery,48634.jpg,Jewellery,Jewellery,0.99999976,OK
25759,Lino Perros Men Black Suspenders,Suspenders,Topwear,25759.jpg,Topwear,Topwear,0.9984995,OK
40125,Gini and Jony Boys Customised Black Shorts,Shorts,Bottomwear,40125.jpg,Bottomwear,Bottomwear,0.9999982,OK
21420,Roxy Women Blue Top,Tops,Topwear,21420.jpg,Topwear,Topwear,0.99995804,OK
6408,Lotto Men Cross Beige Floater,Sandals,Sandal,6408.jpg,Sandal,Sandal,0.9777024,OK
7196,Jealous 21 Women White Girl With Fan T-shirt,Tshirts,Topwear,7196.jpg,Topwear,Topwear,0.99066275,OK
39478,Diva Women Pink Kurta,Kurtas,Topwear,39478.jpg,Topwear,Topwear,0.9994716,OK
30530,Lovable Cotton Essensuals White Bra,Bra,Innerwear,30530.jpg,Innerwear,Innerwear,0.9999945,OK
24176,Aurelia Women Green Kurti,Kurtis,Topwear,24176.jpg,Topwear,Topwear,0.9999994,OK
43913,Femella Women Sea Green Printed Top,Tops,Topwear,43913.jpg,Topwear,Topwear,0.9999331,OK
35645,U.S. Polo Assn. Men Black Sandals,Sandals,Sandal,35645.jpg,Sandal,Sandal,0.98574114,OK
58136,Rreverie Silver Earrings,Earrings,Jewellery,58136.jpg,Jewellery,Jewellery,0.99999297,OK
15119,Arrow Men Stripes Grey Trousers,Trousers,Bottomwear,15119.jpg,Bottomwear,Bottomwear,0.99995935,OK
4229,Probase Men's Awesome In Bed Maroon Tshirt,Tshirts,Topwear,4229.jpg,Topwear,Topwear,0.9999794,OK
9815,Converse Men As Sketch Hi Black Casual Shoes,Casual Shoes,Shoes,9815.jpg,Shoes,Shoes,0.9999629,OK
28372,Idee Men Black Sunglasses,Sunglasses,Eyewear,28372.jpg,Eyewear,Eyewear,0.999998,OK
6747,Nike Men's Streetgato White Shoe,Sports Shoes,Shoes,6747.jpg,Shoes,Shoes,0.9999957,OK
48420,French Connection Men Maroon Striped T-shirt,Tshirts,Topwear,48420.jpg,Topwear,Topwear,0.99941933,OK
8639,Fastrack Women Hip Hop Sunglasses P173BK1F,Sunglasses,Eyewear,8639.jpg,Eyewear,Eyewear,0.999997,OK
58100,Rreverie Women Multi Coloured Pendant with Chain,Pendant,Jewellery,58100.jpg,Jewellery,Jewellery,0.99993527,OK
13545,Carlton London Women Casual Black Sandals,Flats,Shoes,13545.jpg,Shoes,Sandal,0.9055478,ONE MODEL DISAGREES
41401,Wrangler Women White Smocked Top,Tops,Topwear,41401.jpg,Topwear,Topwear,0.9990171,OK
9153,Jealous 21 Women Jealous Purple Tops,Tops,Topwear,9153.jpg,Topwear,Topwear,0.9994822,OK
5385,Quechua Arpenaz Flex  Lady Grey,Sports Shoes,Shoes,5385.jpg,Shoes,Shoes,0.9998951,OK
25685,Converse Unisex Red Casual Shoes,Casual Shoes,Shoes,25685.jpg,Shoes,Shoes,0.999374,OK
51905,Nyk Women Blue Pacifier Handbag,Handbags,Bags,51905.jpg,Bags,Bags,0.9999999,OK
4786,ADIDAS Men's Cr_Aess 3s Hsj Black White Short,Shorts,Bottomwear,4786.jpg,Bottomwear,Bottomwear,0.9999933,OK
39990,Gas Men Skate White Shoes,Casual Shoes,Shoes,39990.jpg,Shoes,Shoes,0.999969,OK
34898,Envirosax Women Multi Coloured Bag,Handbags,Bags,34898.jpg,Bags,Bags,0.95412576,OK
51725,Allen Solly Men Black Sunglass,Sunglasses,Eyewear,51725.jpg,Eyewear,Eyewear,0.99999535,OK
41962,Gini and Jony Raw Wash Navy Blue Jeans,Jeans,Bottomwear,41962.jpg,Bottomwear,Bottomwear,0.99989057,OK
5716,Basics Men Red T-shirt,Tshirts,Topwear,5716.jpg,Topwear,Topwear,0.99998534,OK
16490,Locomotive Men Printed Grey TShirt,Tshirts,Topwear,16490.jpg,Topwear,Topwear,0.99998224,OK
2249,ADIDAS Unisex Classic Blue Backpack,Backpacks,Bags,2249.jpg,Bags,Bags,0.99988973,OK
12805,Nike Men Grey Polo Tshirts,Tshirts,Topwear,12805.jpg,Topwear,Topwear,0.9999862,OK
26857,Calvin Klein Men Be 100 ml Perfume,Perfume and Body Mist,Fragrance,26857.jpg,Fragrance,Fragrance,0.9968953,OK
7585,Nike Men's As Drip Swoosh Black T-shirt,Tshirts,Topwear,7585.jpg,Topwear,Topwear,0.99946886,OK
32926,Status Quo Men Printed Purple T-shirt,Tshirts,Topwear,32926.jpg,Topwear,Topwear,0.9999918,OK
10122,Reebok Men Run Sheer White Sports Shoes,Sports Shoes,Shoes,10122.jpg,Shoes,Shoes,0.9998161,OK
19420,Quiksilver Men Ocean Walk Reversible Blue Shorts,Shorts,Bottomwear,19420.jpg,Bottomwear,Bottomwear,0.9594291,OK
11839,Playboy Men Casual Grey Casual Shoes,Casual Shoes,Shoes,11839.jpg,Shoes,Shoes,0.9990294,OK
3348,Myntra Men's I don't suffer from insanity Black T-shirt,Tshirts,Topwear,3348.jpg,Topwear,Topwear,0.9999255,OK
16764,Spice Art Women Flap Handle White Handbags,Handbags,Bags,16764.jpg,Bags,Bags,0.99999905,OK
44417,Red Tape Men Black Formal Shoes,Formal Shoes,Shoes,44417.jpg,Shoes,Shoes,0.99950325,OK
56201,Estelle Women Gold Earring & Pendant Set,Jewellery Set,Jewellery,56201.jpg,Jewellery,Jewellery,0.9999168,OK
54873,Ivory Tag Women Lapiz Lazuli Blue Necklace,Necklace and Chains,Jewellery,54873.jpg,Jewellery,Jewellery,0.9998771,OK
10385,Puma Women Vitality Stones 168 White Watches,Watches,Watches,10385.jpg,Watches,Watches,0.99999976,OK
3820,Disney Kids Girl's Minnie Summer Time White Top,Tops,Topwear,3820.jpg,Topwear,Topwear,0.9828122,OK
34010,Gini and Jony Girls Black Top,Tops,Topwear,34010.jpg,Topwear,Topwear,0.9987264,OK
50540,Chromozone Men Navy Blue Briefs,Briefs,Innerwear,50540.jpg,Innerwear,Innerwear,0.99989915,OK
2715,Disney Kids Girl's Minnie Orange Stripped Kidswear,Tops,Topwear,2715.jpg,Topwear,Topwear,0.92657655,OK
28834,Biba Women Printed Multi Coloured Kurta,Kurtas,Topwear,28834.jpg,Topwear,Topwear,0.9999963,OK
14324,ADIDAS Women Stripes Pink Sweaters,Sweaters,Topwear,14324.jpg,Topwear,Topwear,0.99999774,OK
4123,Puma Unisex Lo Punk White Green Red Shoe,Casual Shoes,Shoes,4123.jpg,Shoes,Shoes,0.9997663,OK
57987,Latin Quarters Women White Printed Tunic,Tunics,Topwear,57987.jpg,Topwear,Topwear,0.9998229,OK
58188,Rocky S Women Blue Handbag,Handbags,Bags,58188.jpg,Bags,Bags,0.9999999,OK
30498,Lovable Women Fiona Brown Bra,Bra,Innerwear,30498.jpg,Innerwear,Innerwear,0.9999869,OK
13546,Carlton London Women Gold Toned Flats,Flats,Shoes,13546.jpg,Shoes,Shoes,0.9996735,OK
53088,Fabindia Silver Necklace,Necklace and Chains,Jewellery,53088.jpg,Jewellery,Jewellery,0.9960006,OK
13126,Lee Cooper Men Brown Formal Shoes,Formal Shoes,Shoes,13126.jpg,Shoes,Shoes,0.99987936,OK
36423,Spinn Men Bostern Road White Sports Shoes,Sports Shoes,Shoes,36423.jpg,Shoes,Shoes,0.9999939,OK
29957,Cat Men Metal Sunglasses,Sunglasses,Eyewear,29957.jpg,Eyewear,Eyewear,0.9999993,OK
23045,Arrow Woman Black Printed Jeggings,Leggings,Bottomwear,23045.jpg,Bottomwear,Bottomwear,0.99994147,OK
9526,ADIDAS Unisex F50 Black Backpacks,Backpacks,Bags,9526.jpg,Bags,Bags,1.0,OK
57837,Lino Perros Unisex Black Sling Bag,Handbags,Bags,57837.jpg,Bags,Bags,0.99866617,OK
32360,Q&Q Men Black Dial Watch,Watches,Watches,32360.jpg,Watches,Watches,1.0,OK
34587,Tonga Women Pink Printed Top,Tops,Topwear,34587.jpg,Topwear,Topwear,0.9999988,OK
45018,Maxima Men Silver Dial Watch,Watches,Watches,45018.jpg,Watches,Watches,0.99999285,OK
9971,Nike Men As Squad Ft C Blue Sweatshirts,Sweatshirts,Topwear,9971.jpg,Topwear,Topwear,0.9951767,OK
37411,Murcia Women Basket Thatch Brown Handbag,Handbags,Bags,37411.jpg,Bags,Bags,0.9999602,OK
32860,Wildcraft Unisex Blue & Grey Backpack,Backpacks,Bags,32860.jpg,Bags,Bags,1.0,OK
21226,Basics Men Brown Polo T-shirt,Tshirts,Topwear,21226.jpg,Topwear,Topwear,0.9970374,OK
8047,Fila Men's Core Pique Polo Green T-shirt,Tshirts,Topwear,8047.jpg,Topwear,Topwear,0.99984574,OK
3209,Tantra Women's Prism Purple T-shirt,Tshirts,Topwear,3209.jpg,Topwear,Topwear,0.9998118,OK
27356,Tantra Men 50 Bubbles White T-shirt,Tshirts,Topwear,27356.jpg,Topwear,Topwear,0.9999968,OK
17633,Puma Unisex Apex Blue Backpack,Backpacks,Bags,17633.jpg,Bags,Bags,1.0,OK
12903,Puma Men Whirlwind Classic Green Casual Shoes,Casual Shoes,Shoes,12903.jpg,Shoes,Shoes,0.9999541,OK
11174,Scullers Men Stripes Green Sweaters,Sweaters,Topwear,11174.jpg,Topwear,Topwear,0.9999974,OK
39904,ADIDAS Men Red Adipure Sports Shoes,Sports Shoes,Shoes,39904.jpg,Shoes,Shoes,0.9201775,OK
21030,Clarks Women Balti Zing Red Heels,Heels,Shoes,21030.jpg,Shoes,Shoes,0.9999925,OK
47554,Portia Women Red Heels,Heels,Shoes,47554.jpg,Shoes,Shoes,0.9988463,OK
32768,Music Men Printed Grey T-shirt,Tshirts,Topwear,32768.jpg,Topwear,Topwear,0.99985814,OK
10660,Doodle Girl Hot shorts ice wash Blue Shorts,Shorts,Bottomwear,10660.jpg,Bottomwear,Bottomwear,0.9996044,OK
48808,Revv Men Steel Pendant,Pendant,Jewellery,48808.jpg,Jewellery,Watches,0.99627423,ONE MODEL DISAGREES
20934,Fastrack Men Navy Blue Backpack,Backpacks,Bags,20934.jpg,Bags,Bags,0.99999976,OK
18888,Arrow Woman Sylvia Purple Shirt,Shirts,Topwear,18888.jpg,Topwear,Topwear,0.9971142,OK
56733,Horsefly Men Red T-shirt,Tshirts,Topwear,56733.jpg,Topwear,Topwear,0.99999607,OK
36944,Fila Men DLS Bound White Sports Shoes,Sports Shoes,Shoes,36944.jpg,Shoes,Shoes,0.9999945,OK
30572,Opium Men Aviator Black Sunglasses,Sunglasses,Eyewear,30572.jpg,Eyewear,Eyewear,0.99999785,OK
10615,Carlton London Women balle Grey Casual Shoes,Casual Shoes,Shoes,10615.jpg,Shoes,Shoes,0.9879959,OK
54598,Sushilas Women Printed Pink Kurta,Kurtas,Topwear,54598.jpg,Topwear,Topwear,0.9999913,OK
22210,Timberland Men Brown Back Logo T-Shirt,Tshirts,Topwear,22210.jpg,Topwear,Topwear,0.80774844,OK
34410,Myntra Men Freak Show Black T-shirt,Tshirts,Topwear,34410.jpg,Topwear,Topwear,0.9999635,OK
42164,Status Quo Men Green T-shirt,Tshirts,Topwear,42164.jpg,Topwear,Topwear,0.99999917,OK
13945,United Colors of Benetton Men Printed Red Tshirts,Tshirts,Topwear,13945.jpg,Topwear,Topwear,0.999663,OK
19683,United Colors of Benetton Women Printed Pink T-shirt,Tshirts,Topwear,19683.jpg,Topwear,Topwear,0.99882346,OK
13521,Jealous 21 Women Solid Grey Tops,Tops,Topwear,13521.jpg,Topwear,Topwear,0.9999703,OK
47434,Baggit Women Purple Handbag,Handbags,Bags,47434.jpg,Bags,Bags,0.99996114,OK
28214,YARDLEY Women English Lavender Deo,Deodorant,Fragrance,28214.jpg,Fragrance,Fragrance,0.9999975,OK
53077,Rocia Women Green Clutch,Clutches,Bags,53077.jpg,Bags,Bags,0.9924406,OK
14348,Catwalk Women Casual White Flats,Heels,Shoes,14348.jpg,Shoes,Shoes,0.9869315,OK
39893,ADIDAS Men Brown Outback Shoes,Casual Shoes,Shoes,39893.jpg,Shoes,Shoes,0.99978906,OK
17966,Puma Women Sasha White Casual Shoe,Casual Shoes,Shoes,17966.jpg,Shoes,Shoes,0.99956304,OK
45912,Maxima Women Silver Dial Watch,Watches,Watches,45912.jpg,Watches,Watches,0.999491,OK
49354,Vans Men Maroon Larkin Shoes,Casual Shoes,Shoes,49354.jpg,Shoes,Shoes,0.98633635,OK
36742,Spykar Women Aza Blue Jeans,Jeans,Bottomwear,36742.jpg,Bottomwear,Bottomwear,0.9999707,OK
33686,Cobblerz Men Teal Blue Casual Shoes,Casual Shoes,Shoes,33686.jpg,Shoes,Shoes,0.9997423,OK
10662,Doodle Boy Travel Red Tshirts,Tshirts,Topwear,10662.jpg,Topwear,Topwear,0.9999975,OK
18887,Arrow Woman Simona Navy Blue Shirt,Shirts,Topwear,18887.jpg,Topwear,Topwear,0.9997008,OK
36054,OTLS Unisex Blue Dual Flap Bag,Handbags,Bags,36054.jpg,Bags,Bags,0.99999964,OK
2221,ADIDAS Classic Blue White Backpack,Backpacks,Bags,2221.jpg,Bags,Bags,0.9999943,OK
10184,Indigo Nation Men  White Stripe Shirt,Shirts,Topwear,10184.jpg,Topwear,Topwear,0.999913,OK
20035,United Colors of Benetton Women Purple Casual Backpack,Backpacks,Bags,20035.jpg,Bags,Bags,1.0,OK
27053,Yelloe Black Envelope Look Handbag,Handbags,Bags,27053.jpg,Bags,Bags,1.0,OK
37585,Madagascar3 Infant Girls White Snapsuit Romper,Rompers,Topwear,37585.jpg,Topwear,Topwear,0.9772068,OK
48836,Lucera Women Silver Pendant,Pendant,Jewellery,48836.jpg,Jewellery,Jewellery,0.9987888,OK
46705,Rasasi Women Bubbly Gal Perfume,Perfume and Body Mist,Fragrance,46705.jpg,Fragrance,Fragrance,0.9762655,OK
33582,Wrangler Men True Rider White T-shirt,Tshirts,Topwear,33582.jpg,Topwear,Topwear,0.99997413,OK
18578,Puma Women Black Sweatshirt,Sweatshirts,Topwear,18578.jpg,Topwear,Topwear,0.99999166,OK
31660,Indigo Nation Men Printed Black Shirt,Shirts,Topwear,31660.jpg,Topwear,Topwear,0.9909293,OK
38474,Baggit Women Grey Sling Bag,Handbags,Bags,38474.jpg,Bags,Bags,0.9999999,OK
15270,ADIDAS Originals Women Top Ten low Sleek Pink Casual Shoes,Casual Shoes,Shoes,15270.jpg,Shoes,Shoes,0.9999101,OK
50242,Stoln Women Orange Handbag,Handbags,Bags,50242.jpg,Bags,Bags,0.99992394,OK
24698,Probase Men White Check Shirt,Shirts,Topwear,24698.jpg,Topwear,Topwear,0.99999166,OK
39851,Gini and Jony Girls Printed Blue Top,Tops,Topwear,39851.jpg,Topwear,Topwear,0.99486417,OK
15758,Facit Men Fitness Black Innerwear Vest,Innerwear Vests,Innerwear,15758.jpg,Innerwear,Innerwear,0.99383295,OK
5186,Dark Knight Men's Joker Color Splash Black T-shirt,Tshirts,Topwear,5186.jpg,Topwear,Topwear,0.9999373,OK
8597,Scullers Men Red Polo T-Shirts,Tshirts,Topwear,8597.jpg,Topwear,Topwear,0.9999982,OK
37409,Murcia Women Black Handbag,Handbags,Bags,37409.jpg,Bags,Bags,0.9982716,OK
24540,Mother Earth Women Beige Printed Kurta,Kurtas,Topwear,24540.jpg,Topwear,Topwear,0.9995515,OK
40170,Fastrack Men UV Protected Sporty Sunglasses,Sunglasses,Eyewear,40170.jpg,Eyewear,Eyewear,0.99956375,OK
53715,Kiara Women Cream Handbag,Handbags,Bags,53715.jpg,Bags,Bags,0.9999893,OK
9553,Nike Men As Ad Badge Black T-Shirts,Tshirts,Topwear,9553.jpg,Topwear,Topwear,0.999423,OK
12580,Tantra Women Blue Printed T-shirt,Tshirts,Topwear,12580.jpg,Topwear,Topwear,0.9999993,OK
35199,Wildcraft Unisex Olive Green & Black Backpack,Backpacks,Bags,35199.jpg,Bags,Bags,1.0,OK
19591,United Colors of Benetton Women Solid Navy Blue Top,Tops,Topwear,19591.jpg,Topwear,Topwear,0.99998915,OK
17590,Speedo Unisex Funky Eyewear Black Sunglasses,Sunglasses,Eyewear,17590.jpg,Eyewear,Eyewear,0.99976224,OK
48313,Pitaraa Gold Coil Bracelet,Bracelet,Jewellery,48313.jpg,Jewellery,Jewellery,0.9981364,OK
25336,CASIO SHEEN Women Pink Dial Watch SH169 SHN-3017D-4A2DR,Watches,Watches,25336.jpg,Watches,Watches,1.0,OK
54559,Global Desi Women Red Tunic,Tunics,Topwear,54559.jpg,Topwear,Topwear,0.99960226,OK
39935,Tortoise Unisex Brown Laptop Bag,Laptop Bag,Bags,39935.jpg,Bags,Bags,1.0,OK
16538,Basics Men White Slim Fit Checked Shirt,Shirts,Topwear,16538.jpg,Topwear,Topwear,0.99992955,OK
48111,French Connection Women Light Brown Shorts,Shorts,Bottomwear,48111.jpg,Bottomwear,Bottomwear,0.9996693,OK
44748,Globalite Men White Dribble Shoes,Casual Shoes,Shoes,44748.jpg,Shoes,Shoes,0.9998698,OK
15764,Facit Men Hunk Blue Innerwear Vest,Innerwear Vests,Innerwear,15764.jpg,Innerwear,Innerwear,0.97371507,OK
9666,Indigo Nation Men Bling Blue Shirts,Shirts,Topwear,9666.jpg,Topwear,Topwear,0.99993646,OK
2605,ADIDAS Women's Icon White T-shirt,Tshirts,Topwear,2605.jpg,Topwear,Topwear,0.99510866,OK
29233,Puma Women Fun Pack Black Shoes,Casual Shoes,Shoes,29233.jpg,Shoes,Shoes,0.9985839,OK
38426,Baggit Women Copper Rapchik Viva Mobile Pouch,Mobile Pouch,Bags,38426.jpg,Bags,Bags,0.99999845,OK
14018,Nike Men Stripes Grey Polo Tshirts,Tshirts,Topwear,14018.jpg,Topwear,Topwear,0.7051486,OK
27434,Jockey Black Xena Sports Bra 1378,Bra,Innerwear,27434.jpg,Innerwear,Innerwear,0.9924239,OK
44503,Gliders Women Grey & Orange Shoes,Casual Shoes,Shoes,44503.jpg,Shoes,Shoes,0.99999595,OK
18891,Arrow Woman Tyra Black & White Striped Shirt,Shirts,Topwear,18891.jpg,Topwear,Topwear,0.9997762,OK
43262,Aneri Women Black Kurta,Kurtas,Topwear,43262.jpg,Topwear,Topwear,0.999918,OK
17802,Chhota Bheem Kids Girl On The Move Pink Tshirt,Tshirts,Topwear,17802.jpg,Topwear,Topwear,0.99999857,OK
22601,Nike Men Grey Polo T-shirt,Tshirts,Topwear,22601.jpg,Topwear,Topwear,0.9989735,OK
40395,Tonga Women White & Grey Striped Top,Tops,Topwear,40395.jpg,Topwear,Topwear,0.998292,OK
20600,Baggit Women Curls Hoor Red Handbag,Handbags,Bags,20600.jpg,Bags,Bags,0.99999726,OK
17823,Nike Men  Court Majestic White Casual Shoe,Casual Shoes,Shoes,17823.jpg,Shoes,Shoes,0.9999467,OK
12490,Genesis Purple Casual Shirt,Shirts,Topwear,12490.jpg,Topwear,Topwear,0.9997004,OK
15933,Regent Polo Club Men Solid Blue Tshirt,Tshirts,Topwear,15933.jpg,Topwear,Topwear,0.9999994,OK
38054,Q&Q Men Black Digital Watch,Watches,Watches,38054.jpg,Watches,Watches,0.9999988,OK
3872,Wrangler Men's Poster Print Slub Blue T-shirt,Tshirts,Topwear,3872.jpg,Topwear,Topwear,0.9997874,OK
34812,ADIDAS Men Phoenix White Sports Shoes,Sports Shoes,Shoes,34812.jpg,Shoes,Shoes,0.9999963,OK
3930,Jealous 21 Women's Green Owl T-shirt,Tshirts,Topwear,3930.jpg,Topwear,Topwear,0.9999907,OK
7562,Nike Men's As T90 Ss Top T-Shirt,Tshirts,Topwear,7562.jpg,Topwear,Topwear,0.9977629,OK
33215,Sepia Women Off White Top,Tops,Topwear,33215.jpg,Topwear,Topwear,0.99994683,OK
30787,Fabindia Men Mustard Kurta,Kurtas,Topwear,30787.jpg,Topwear,Topwear,0.9520661,OK
38238,Polaroid Men Sunglasses,Sunglasses,Eyewear,38238.jpg,Eyewear,Eyewear,0.99996936,OK
33538,Wrangler Women Black Giselle Jeans,Jeans,Bottomwear,33538.jpg,Bottomwear,Bottomwear,0.99997604,OK
53423,Alma Women Printed Off White Kurta,Kurtas,Topwear,53423.jpg,Topwear,Topwear,0.99998033,OK
50762,Red Chief Men Khaki Sandals,Sandals,Sandal,50762.jpg,Sandal,Sandal,0.9605168,OK
19546,United Colors of Benetton Women Solid Black Sweatshirt,Sweatshirts,Topwear,19546.jpg,Topwear,Topwear,0.99999905,OK
26288,Proline Men Grey T-shirt with Printed Detail,Tshirts,Topwear,26288.jpg,Topwear,Topwear,0.99906677,OK
5347,Kalenji Elimu White Navy,Sports Shoes,Shoes,5347.jpg,Shoes,Shoes,0.5434287,OK
25113,Lino Perros Women Gems Silver Clutch,Clutches,Bags,25113.jpg,Bags,Bags,0.99971694,OK
50958,Lee Womens Blue Jeans,Jeans,Bottomwear,50958.jpg,Bottomwear,Bottomwear,0.9999925,OK
27000,Jealous 21 Women Washed Blue Jeans,Jeans,Bottomwear,27000.jpg,Bottomwear,Bottomwear,0.9999789,OK
18034,Lino Perros Women Solid Beige Handbag,Handbags,Bags,18034.jpg,Bags,Bags,0.9999993,OK
3642,Fila Men's Maverick Low Black Red Canvas Shoe,Casual Shoes,Shoes,3642.jpg,Shoes,Shoes,0.9969867,OK
9761,Classic Polo Men Ikon Maroon Polo Tshirts,Tshirts,Topwear,9761.jpg,Topwear,Topwear,0.9921827,OK
8417,Doodle Girl's Saturday 24Am Yellow Teen Kidswear,Tshirts,Topwear,8417.jpg,Topwear,Topwear,0.9999895,OK
9884,Spykar Men Laundered With Affection And Care White T-Shirts,Tshirts,Topwear,9884.jpg,Topwear,Topwear,0.9999982,OK
33509,Doodle Kids Girl Check Pink Shorts,Shorts,Bottomwear,33509.jpg,Bottomwear,Bottomwear,0.9993303,OK
43064,Nike Men Black Dutch T-shirt,Tshirts,Topwear,43064.jpg,Topwear,Topwear,0.9983134,OK
40581,Aurelia Women Black Kurta,Kurtas,Topwear,40581.jpg,Topwear,Topwear,0.9979087,OK
19924,Wrangler Women Printed Brown Top,Tops,Topwear,19924.jpg,Topwear,Topwear,0.9999919,OK
13551,Carlton London Women Casual Gold Flats,Heels,Shoes,13551.jpg,Shoes,Shoes,0.9892715,OK
54678,Fastrack Women White Dial Watch NB9735SL02,Watches,Watches,54678.jpg,Watches,Watches,0.99905354,OK
15039,ADIDAS Women Stripes Pink Jackets,Jackets,Topwear,15039.jpg,Topwear,Topwear,0.9999981,OK
2213,Puma Men Brown Sandal,Sandals,Sandal,2213.jpg,Sandal,Sandal,0.9989654,OK
13846,John Miller Men Stripes Blue Shirts,Shirts,Topwear,13846.jpg,Topwear,Topwear,0.99988604,OK
38971,Arrow New York Men Grey T-shirt,Tshirts,Topwear,38971.jpg,Topwear,Topwear,0.9979086,OK
23534,DKNY Women Energise Perfume,Perfume and Body Mist,Fragrance,23534.jpg,Fragrance,Fragrance,0.9997836,OK
48801,Lucera Women Silver Pendant,Pendant,Jewellery,48801.jpg,Jewellery,Fragrance,0.9407946,ONE MODEL DISAGREES
32382,Arrow Woman Lavender Top,Tops,Topwear,32382.jpg,Topwear,Topwear,0.9998292,OK
38654,Nike Men Ballista White Sports Shoes,Sports Shoes,Shoes,38654.jpg,Shoes,Shoes,0.9999963,OK
18731,Arrow Woman Georgina 2 Navy Blue Sweater,Sweaters,Topwear,18731.jpg,Topwear,Topwear,0.99999845,OK
20731,Enroute Women Blue Peep Toes,Heels,Shoes,20731.jpg,Shoes,Shoes,0.99994373,OK
33044,Mother Earth Women Printed Blue Kurta,Kurtas,Topwear,33044.jpg,Topwear,Topwear,0.99982136,OK
28850,Proline Men Green Polo T-shirt,Tshirts,Topwear,28850.jpg,Topwear,Topwear,0.8989797,OK
40019,ADIDAS Men Blue T-shirt,Tshirts,Topwear,40019.jpg,Topwear,Topwear,0.99999917,OK
46899,Umbro Men Set of 2 Deos,Deodorant,Fragrance,46899.jpg,Fragrance,Fragrance,0.9997116,OK
57204,Kraus Jeans Women Blue Capris,Capris,Bottomwear,57204.jpg,Bottomwear,Bottomwear,0.99999213,OK
22458,Myntra Women Pink Leggings,Leggings,Bottomwear,22458.jpg,Bottomwear,Bottomwear,0.9994442,OK
36035,OTLS Unisex Olive Green Bag,Handbags,Bags,36035.jpg,Bags,Bags,0.9999969,OK
46991,Shree Women Green & Maroon  Embroidered Kurta,Kurtas,Topwear,46991.jpg,Topwear,Topwear,0.99999404,OK
45709,Paris Hilton Men Just Me Perfume,Perfume and Body Mist,Fragrance,45709.jpg,Fragrance,Fragrance,0.99997854,OK
3543,Myntra Men's I'm not a nut White T-shirt,Tshirts,Topwear,3543.jpg,Topwear,Topwear,1.0,OK
17236,U.S. Polo Assn. Men Stripes Blue Polo Tshirt,Tshirts,Topwear,17236.jpg,Topwear,Topwear,0.9999932,OK
12118,Aurelia Women Solid Rust Brown Kurtas,Kurtas,Topwear,12118.jpg,Topwear,Topwear,0.9966924,OK
43307,United Colors of Benetton Women White Shirt,Shirts,Topwear,43307.jpg,Topwear,Topwear,0.99984884,OK
2509,Numero Uno Men's Casual Grey Shoes,Casual Shoes,Shoes,2509.jpg,Shoes,Shoes,0.99530905,OK
19298,Guess Women Puffy G Black Watch,Watches,Watches,19298.jpg,Watches,Watches,1.0,OK
32531,Tonino Lamborghini Men Pack of 3 Deos,Deodorant,Fragrance,32531.jpg,Fragrance,Fragrance,0.9999964,OK
32457,ADIDAS Men Black Shorts,Shorts,Bottomwear,32457.jpg,Bottomwear,Bottomwear,0.9947924,OK
2956,DUSG Women Rishikesh Organic Wheat Top,Tops,Topwear,2956.jpg,Topwear,Topwear,0.9926594,OK
32214,Fabindia Women Printed Black Kurta,Kurtas,Topwear,32214.jpg,Topwear,Topwear,0.99998903,OK
45973,Tokyo Talkies Women Turquoise Blue Printed Top,Tops,Topwear,45973.jpg,Topwear,Topwear,0.99999976,OK
35644,U.S. Polo Assn. Men Black Sandals,Sandals,Sandal,35644.jpg,Sandal,Shoes,0.93116856,ONE MODEL DISAGREES
22751,BIBA Women Printed White Kurta,Kurtas,Topwear,22751.jpg,Topwear,Topwear,0.99997854,OK
57076,Elle Women Blue Jeans,Jeans,Bottomwear,57076.jpg,Bottomwear,Bottomwear,0.999841,OK
5434,Nike Men's Kill Man Red T-shirt,Tshirts,Topwear,5434.jpg,Topwear,Topwear,0.99998736,OK
5091,Wrangler Men's Burnt Out Royal Blue T-shirt,Tshirts,Topwear,5091.jpg,Topwear,Topwear,0.99908876,OK
59883,Femella Women Brown Tube Top,Tops,Topwear,59883.jpg,Topwear,Innerwear,0.97733784,ONE MODEL DISAGREES
11012,Wrangler Women Frill Check Multi Tops,Tops,Topwear,11012.jpg,Topwear,Topwear,0.99999833,OK
31972,Nike Men Air Relentless Grey Sports Shoes,Sports Shoes,Shoes,31972.jpg,Shoes,Shoes,0.99995697,OK
5316,Red Tape Men's Brown Formal Shoe,Formal Shoes,Shoes,5316.jpg,Shoes,Shoes,0.99983704,OK
58975,Colour me Men Blue Deo,Deodorant,Fragrance,58975.jpg,Fragrance,Fragrance,0.99998987,OK
16131,Tokyo Talkies Women Printed Red T-shirt,Tshirts,Topwear,16131.jpg,Topwear,Topwear,0.9999999,OK
27876,Scullers For Her Printed White Shirt,Shirts,Topwear,27876.jpg,Topwear,Topwear,0.9999987,OK
14731,Arrow Men Solid Lavender Shirts,Shirts,Topwear,14731.jpg,Topwear,Topwear,0.9999466,OK
39856,Gini and Jony Boys Printed Black T-Shirt,Tshirts,Topwear,39856.jpg,Topwear,Topwear,0.99999464,OK
23970,Peter England Men Green Casual T-shirt,Tshirts,Topwear,23970.jpg,Topwear,Topwear,0.99998105,OK
36857,Spykar Men Cult White Shirt,Shirts,Topwear,36857.jpg,Topwear,Topwear,0.9999889,OK
19112,Campbell Men Pack of 3 Solid Tshirts,Tshirts,Topwear,19112.jpg,Topwear,Topwear,0.9921822,OK
2118,ADIDAS Men's Foamy Striped Track Pants,Track Pants,Bottomwear,2118.jpg,Bottomwear,Bottomwear,0.9999956,OK
57335,Amante White Bra BCSO01,Bra,Innerwear,57335.jpg,Innerwear,Innerwear,0.999982,OK
15650,Nike Men Football Soccer White Tshirts,Tshirts,Topwear,15650.jpg,Topwear,Topwear,0.9999639,OK
59819,United Colors of Benetton Men Blue Shirt,Shirts,Topwear,59819.jpg,Topwear,Topwear,0.99992836,OK
26246,Proline Men Green Polo Tshirt,Tshirts,Topwear,26246.jpg,Topwear,Topwear,0.99999976,OK
6797,Nike Unisex Fundamen Pink Backpack,Backpacks,Bags,6797.jpg,Bags,Bags,0.9999852,OK
21533,Kiara Women Fluroscent Pink Handbag,Handbags,Bags,21533.jpg,Bags,Bags,0.99999714,OK
54305,Garfield Women Grey Melange Striped Bra GFA12-004,Bra,Innerwear,54305.jpg,Innerwear,Innerwear,0.99999356,OK
27307,ADIDAS Men Team Force Deo,Deodorant,Fragrance,27307.jpg,Fragrance,Fragrance,0.9992417,OK
4187,Disney Kids Girls Red Stripes Mickey Kidswear,Tshirts,Topwear,4187.jpg,Topwear,Topwear,0.9915485,OK
3130,Inkfruit Men's Its My Life Light Brown T-shirt,Tshirts,Topwear,3130.jpg,Topwear,Topwear,0.9998017,OK
28354,Idee Men Brown Sunglasses,Sunglasses,Eyewear,28354.jpg,Eyewear,Eyewear,0.99999976,OK
13851,Indigo Nation Men Check Blue Shirts,Shirts,Topwear,13851.jpg,Topwear,Topwear,0.99976796,OK
58015,Latin Quarters Women Pink Printed Top,Tops,Topwear,58015.jpg,Topwear,Topwear,0.99999607,OK
20140,Wrangler Men Check White Shirt,Shirts,Topwear,20140.jpg,Topwear,Topwear,0.9999995,OK
1598,Geonaute Women Blue Outdoor Bag,Handbags,Bags,1598.jpg,Bags,Bags,0.99999666,OK
41043,Nautica Men White Dial Chronograph Watch,Watches,Watches,41043.jpg,Watches,Watches,0.9998952,OK
58262,Baggit Women Bronze Clutch,Clutches,Bags,58262.jpg,Bags,Bags,0.99999976,OK
24943,United Colors of Benetton Kids Girls White T-shirt,Tshirts,Topwear,24943.jpg,Topwear,Topwear,0.9793314,OK
42818,Little Miss Intimates Women Grey Brief,Briefs,Innerwear,42818.jpg,Innerwear,Innerwear,0.9949635,OK
32623,Nike Men Miler Grey T-shirt,Tshirts,Topwear,32623.jpg,Topwear,Topwear,0.9989924,OK
42625,Estelle Women Earrings,Earrings,Jewellery,42625.jpg,Jewellery,Jewellery,0.99999595,OK
23312,W Women Green Printed Kurta,Kurtas,Topwear,23312.jpg,Topwear,Topwear,0.9999795,OK
59173,Fortune Men Black Formal Shoes,Formal Shoes,Shoes,59173.jpg,Shoes,Shoes,0.999393,OK
39800,Peter England Men Navy Blue Formal Shirts,Shirts,Topwear,39800.jpg,Topwear,Topwear,0.9999939,OK
52198,Lencia Women Silver Pendant,Pendant,Jewellery,52198.jpg,Jewellery,Jewellery,0.99999726,OK
11756,Lee Women Solid White Tops,Tops,Topwear,11756.jpg,Topwear,Topwear,0.9994911,OK
48858,Lucera Women Gold Pendant with Chain,Pendant,Jewellery,48858.jpg,Jewellery,Jewellery,0.9989655,OK
26609,Puma Men Osuran Black Sports Shoes,Sports Shoes,Shoes,26609.jpg,Shoes,Shoes,0.99992085,OK
40387,Tokyo Talkies Women Orange Top,Tops,Topwear,40387.jpg,Topwear,Topwear,0.9999945,OK
14862,United Colors of Benetton Women Mettalic Coffee Brown Necklace,Necklace and Chains,Jewellery,14862.jpg,Jewellery,Watches,0.95782477,ONE MODEL DISAGREES
59725,Avirate White Bra,Bra,Innerwear,59725.jpg,Innerwear,Innerwear,0.9998522,OK
58220,Shree Women Multi Coloured Patiala,Patiala,Bottomwear,58220.jpg,Bottomwear,Jewellery,0.6076774,ONE MODEL DISAGREES
32647,Nike Kids Boys Contemporary Athlete Blue T-shirt,Tshirts,Topwear,32647.jpg,Topwear,Topwear,0.9996,OK
8304,Skechers Women Shape Ups Toner Black Shoe,Sports Shoes,Shoes,8304.jpg,Shoes,Shoes,0.99997735,OK
9130,Puma Men Osu NM Grey Casual Shoes,Casual Shoes,Shoes,9130.jpg,Shoes,Shoes,0.99839145,OK
30676,Park Avenue Men Black Sunglasses,Sunglasses,Eyewear,30676.jpg,Eyewear,Eyewear,0.9999994,OK
29874,Mayhem Men Rectangular Sunglasses 1021-201,Sunglasses,Eyewear,29874.jpg,Eyewear,Eyewear,0.9999993,OK
16146,Tokyo Talkies Women Printed Grey Top,Tops,Topwear,16146.jpg,Topwear,Topwear,0.9999372,OK
10210,Murcia Women Kkhh Red Handbags,Handbags,Bags,10210.jpg,Bags,Bags,1.0,OK
5891,Puma Men's Stripe Polo Black T-shirt,Tshirts,Topwear,5891.jpg,Topwear,Topwear,0.99984324,OK
31017,Arrow Men White Striped Shirt,Shirts,Topwear,31017.jpg,Topwear,Topwear,0.9998933,OK
22609,Nike Women Pink Sweatshirts,Sweatshirts,Topwear,22609.jpg,Topwear,Topwear,0.9996791,OK
57893,Femella Women Cream Leggings,Leggings,Bottomwear,57893.jpg,Bottomwear,Bottomwear,0.9999769,OK
19576,United Colors of Benetton Women White Top,Tops,Topwear,19576.jpg,Topwear,Topwear,0.66139793,OK
23711,Ray-Ban Men Wayfarer Sunglasses,Sunglasses,Eyewear,23711.jpg,Eyewear,Eyewear,0.9986467,OK
51478,Denizen Men Black Printed T-shirt,Tshirts,Topwear,51478.jpg,Topwear,Topwear,0.99762565,OK
27046,Yelloe Brown Heavy Strap Handbag,Handbags,Bags,27046.jpg,Bags,Bags,0.9992343,OK
8405,ADIDAS Men M Rsp Tee Black T-Shirts,Tshirts,Topwear,8405.jpg,Topwear,Topwear,0.9994979,OK
12193,Basics Men White Checked Shirt,Shirts,Topwear,12193.jpg,Topwear,Topwear,0.99994564,OK
28935,Mr. Men Printed Blue T-shirt,Tshirts,Topwear,28935.jpg,Topwear,Topwear,0.9999974,OK
26433,Spice Art Women Leatherette Black Handbag,Handbags,Bags,26433.jpg,Bags,Bags,0.9999987,OK
9732,Indian Terrain Men Check White  Shirt,Shirts,Topwear,9732.jpg,Topwear,Topwear,0.9998355,OK
7119,Wildcraft Unisex Olive Green Backpack,Backpacks,Bags,7119.jpg,Bags,Bags,0.9999988,OK
28300,Fastrack Men Copper Sunglasses,Sunglasses,Eyewear,28300.jpg,Eyewear,Eyewear,0.99999917,OK
10044,Puma Men Ferrari Logo Black Tshirts,Tshirts,Topwear,10044.jpg,Topwear,Topwear,0.99985707,OK
23047,Arrow Woman Charcoal Solid Sweater,Sweaters,Topwear,23047.jpg,Topwear,Topwear,0.99998474,OK
48759,Miki Pearl Women Ivory Jewellery Set,Jewellery Set,Jewellery,48759.jpg,Jewellery,Jewellery,0.9999622,OK
22719,Nike Men Dart 9 MSL White Sports Shoes,Sports Shoes,Shoes,22719.jpg,Shoes,Shoes,0.9999807,OK
32589,Only  Women Black Shorts,Shorts,Bottomwear,32589.jpg,Bottomwear,Bottomwear,0.99950564,OK
35982,Flying Machine Women Grey T-shirt,Tshirts,Topwear,35982.jpg,Topwear,Topwear,0.9999765,OK
14072,Flying Machine Women Printed White Tshirts,Tshirts,Topwear,14072.jpg,Topwear,Topwear,0.99982506,OK
16872,Idee Women Funky Eyewear Brown Sunglasses,Sunglasses,Eyewear,16872.jpg,Eyewear,Eyewear,0.9999994,OK
41991,Gini and Jony Boys Check Black Shirt,Shirts,Topwear,41991.jpg,Topwear,Topwear,0.999997,OK
16222,Puma Men Heroes Black Track Pant,Track Pants,Bottomwear,16222.jpg,Bottomwear,Bottomwear,0.99998426,OK
57091,Elle Women Black Skirt,Skirts,Bottomwear,57091.jpg,Bottomwear,Bottomwear,0.9975375,OK
21599,Indigo Nation Men Solid Black Trousers,Trousers,Bottomwear,21599.jpg,Bottomwear,Bottomwear,0.99998045,OK
42205,Sepia Women Blue Top,Tops,Topwear,42205.jpg,Topwear,Topwear,0.9999975,OK
24021,Locomotive Men Navy Blue Printed T-shirt,Tshirts,Topwear,24021.jpg,Topwear,Topwear,0.99746406,OK
8238,Rockport Men's Casual Brown Shoe,Casual Shoes,Shoes,8238.jpg,Shoes,Shoes,0.9998311,OK
20612,Baggit Women Ishqx Barat Pink Handbag,Handbags,Bags,20612.jpg,Bags,Bags,0.9997366,OK
11223,Esprit Women Silver Glam Rock Houston Steel Watches,Watches,Watches,11223.jpg,Watches,Watches,0.9999653,OK
9457,John Miller Men Red white Shirts,Shirts,Topwear,9457.jpg,Topwear,Topwear,0.999824,OK
46643,Rasasi Women Royale Deo,Deodorant,Fragrance,46643.jpg,Fragrance,Fragrance,0.99999154,OK
16957,Image Men Sunglasses,Sunglasses,Eyewear,16957.jpg,Eyewear,Eyewear,0.9999926,OK
15192,Arrow Sport Men Solid Yellow Polo Tshirts,Tshirts,Topwear,15192.jpg,Topwear,Topwear,0.98311126,OK
33869,Citizen Men Sliver Dial Chronograph Watch,Watches,Watches,33869.jpg,Watches,Watches,0.99999857,OK
39375,Helix Women Silver Dial Watch,Watches,Watches,39375.jpg,Watches,Watches,0.9906459,OK
6115,UCB Men's United Colors Flock Navy T-shirt,Tshirts,Topwear,6115.jpg,Topwear,Topwear,0.7963836,OK
13841,ADIDAS Unisex Three Small Dials White Watches,Watches,Watches,13841.jpg,Watches,Watches,0.9999999,OK
42871,French Connection Women Red Clutch,Clutches,Bags,42871.jpg,Bags,Bags,0.9999938,OK
48945,Revv Men Steel Ring,Ring,Jewellery,48945.jpg,Jewellery,Jewellery,0.9999951,OK
33311,Jack & Jones Men White & Navy Blue T-shirt,Tshirts,Topwear,33311.jpg,Topwear,Topwear,0.9995634,OK
40668,Lee Women Grey Glorious Shirt,Shirts,Topwear,40668.jpg,Topwear,Topwear,0.99999607,OK
43132,David Beckham Men Signature Perfume,Perfume and Body Mist,Fragrance,43132.jpg,Fragrance,Fragrance,0.99998546,OK
51384,Myntra Blue Printed Boxers,Boxers,Innerwear,51384.jpg,Innerwear,Innerwear,0.9976042,OK
28953,BIBA OUTLET Women Yellow Kurti,Kurtis,Topwear,28953.jpg,Topwear,Topwear,0.9999994,OK
38743,Nike Unisex Purple Hayward Backpack,Backpacks,Bags,38743.jpg,Bags,Bags,1.0,OK
7559,Nike Men's Black Polo T-shirt,Tshirts,Topwear,7559.jpg,Topwear,Topwear,0.99821895,OK
53794,Puma Men Red Ferrari T-shirt,Tshirts,Topwear,53794.jpg,Topwear,Topwear,0.9999522,OK
10324,Puma Women Heather USP Black Tshirts,Tops,Topwear,10324.jpg,Topwear,Topwear,0.9999583,OK
11198,Carrera Men Dial steel strap numbers Black Watches,Watches,Watches,11198.jpg,Watches,Watches,1.0,OK
5717,Basics Men Grey & White Striped T-shirt,Tshirts,Topwear,5717.jpg,Topwear,Topwear,0.99995816,OK
45938,Maxima Men Black Dial Watch,Watches,Watches,45938.jpg,Watches,Watches,0.9999814,OK
47174,Ganuchi Men Black Sandals,Sandals,Sandal,47174.jpg,Sandal,Sandal,0.9973175,OK
25565,Fila Men Swift White Sports Shoes,Sports Shoes,Shoes,25565.jpg,Shoes,Shoes,0.99999785,OK
1880,FIFA Mens World Cup Champions Black T-shirt,Tshirts,Topwear,1880.jpg,Topwear,Topwear,0.9998888,OK
15032,ADIDAS Women Stripes Blue Sweaters,Sweaters,Topwear,15032.jpg,Topwear,Topwear,0.9999721,OK
23836,ADIDAS Men Khaki Agora Sports Shoes,Sports Shoes,Shoes,23836.jpg,Shoes,Shoes,0.999954,OK
57168,Elle Women Teal T-shirt,Tshirts,Topwear,57168.jpg,Topwear,Topwear,0.9999032,OK
34508,ADIDAS Men Clipper Black Shoes,Casual Shoes,Shoes,34508.jpg,Shoes,Shoes,0.99102074,OK
17864,Levis Men Boxer Black Brief,Briefs,Innerwear,17864.jpg,Innerwear,Innerwear,0.9999628,OK
35182,Wildcraft Women Pink Backpack,Backpacks,Bags,35182.jpg,Bags,Bags,0.9999995,OK
47523,Facit Men Red Brief,Briefs,Innerwear,47523.jpg,Innerwear,Innerwear,0.99988437,OK
10763,Nike Men Trainng Blue T-shirt,Tshirts,Topwear,10763.jpg,Topwear,Topwear,0.999982,OK
51056,Enamor Women Pink Dress Up 75 Briefs,Briefs,Innerwear,51056.jpg,Innerwear,Innerwear,0.9989592,OK
31242,Puma Men Attack White T-shirt,Tshirts,Topwear,31242.jpg,Topwear,Topwear,0.99995196,OK
51912,Nyk Women Pink Sling Bag,Handbags,Bags,51912.jpg,Bags,Bags,0.9999975,OK
11455,United Colors of Benetton Men Light Winters Black Shirts,Shirts,Topwear,11455.jpg,Topwear,Topwear,0.9999826,OK
43615,Vero Moda Women White Tunic,Tunics,Topwear,43615.jpg,Topwear,Topwear,0.9938759,OK
14737,Arrow Men Stripes Grey Shirts,Shirts,Topwear,14737.jpg,Topwear,Topwear,0.9999248,OK
19137,Lotto Men Sting II Brown Sandals,Sandals,Sandal,19137.jpg,Sandal,Sandal,0.99524885,OK
23024,Global Desi Women Pink Tunic,Tunics,Topwear,23024.jpg,Topwear,Topwear,0.99946254,OK
24548,Mother Earth Women Green Top,Tops,Topwear,24548.jpg,Topwear,Topwear,0.9984602,OK
45534,Fila Men White T-shirt,Tshirts,Topwear,45534.jpg,Topwear,Topwear,0.99816614,OK
40153,Gini and Jony Boys Surfs Up Black T-shirt,Tshirts,Topwear,40153.jpg,Topwear,Topwear,0.9999974,OK
37081,Lino Perros Women Brown Handbag,Handbags,Bags,37081.jpg,Bags,Bags,1.0,OK
48566,Lucera Women Silver Bracelet,Bracelet,Jewellery,48566.jpg,Jewellery,Jewellery,0.87036675,OK
36522,United Colors of Benetton Women Black Bag,Handbags,Bags,36522.jpg,Bags,Bags,0.99999857,OK
17320,Pepe Jeans Men Casual Sunglasses,Sunglasses,Eyewear,17320.jpg,Eyewear,Eyewear,0.99999404,OK
57164,Elle Women Black T-shirt,Tshirts,Topwear,57164.jpg,Topwear,Topwear,0.99929166,OK
41361,Wrangler Men Navy Blue Floyd Jeans,Jeans,Bottomwear,41361.jpg,Bottomwear,Bottomwear,0.99998677,OK
53369,Puma Women Black Bag,Handbags,Bags,53369.jpg,Bags,Bags,1.0,OK
1795,Newfeel 22L Black Bag,Backpacks,Bags,1795.jpg,Bags,Bags,0.99995923,OK
55644,Catwalk Women Black Heels,Heels,Shoes,55644.jpg,Shoes,Shoes,0.9993868,OK
53286,Locomotive Men Blue Jeans,Jeans,Bottomwear,53286.jpg,Bottomwear,Bottomwear,0.9999924,OK
15780,Facit Men Mid- Rise BF Red Briefs,Briefs,Innerwear,15780.jpg,Innerwear,Innerwear,0.99991715,OK
12065,W Women Printed Navy Blue Kurtas,Kurtas,Topwear,12065.jpg,Topwear,Topwear,0.9999491,OK
43264,Aneri Women White Kurta,Kurtas,Topwear,43264.jpg,Topwear,Topwear,0.9999906,OK
11547,W Women Printed Green Kurtas,Kurtas,Topwear,11547.jpg,Topwear,Topwear,0.99999976,OK
43165,Fastrack Men Navy Blue Dial Watch,Watches,Watches,43165.jpg,Watches,Watches,0.99999976,OK
17698,Vans Men Bali Brown Casual Shoes,Casual Shoes,Shoes,17698.jpg,Shoes,Shoes,0.9997266,OK
2389,Red Tape Men Casual White Shoe,Casual Shoes,Shoes,2389.jpg,Shoes,Shoes,0.9992787,OK
14912,Mr. Men Men Mr. Lazy DK.Pink Tshirts,Tshirts,Topwear,14912.jpg,Topwear,Topwear,0.99999464,OK
12506,Red Tape Men Brown Shoes,Casual Shoes,Shoes,12506.jpg,Shoes,Shoes,0.9996352,OK
54080,Mumbai Slang Women Brown Kurti,Kurtis,Topwear,54080.jpg,Topwear,Topwear,0.9999176,OK
14398,Enroute Women DK.Grey shoes,Casual Shoes,Shoes,14398.jpg,Shoes,Shoes,0.9998479,OK
46080,ADIDAS Men Blue Sports Shoes,Sports Shoes,Shoes,46080.jpg,Shoes,Shoes,0.99608433,OK
18254,Aneri Women Protima Green Kurta,Kurtas,Topwear,18254.jpg,Topwear,Topwear,0.999998,OK
7598,Nike Men's Tennis Mas Black T-shirt,Tshirts,Topwear,7598.jpg,Topwear,Topwear,0.98515356,OK
24175,Aurelia Women Olive Kurti,Kurtis,Topwear,24175.jpg,Topwear,Topwear,0.9999685,OK
22837,Woodland Men Camel Casual Shoes,Casual Shoes,Shoes,22837.jpg,Shoes,Shoes,0.9998791,OK
22471,Timberland Men Red Claremont Shirt,Shirts,Topwear,22471.jpg,Topwear,Topwear,0.9999474,OK
31107,Gini and Jony Boys Printed Green T-shirt,Tshirts,Topwear,31107.jpg,Topwear,Topwear,0.999408,OK
4376,Mickey Men's Textured Silhoutte Heritage Blue T-shirt,Tshirts,Topwear,4376.jpg,Topwear,Topwear,0.99911433,OK
4561,Nike Men's Dunk Low White Shoe,Sports Shoes,Shoes,4561.jpg,Shoes,Shoes,0.99966013,OK
5976,Highlander Men White Red Checked Shirt,Shirts,Topwear,5976.jpg,Topwear,Topwear,0.9999778,OK
19666,United Colors of Benetton Women Solid Grey Top,Tops,Topwear,19666.jpg,Topwear,Topwear,0.99999595,OK
43398,ADIDAS Women Fruity Rhythm Perfume & Deo Set,Fragrance Gift Set,Fragrance,43398.jpg,Fragrance,Fragrance,0.99996114,OK
2278,Nike Mens Sphere White T-shirt,Tshirts,Topwear,2278.jpg,Topwear,Topwear,0.99750096,OK
58073,Rreverie Golden & Purple Earrings,Earrings,Jewellery,58073.jpg,Jewellery,Jewellery,0.9999999,OK
41382,Wrangler Women Blossom Pink Top,Tops,Topwear,41382.jpg,Topwear,Topwear,0.9857598,OK
21660,Enamor Women Smooth Lavender Bra,Bra,Innerwear,21660.jpg,Innerwear,Innerwear,0.9999881,OK
7845,Puma Men's Allegra Mid Black Silver Shoe,Sports Shoes,Shoes,7845.jpg,Shoes,Shoes,0.9995883,OK
4750,ADIDAS Men's Sf Gym Polo Black White Grey T-Shirt,Tshirts,Topwear,4750.jpg,Topwear,Topwear,0.9999871,OK
7096,Wildcraft Unisex Red Backpack,Backpacks,Bags,7096.jpg,Bags,Bags,0.99999094,OK
22049,Vishudh Women Blue Printed Kurta,Kurtas,Topwear,22049.jpg,Topwear,Topwear,0.9999908,OK
12500,United Colors of Benetton Men Short Black Shirts,Shirts,Topwear,12500.jpg,Topwear,Topwear,0.99999285,OK
10452,Flying Machine Men HS Grey Tshirts,Tshirts,Topwear,10452.jpg,Topwear,Topwear,0.9996493,OK
28315,Red Tape Men Grey Shoes,Casual Shoes,Shoes,28315.jpg,Shoes,Shoes,0.9895163,OK
46529,Timex Men Silver Toned Dial Watch,Watches,Watches,46529.jpg,Watches,Watches,1.0,OK
20755,Carlton London Women Peep Toe Denim Blue Casual shoes,Casual Shoes,Shoes,20755.jpg,Shoes,Shoes,0.99959177,OK
7871,Provogue Men's Formal Black Shoe,Formal Shoes,Shoes,7871.jpg,Shoes,Shoes,0.99986887,OK
57014,HM Women Multicoloured Heels,Flats,Shoes,57014.jpg,Shoes,Shoes,0.9724362,OK
48449,French Connection Men Blue T-shirt,Tshirts,Topwear,48449.jpg,Topwear,Topwear,0.98144907,OK
57462,Pitaraa Women Golden Clutch,Clutches,Bags,57462.jpg,Bags,Bags,0.999987,OK
5352,Kalenji Dt. Newfeel Strap Black 09,Sports Shoes,Shoes,5352.jpg,Shoes,Shoes,0.96250284,OK
3262,Guerrilla Men's Need Money White T-shirt,Tshirts,Topwear,3262.jpg,Topwear,Topwear,0.99996495,OK
29700,John Miller Men Check Blue Shirt,Shirts,Topwear,29700.jpg,Topwear,Topwear,0.9992305,OK
19392,ADIDAS Men Solid Black Jersey,Tshirts,Topwear,19392.jpg,Topwear,Topwear,0.9980597,OK
16213,Puma Men Training  White TShirt,Tshirts,Topwear,16213.jpg,Topwear,Topwear,0.9994616,OK
29006,Cabarelli Men Black Backpack,Backpacks,Bags,29006.jpg,Bags,Bags,0.9999993,OK
7744,Indigo Nation Men Navy Blue Polo T-shirt,Tshirts,Topwear,7744.jpg,Topwear,Topwear,0.99999535,OK
32313,Q&Q Women Red Dial Watch,Watches,Watches,32313.jpg,Watches,Watches,0.99998677,OK
46400,ADIDAS Men Grey Shorts,Shorts,Bottomwear,46400.jpg,Bottomwear,Bottomwear,0.9994319,OK
15741,Nike Men Lunarglide + Shield Grey Sports Shoes,Sports Shoes,Shoes,15741.jpg,Shoes,Shoes,0.9997367,OK
11676,Lee Men Check Blue Shirts,Shirts,Topwear,11676.jpg,Topwear,Topwear,0.9999858,OK
18860,Puma Men White Grafitti T-shirt,Tshirts,Topwear,18860.jpg,Topwear,Topwear,0.99908555,OK
34002,Femella Women Cream Shirt,Shirts,Topwear,34002.jpg,Topwear,Topwear,0.99992085,OK
32342,Q&Q Men White Dial Watch,Watches,Watches,32342.jpg,Watches,Watches,1.0,OK
36324,Mr.Men Boys Mr. Happy White T-shirt,Tshirts,Topwear,36324.jpg,Topwear,Topwear,0.9997898,OK
41714,Catwalk Women Black Wedges,Heels,Shoes,41714.jpg,Shoes,Shoes,0.99915195,OK
26586,Puma Men Esito Vulc Cetto White Sports Shoes,Sports Shoes,Shoes,26586.jpg,Shoes,Shoes,0.99999154,OK
11490,Puma Women Flux-M Black Watch,Watches,Watches,11490.jpg,Watches,Watches,0.9824858,OK
38534,Puma Men Brown Future Cat Shoes,Casual Shoes,Shoes,38534.jpg,Shoes,Shoes,0.9994247,OK
45096,Bwitch Purple Full-Coverage Lace Bra RTV-BW334,Bra,Innerwear,45096.jpg,Innerwear,Innerwear,0.9998915,OK
6520,Nike Unisex Total 90 Stri Blue Backpack,Backpacks,Bags,6520.jpg,Bags,Bags,1.0,OK
20146,Wrangler Men Urban Navy Blue Shirt,Shirts,Topwear,20146.jpg,Topwear,Topwear,0.9999758,OK
32226,Fabindia Women Printed Olive Kurta,Kurtas,Topwear,32226.jpg,Topwear,Topwear,0.99999464,OK
41959,Gini and Jony Boys Rugby Green T-shirt,Tshirts,Topwear,41959.jpg,Topwear,Topwear,0.99999607,OK
2215,Puma Men Gypsy Olive Sandals,Sandals,Sandal,2215.jpg,Sandal,Sandal,0.9933003,OK
4321,Tantra Kid's Unisex Genius Red Kidswear,Tshirts,Topwear,4321.jpg,Topwear,Topwear,0.99999774,OK
12297,Genesis Men Stripes Blue Shirts,Shirts,Topwear,12297.jpg,Topwear,Topwear,0.99992883,OK
12068,W Women Printed White Kurtas,Kurtas,Topwear,12068.jpg,Topwear,Topwear,0.9991115,OK
59914,Diva Women Black & White Printed Kurta,Kurtas,Topwear,59914.jpg,Topwear,Topwear,0.99994123,OK
16047,Highlander Men Check Maroon Slim Fit Shirt,Shirts,Topwear,16047.jpg,Topwear,Topwear,0.99999964,OK
15246,ADIDAS Originals Men Gazelle 2 White Casual Shoes,Casual Shoes,Shoes,15246.jpg,Shoes,Shoes,0.99999166,OK
26959,Jealous 21 Women Pink Shirt,Shirts,Topwear,26959.jpg,Topwear,Topwear,0.9999999,OK
50352,Aurelia Women Navy Blue Kurta,Kurtas,Topwear,50352.jpg,Topwear,Topwear,0.99220675,OK
17816,Lee Cooper Men  Brown Sandal,Sandals,Sandal,17816.jpg,Sandal,Sandal,0.9807571,OK
59553,Lucera  Silver Bracelet,Bracelet,Jewellery,59553.jpg,Jewellery,Jewellery,0.9999447,OK
19661,United Colors of Benetton Men Printed Black Sweatshirt,Sweatshirts,Topwear,19661.jpg,Topwear,Topwear,0.99997807,OK
49995,Hanes Women Beige Camisole,Camisoles,Innerwear,49995.jpg,Innerwear,Innerwear,0.86705494,OK
37251,United Colors of Benetton Men Brown Shoes,Casual Shoes,Shoes,37251.jpg,Shoes,Shoes,0.99999166,OK
57321,Amante Women Blue Full-Coverage Lace Bra BCFR11,Bra,Innerwear,57321.jpg,Innerwear,Innerwear,0.9994673,OK
46432,Timex Men Black Watch,Watches,Watches,46432.jpg,Watches,Watches,0.9999999,OK
23526,Hugo Boss Men EDT Perfume,Perfume and Body Mist,Fragrance,23526.jpg,Fragrance,Fragrance,0.9999987,OK
3738,Lotto Men's Kochi Tuskers Cotton Graphic White T-shirt,Tshirts,Topwear,3738.jpg,Topwear,Topwear,0.9999782,OK
44167,Nike Fragrances Men Cool Wind Perfume and Deo Set,Fragrance Gift Set,Fragrance,44167.jpg,Fragrance,Fragrance,0.9999871,OK
2985,Puma Men's Football Smash Graphic Black T-shirt,Tshirts,Topwear,2985.jpg,Topwear,Topwear,0.99994683,OK
7817,Proline Men Purple Striped Polo T-shirt,Tshirts,Topwear,7817.jpg,Topwear,Topwear,0.99991953,OK
20766,Carlton London Women Classy Black Heels,Heels,Shoes,20766.jpg,Shoes,Shoes,0.9831771,OK
30555,Opium Men Black Sunglass,Sunglasses,Eyewear,30555.jpg,Eyewear,Eyewear,0.99999905,OK
8208,Locomotive Men Solid Lantos Blue T-Shirts,Tshirts,Topwear,8208.jpg,Topwear,Topwear,0.99998057,OK
14408,Enroute Women Casual Beige Flats,Heels,Shoes,14408.jpg,Shoes,Shoes,0.9999124,OK
5728,Reebok Men's Acciomax White Shoe,Sports Shoes,Shoes,5728.jpg,Shoes,Shoes,0.9997502,OK
52120,Doodle Boys white Printed T-Shirt,Tshirts,Topwear,52120.jpg,Topwear,Topwear,0.9745247,OK
46783,Love Passport Women Perfume,Perfume and Body Mist,Fragrance,46783.jpg,Fragrance,Fragrance,0.99998784,OK
58741,Puma Men Purple T-shirt,Tshirts,Topwear,58741.jpg,Topwear,Topwear,0.9967014,OK
12155,Aurelia Women Solid Beige Leggings,Leggings,Bottomwear,12155.jpg,Bottomwear,Bottomwear,0.9994229,OK
57429,Angry Birds Women Blue T-shirt,Tshirts,Topwear,57429.jpg,Topwear,Topwear,0.9999982,OK
6222,UCB Women's Round Neck Green T-shirt,Tshirts,Topwear,6222.jpg,Topwear,Topwear,0.9987509,OK
16919,Spykar Men Washed Blue Jeans,Jeans,Bottomwear,16919.jpg,Bottomwear,Bottomwear,0.99999905,OK
15466,Puma Men Mens Active Padded Vest Blue Jackets,Jackets,Topwear,15466.jpg,Topwear,Topwear,0.9999863,OK
28469,Urban Yoga Women Printed Pink T-shirt,Tshirts,Topwear,28469.jpg,Topwear,Topwear,1.0,OK
46751,Nautilus Men Blazer Perfume,Perfume and Body Mist,Fragrance,46751.jpg,Fragrance,Fragrance,0.9988871,OK
42413,Basics Men Grey Hip Brief,Briefs,Innerwear,42413.jpg,Innerwear,Innerwear,0.99992967,OK
11737,Lee Men Stripes Green T-shirt,Tshirts,Topwear,11737.jpg,Topwear,Topwear,1.0,OK
47253,FCUK Underwear Men Blue Brief,Briefs,Innerwear,47253.jpg,Innerwear,Innerwear,0.9998888,OK
39921,Tortoise Unisex Brown Leather Duffel Bag,Duffel Bag,Bags,39921.jpg,Bags,Bags,0.9996829,OK
30559,Opium Unisex Black Sunglasses,Sunglasses,Eyewear,30559.jpg,Eyewear,Eyewear,0.9999845,OK
14949,Status Quo Men Solid Black Tshirts,Tshirts,Topwear,14949.jpg,Topwear,Topwear,0.9994299,OK
38604,Nike Men White Eligible T-shirt,Tshirts,Topwear,38604.jpg,Topwear,Topwear,0.99997175,OK
37250,United Colors of Benetton Men Navy Blue Shoes,Casual Shoes,Shoes,37250.jpg,Shoes,Shoes,0.99955446,OK
37308,CASIO Edifice Men Silver-Toned Analogue & Digital Watch ED240,Watches,Watches,37308.jpg,Watches,Watches,1.0,OK
36314,Mr.Men Boys Hmmph White T-shirt,Tshirts,Topwear,36314.jpg,Topwear,Topwear,0.999696,OK
38982,Arrow Men Green Striped Shirt,Shirts,Topwear,38982.jpg,Topwear,Topwear,0.9994541,OK
27987,Jockey ZONE Men Zone White Brief US14,Briefs,Innerwear,27987.jpg,Innerwear,Innerwear,0.9999914,OK
22327,John Players Men Stripes Orange Polo T-Shirt,Tshirts,Topwear,22327.jpg,Topwear,Topwear,0.9999993,OK
36761,Maxima Men Black Watch,Watches,Watches,36761.jpg,Watches,Watches,1.0,OK
19149,United Colors of Benetton Men Solid White Polo Tshirt,Tshirts,Topwear,19149.jpg,Topwear,Topwear,0.9998392,OK
16027,Highlander Men Check Blue Shirt,Shirts,Topwear,16027.jpg,Topwear,Topwear,0.9999994,OK
13671,Levis Kids Blue Solid Jean,Jeans,Bottomwear,13671.jpg,Bottomwear,Bottomwear,0.9993755,OK
52145,Femella Women Grey Polo T-Shirt,Tshirts,Topwear,52145.jpg,Topwear,Topwear,0.9999893,OK
7468,Proline Men Black Polo T-shirt,Tshirts,Topwear,7468.jpg,Topwear,Topwear,0.99915504,OK
8219,Fastrack Unisex Navy Red Single Strap Backpack,Backpacks,Bags,8219.jpg,Bags,Bags,0.99964964,OK
6943,Tantra Men's Decade Ago Green T-shirt,Tshirts,Topwear,6943.jpg,Topwear,Topwear,0.9999989,OK
36898,Fossil Men Black Chronograph Watch FS4545,Watches,Watches,36898.jpg,Watches,Watches,0.99999917,OK
31410,Spykar Men White Innerwear Vest,Innerwear Vests,Innerwear,31410.jpg,Innerwear,Innerwear,0.9401716,OK
18700,Hanes Men Black Ultimate Duo Dry Cotton Stretch Hip Briefs,Briefs,Innerwear,18700.jpg,Innerwear,Innerwear,0.9999995,OK
46614,Catwalk Women Black Heels,Heels,Shoes,46614.jpg,Shoes,Shoes,0.9973068,OK
34901,Fabindia Olive Green Hand Printed Kota Dupatta,Dupatta,Topwear,34901.jpg,Topwear,Topwear,0.9996612,OK
26875,Jealous 21 Women Pink Printed T-shirt,Tshirts,Topwear,26875.jpg,Topwear,Topwear,0.99999166,OK
11871,Franco Leone Men Formal Black Formal Shoes,Formal Shoes,Shoes,11871.jpg,Shoes,Shoes,0.9996252,OK
51617,Kraus Jeans Women Grey Jeggings,Jeggings,Bottomwear,51617.jpg,Bottomwear,Bottomwear,0.9999968,OK
5317,Red Tape Men's Slip On Brown Formal Shoe,Formal Shoes,Shoes,5317.jpg,Shoes,Shoes,0.9999981,OK
9342,Puma Men Pants Navy Blue Shorts,Shorts,Bottomwear,9342.jpg,Bottomwear,Bottomwear,0.999972,OK
1926,Puma Mens Ocean Racing Blues T-shirt,Tshirts,Topwear,1926.jpg,Topwear,Topwear,0.9999882,OK
59527,Lucera Silver Earrings,Earrings,Jewellery,59527.jpg,Jewellery,Jewellery,0.99997115,OK
19366,Redtape Men Pontoise Black Formal Shoes,Formal Shoes,Shoes,19366.jpg,Shoes,Shoes,0.99991333,OK
27887,Scullers For Her White Check Shirt,Shirts,Topwear,27887.jpg,Topwear,Topwear,0.99999785,OK
34276,Fabindia Women Olive Kota Tepchi Dupatta,Dupatta,Topwear,34276.jpg,Topwear,Topwear,0.9996145,OK
40658,Span Women Multi Coloured Kurta,Kurtas,Topwear,40658.jpg,Topwear,Topwear,0.99994636,OK
11837,Playboy Men Casual Red Casual Shoes,Casual Shoes,Shoes,11837.jpg,Shoes,Shoes,0.9999988,OK
59673,FNF Red Bridal Collection Lehenga Choli,Lehenga Choli,Topwear,59673.jpg,Topwear,Topwear,0.99538887,OK
59254,Titan Men White Dial Watch,Watches,Watches,59254.jpg,Watches,Watches,0.9999999,OK
53753,ADIDAS Men Red Shorts,Shorts,Bottomwear,53753.jpg,Bottomwear,Bottomwear,0.99791414,OK
33557,Wrangler Women Chervon Yellow T-shirt,Tshirts,Topwear,33557.jpg,Topwear,Topwear,0.9999994,OK
35421,ADIDAS Women Viking White Sports Shoes,Sports Shoes,Shoes,35421.jpg,Shoes,Shoes,0.9999795,OK
23542,Police Women Pure EDT Perfume,Perfume and Body Mist,Fragrance,23542.jpg,Fragrance,Fragrance,0.99766636,OK
3567,ADIDAS Men's Silver White Running Shoe,Sports Shoes,Shoes,3567.jpg,Shoes,Shoes,0.9999764,OK
26632,Puma Women Winning Diva Ballerina Grey Casual Shoes,Casual Shoes,Shoes,26632.jpg,Shoes,Shoes,0.9993956,OK
35659,U.S. Polo Assn. Men Brown Shoes,Casual Shoes,Shoes,35659.jpg,Shoes,Shoes,0.9999411,OK
11043,Scullers Men Check White Shirts,Shirts,Topwear,11043.jpg,Topwear,Topwear,0.96472776,OK
58018,Rreverie Silver & White Earrings,Earrings,Jewellery,58018.jpg,Jewellery,Jewellery,0.9993051,OK
10431,Flying Machine Men Ydc Grey Shirts,Shirts,Topwear,10431.jpg,Topwear,Topwear,0.99997294,OK
35529,Enroute Teens Orange Sandals,Sandals,Sandal,35529.jpg,Sandal,Shoes,0.909589,ONE MODEL DISAGREES
16211,Puma Men Track Black Jackets,Jackets,Topwear,16211.jpg,Topwear,Topwear,0.99999607,OK
17890,Levis Men Cruiser Maroon Innerwear Vest,Innerwear Vests,Innerwear,17890.jpg,Innerwear,Innerwear,0.99439776,OK
46493,Timex Men Brown Dial Watch,Watches,Watches,46493.jpg,Watches,Watches,1.0,OK
39256,Red Chief Men Brown Formal Shoes,Formal Shoes,Shoes,39256.jpg,Shoes,Shoes,0.97802883,OK
4301,Tantra Kid's Unisex Moustaches White Kidswear,Tshirts,Topwear,4301.jpg,Topwear,Fragrance,0.7135824,ONE MODEL DISAGREES
43481,French Connection Men Black Shirt,Shirts,Topwear,43481.jpg,Topwear,Topwear,0.99975604,OK
23845,ADIDAS Men White Sprint Star Sports Shoes,Sports Shoes,Shoes,23845.jpg,Shoes,Shoes,0.9997509,OK
2105,ADIDAS Men's Climalite Track Pants,Track Pants,Bottomwear,2105.jpg,Bottomwear,Bottomwear,0.9999957,OK
40323,ADIDAS Men Black Twenty2yds Sports Shoes,Sports Shoes,Shoes,40323.jpg,Shoes,Shoes,0.9926548,OK
18172,Doodle Kids Girls Magenta Layer Top,Tops,Topwear,18172.jpg,Topwear,Topwear,0.9972862,OK
20370,United Colors of Benetton Men Self Stripes White Shirt,Shirts,Topwear,20370.jpg,Topwear,Topwear,0.99703574,OK
16851,Idee Women Funky Eyewear Black Sunglasses,Sunglasses,Eyewear,16851.jpg,Eyewear,Eyewear,0.99999857,OK
2612,Carlton London Women Crystal Black Sandal,Flats,Shoes,2612.jpg,Shoes,Shoes,0.8974382,OK
47248,Playboy Men Orange Casual Shoes,Casual Shoes,Shoes,47248.jpg,Shoes,Shoes,0.99796546,OK
41958,Gini and Jony Boys Surfs Up Grey T-shirt,Tshirts,Topwear,41958.jpg,Topwear,Topwear,0.99997425,OK
44044,Hugo Men Limited Edition Perfume,Perfume and Body Mist,Fragrance,44044.jpg,Fragrance,Fragrance,0.9941607,OK
30951,Fabindia Women Striped Black Top,Tops,Topwear,30951.jpg,Topwear,Topwear,0.99999845,OK
32279,Fabindia Women Printed Purple Kurta,Kurtas,Topwear,32279.jpg,Topwear,Topwear,0.99999905,OK
13131,Provogue Men Brown Formal Shoes,Formal Shoes,Shoes,13131.jpg,Shoes,Shoes,0.9993604,OK
4839,Sher Singh Men Nehru Navy T-shirt,Tshirts,Topwear,4839.jpg,Topwear,Topwear,0.9997693,OK
52657,Mod'acc Women Off White Handbag,Handbags,Bags,52657.jpg,Bags,Bags,0.9998505,OK
56314,Fastrack Women Red Dial Watch,Watches,Watches,56314.jpg,Watches,Watches,0.9994623,OK
17587,Speedo Unisex Funky Eyewear Black Sunglasses,Sunglasses,Eyewear,17587.jpg,Eyewear,Eyewear,0.9999913,OK
7259,Rockport Men's Hydro Sail Navy Blue Yellow Shoe,Sports Shoes,Shoes,7259.jpg,Shoes,Shoes,0.9996039,OK
12038,Mark Taylor Men Solid White Shirts,Shirts,Topwear,12038.jpg,Topwear,Topwear,0.99986124,OK
21719,Catwalk Women Casual White Heels,Heels,Shoes,21719.jpg,Shoes,Shoes,0.9380154,OK
45488,Fila Men Navy Blue Shorts,Shorts,Bottomwear,45488.jpg,Bottomwear,Bottomwear,0.9989347,OK
59112,Just Natural Men Olive Jacket,Jackets,Topwear,59112.jpg,Topwear,Topwear,0.99998677,OK
39022,CASIO ENTICER Women Green Dial Analogue Watch A631 ,Watches,Watches,39022.jpg,Watches,Watches,1.0,OK
13759,Belmonte Men Solid Purple Shirts,Shirts,Topwear,13759.jpg,Topwear,Topwear,0.9997234,OK
13291,Gini and Jony Kids Boys Printed Green Tshirts,Tshirts,Topwear,13291.jpg,Topwear,Topwear,0.9999995,OK
34390,Myntra Men Red Natural Diet T-shirt,Tshirts,Topwear,34390.jpg,Topwear,Topwear,0.99974054,OK
13320,Gini and Jony Kids Boys Stripes Pink Shirts,Shirts,Topwear,13320.jpg,Topwear,Topwear,0.98145044,OK
15462,Puma Men Heroes Wind Black Jackets,Jackets,Topwear,15462.jpg,Topwear,Topwear,0.99989414,OK
51612,Kraus Jeans Women Grey leggings,Leggings,Bottomwear,51612.jpg,Bottomwear,Bottomwear,0.9999522,OK
37495,Esprit Men Silver Dial Watch,Watches,Watches,37495.jpg,Watches,Watches,1.0,OK
29950,Police Men Black Dial Chronograph Watch PL13092JSB-02,Watches,Watches,29950.jpg,Watches,Watches,0.9999999,OK
26449,Puma Women Kuris Wn's Ind. Purple and Silver Sports Shoes,Sports Shoes,Shoes,26449.jpg,Shoes,Shoes,0.9993486,OK
18916,Levis Men Denim Grey Shirt,Shirts,Topwear,18916.jpg,Topwear,Topwear,0.9997094,OK
46241,Fusion Beats Women Cream Kurta,Kurtas,Topwear,46241.jpg,Topwear,Topwear,0.99861157,OK
11971,Fila Men Glow White Sports Shoes,Sports Shoes,Shoes,11971.jpg,Shoes,Shoes,0.9993674,OK
53773,Puma Men Black T-shirt,Tshirts,Topwear,53773.jpg,Topwear,Topwear,0.9999844,OK
10102,Reebok Men Premier Verona Supreme 2 Black Sports Shoes,Sports Shoes,Shoes,10102.jpg,Shoes,Shoes,0.987186,OK
43206,Fastrack Men Black Dial Watch,Watches,Watches,43206.jpg,Watches,Watches,0.99999964,OK
35430,ADIDAS Men Advent Blue Sports Shoes,Sports Shoes,Shoes,35430.jpg,Shoes,Shoes,0.99941754,OK
25359,Levis Men Black & White Brief,Briefs,Innerwear,25359.jpg,Innerwear,Innerwear,0.9993918,OK
6510,Red Tape Men Black Sandals,Sandals,Sandal,6510.jpg,Sandal,Sandal,0.7685435,OK
40633,Span Women Purple Kurta,Kurtas,Topwear,40633.jpg,Topwear,Topwear,0.7713427,OK
16841,Idee Women Funky Eyewear Brown Sunglasses,Sunglasses,Eyewear,16841.jpg,Eyewear,Eyewear,1.0,OK
9696,Hush Puppies Men Jungle Brown Formal Shoes,Formal Shoes,Shoes,9696.jpg,Shoes,Shoes,0.9987237,OK
7550,Nike Men's Teal Blue Polo T-shirt,Tshirts,Topwear,7550.jpg,Topwear,Topwear,0.9996295,OK
32106,Playboy Men Crocker Grey Trunks,Trunk,Innerwear,32106.jpg,Innerwear,Innerwear,0.9999567,OK
35671,U.S. Polo Assn. Men Blue Boat Shoes,Casual Shoes,Shoes,35671.jpg,Shoes,Shoes,0.99731284,OK
17290,Spykar Men's Solid Sweater,Sweaters,Topwear,17290.jpg,Topwear,Topwear,0.9999951,OK
26107,John Miller Men Striped Blue Shirt,Shirts,Topwear,26107.jpg,Topwear,Topwear,0.99995506,OK
3681,Inkfruit Men's Double Trouble Brown T-shirt,Tshirts,Topwear,3681.jpg,Topwear,Topwear,0.9999821,OK
40548,Titan Women White Dial Watch,Watches,Watches,40548.jpg,Watches,Watches,0.9979779,OK
21958,Murcia Women Casual Off White Handbag,Handbags,Bags,21958.jpg,Bags,Bags,0.9999566,OK
47353,Baggit Women Multi Coloured Handbag,Handbags,Bags,47353.jpg,Bags,Bags,0.9999999,OK
41797,Remanika Women Printed Pink Tunic,Tunics,Topwear,41797.jpg,Topwear,Topwear,0.9999808,OK
13891,Nike Men Team India Blue Jersey,Tshirts,Topwear,13891.jpg,Topwear,Topwear,0.99999905,OK
12831,Ant Kids Pink Tops,Tops,Topwear,12831.jpg,Topwear,Topwear,0.75179225,OK
59128,Just Natural Men Olive Jacket,Jackets,Topwear,59128.jpg,Topwear,Topwear,0.99943954,OK
15319,Nike Men Solid Navy Blue Jackets,Jackets,Topwear,15319.jpg,Topwear,Topwear,0.9995671,OK
58446,Fossil Women White Dial Chronograph Watch,Watches,Watches,58446.jpg,Watches,Topwear,0.9998783,ONE MODEL DISAGREES
54573,Sushilas Women Coffee Brown Kurta,Kurtas,Topwear,54573.jpg,Topwear,Topwear,1.0,OK
4847,ADIDAS Men Revo Black Jacket,Jackets,Topwear,4847.jpg,Topwear,Topwear,0.9997869,OK
43993,Police Women Passion Perfume,Perfume and Body Mist,Fragrance,43993.jpg,Fragrance,Fragrance,0.99891233,OK
2887,Catwalk Women Black Ballerinas,Heels,Shoes,2887.jpg,Shoes,Shoes,0.9973877,OK
18475,Puma Men Racer Bright Green Sports Shoes,Sports Shoes,Shoes,18475.jpg,Shoes,Shoes,0.9884234,OK
45752,Folklore Women Green Kurta,Kurtas,Topwear,45752.jpg,Topwear,Topwear,0.9999975,OK
13166,Skechers Women Ultra Silver Sports Shoes,Sports Shoes,Shoes,13166.jpg,Shoes,Shoes,0.9999895,OK
48961,Revv Men Steel Ring,Ring,Jewellery,48961.jpg,Jewellery,Jewellery,0.99975675,OK
12673,Probase Men Solid Beige Cargos,Trousers,Bottomwear,12673.jpg,Bottomwear,Bottomwear,0.99959916,OK
13950,United Colors of Benetton Women Printed White Tops,Tops,Topwear,13950.jpg,Topwear,Topwear,0.99740785,OK
34934,Fabindia Blue Dupatta,Dupatta,Topwear,34934.jpg,Topwear,Topwear,0.9999554,OK
5532,Nike Men's Zoom Structure White Shoe,Sports Shoes,Shoes,5532.jpg,Shoes,Shoes,0.99996793,OK
52050,Myntra Men Green T-shirt,Tshirts,Topwear,52050.jpg,Topwear,Topwear,0.9996767,OK
23176,Mark Taylor Men Navy Blue Printed T-shirt,Tshirts,Topwear,23176.jpg,Topwear,Topwear,0.99989605,OK
48345,Pitaraa Golden Nugget Long Necklace,Necklace and Chains,Jewellery,48345.jpg,Jewellery,Jewellery,0.99999857,OK
10496,Flying Machine Women RN White Tshirts,Tshirts,Topwear,10496.jpg,Topwear,Topwear,0.9999856,OK
6665,Nike Men's Lunarglide 2 Grey Yellow Shoe,Sports Shoes,Shoes,6665.jpg,Shoes,Shoes,0.99805367,OK
22406,Mark Taylor Men Purple Striped Shirt,Shirts,Topwear,22406.jpg,Topwear,Topwear,0.99999654,OK
9713,Classic Polo Men Ikon Maroon Polo Tshirts,Tshirts,Topwear,9713.jpg,Topwear,Topwear,0.99974316,OK
16551,Basics Men Red Printed T-shirt,Tshirts,Topwear,16551.jpg,Topwear,Topwear,0.99927515,OK
2604,ADIDAS Women Maroon T-shirt,Tshirts,Topwear,2604.jpg,Topwear,Topwear,0.999127,OK
45671,J. Del Pozo Women Halloween Perfume,Perfume and Body Mist,Fragrance,45671.jpg,Fragrance,Fragrance,0.9999957,OK
45861,Vishudh Women Maroon Kurta,Kurtas,Topwear,45861.jpg,Topwear,Topwear,0.99938107,OK
26321,Proline Men Black Tracksuit,Tracksuits,Bottomwear,26321.jpg,Bottomwear,Bottomwear,0.9945036,OK
9972,Nike Women As Foxy Ss Cr Pink T-Shirts,Tshirts,Topwear,9972.jpg,Topwear,Topwear,0.9999372,OK
6557,Nike Unisex All Access HA Blue Blackpack,Backpacks,Bags,6557.jpg,Bags,Bags,0.9999882,OK
7516,Nike Women's Class Pink T-shirt,Tshirts,Topwear,7516.jpg,Topwear,Topwear,0.9666284,OK
17831,Nike Men Air Max 1 Black Casual Shoe,Casual Shoes,Shoes,17831.jpg,Shoes,Shoes,0.9999536,OK
32925,Status Quo Men Printed Black T-shirt,Tshirts,Topwear,32925.jpg,Topwear,Topwear,0.999851,OK
54574,Sushilas Women Printed Green Kurti,Kurtas,Topwear,54574.jpg,Topwear,Topwear,1.0,OK
51955,Yelloe Women Black Handbag,Handbags,Bags,51955.jpg,Bags,Bags,1.0,OK
27149,Mark Taylor Men Striped Purple Shirt,Shirts,Topwear,27149.jpg,Topwear,Topwear,0.9999646,OK
10257,John Miller Men Solid Type Black Trousers,Trousers,Bottomwear,10257.jpg,Bottomwear,Bottomwear,0.9999802,OK
33760,Vero Moda Women Viva White Top,Tops,Topwear,33760.jpg,Topwear,Topwear,0.9999925,OK
14012,Nike Men Printed Red Tshirts,Tshirts,Topwear,14012.jpg,Topwear,Topwear,0.99997723,OK
32622,Nike Men Miler Singlet Black T-shirt,Tshirts,Topwear,32622.jpg,Topwear,Innerwear,0.7975723,ONE MODEL DISAGREES
50621,Chromozome Men White Briefs,Briefs,Innerwear,50621.jpg,Innerwear,Innerwear,0.99994636,OK
15630,Nike Men AS Thermal Black Jackets,Jackets,Topwear,15630.jpg,Topwear,Topwear,0.9999138,OK
40494,Femella Women Brown Leggings,Leggings,Bottomwear,40494.jpg,Bottomwear,Bottomwear,0.9993523,OK
38952,Gini and Jony Boys Pack of 2 T-shirts,Tshirts,Topwear,38952.jpg,Topwear,Topwear,0.9999176,OK
13085,Timberland Unisex Casual Pink Casual Shoes,Casual Shoes,Shoes,13085.jpg,Shoes,Shoes,0.8061263,OK
39301,Red Chief Men Brown Shoes,Casual Shoes,Shoes,39301.jpg,Shoes,Shoes,0.9886819,OK
12841,Ant Kids Multi Colour Grey Tshirts,Tshirts,Topwear,12841.jpg,Topwear,Topwear,0.9891963,OK
54878,Ivory Tag Women Earthy Crust White Necklace,Necklace and Chains,Jewellery,54878.jpg,Jewellery,Jewellery,0.99960667,OK
35566,Arrow Men Black Formal Shoes,Formal Shoes,Shoes,35566.jpg,Shoes,Shoes,0.9998698,OK
2311,Nike Womens Pink T-shirt,Tshirts,Topwear,2311.jpg,Topwear,Topwear,0.9999491,OK
15713,Nike Men Air Relentless Black Sports Shoes,Sports Shoes,Shoes,15713.jpg,Shoes,Shoes,0.99913293,OK
53433,ADIDAS Men Black Jersey,Tshirts,Topwear,53433.jpg,Topwear,Topwear,0.9980463,OK
29500,Giordano Women Gold Dial Watch,Watches,Watches,29500.jpg,Watches,Watches,0.9999999,OK
44870,Puma Men Red Foundation Beach Shorts,Shorts,Bottomwear,44870.jpg,Bottomwear,Bottomwear,0.9988205,OK
51722,Allen Solly Men Blue Sunglasses AS232-C4,Sunglasses,Eyewear,51722.jpg,Eyewear,Eyewear,0.9999976,OK
54318,Garfield Women Pink & Red Bra,Bra,Innerwear,54318.jpg,Innerwear,Innerwear,0.99990535,OK
9483,Puma Unisex Ferrari Replica Red Backpacks,Backpacks,Bags,9483.jpg,Bags,Bags,0.9988912,OK
39870,Catwalk Women Gold Flats,Heels,Shoes,39870.jpg,Shoes,Shoes,0.98685825,OK
56828,John Players Men Blue Slim Fit Jeans,Jeans,Bottomwear,56828.jpg,Bottomwear,Bottomwear,0.9993818,OK
36929,Calvin Klein Women Truth Perfume,Perfume and Body Mist,Fragrance,36929.jpg,Fragrance,Fragrance,0.9997764,OK
52326,ToniQ Women White Bangle,Bangle,Jewellery,52326.jpg,Jewellery,Bags,0.58626145,ONE MODEL DISAGREES
48130,Fossil Women Black Handbag,Handbags,Bags,48130.jpg,Bags,Bags,0.9999999,OK
40926,Gini and Jony Boys Comics Blue Jeans,Jeans,Bottomwear,40926.jpg,Bottomwear,Bottomwear,0.99993896,OK
50735,Red Chief Men Tan Sandals,Sandals,Sandal,50735.jpg,Sandal,Sandal,0.9480318,OK
46861,Barbie Girls Pink & Silver Sandals,Sandals,Sandal,46861.jpg,Sandal,Sandal,0.9912287,OK
40535,Titan Women White Dial Watch,Watches,Watches,40535.jpg,Watches,Watches,0.9999689,OK
56771,Horsefly Men Grey Shirt,Shirts,Topwear,56771.jpg,Topwear,Topwear,0.99995005,OK
21558,Kiara Women Front Pocket Black Handbag,Handbags,Bags,21558.jpg,Bags,Bags,1.0,OK
40688,Numero Uno Men Black Formal Shoes,Formal Shoes,Shoes,40688.jpg,Shoes,Shoes,0.9998129,OK
45273,Casio YOUTH Men Blue Digital Watch I072 W-753-2AVDF,Watches,Watches,45273.jpg,Watches,Watches,1.0,OK
5923,ADIDAS Men's Slimsollm Brown Shoe,Casual Shoes,Shoes,5923.jpg,Shoes,Shoes,0.99640983,OK
58944,Taylor of London Women Tweed Perfume,Perfume and Body Mist,Fragrance,58944.jpg,Fragrance,Fragrance,0.9999994,OK
12168,Aurelia Women Voile Maroon Dupatta,Dupatta,Topwear,12168.jpg,Topwear,Topwear,0.99965894,OK
2289,Nike Women Blue T-shirt,Tshirts,Topwear,2289.jpg,Topwear,Topwear,0.9997019,OK
53159,Mark Taylor Men White Striped Shirt,Shirts,Topwear,53159.jpg,Topwear,Topwear,0.99855345,OK
34631,Lotto Men Atlantica White Sports Shoes,Sports Shoes,Shoes,34631.jpg,Shoes,Shoes,0.9990695,OK
42196,Sepia Women Blue Top,Tops,Topwear,42196.jpg,Topwear,Topwear,0.9999999,OK
1949,Puma Mens Keyboard Sidebar White Polo T-shirt,Tshirts,Topwear,1949.jpg,Topwear,Topwear,0.99999714,OK
3592,Converse Men's All Star Canvas Ox Navy Blue Shoe,Casual Shoes,Shoes,3592.jpg,Shoes,Shoes,0.9997979,OK
21026,Clarks Women Balti Zing Beige Heels,Heels,Shoes,21026.jpg,Shoes,Shoes,0.9999292,OK
42274,Vans Unisex Black Era Shoes,Casual Shoes,Shoes,42274.jpg,Shoes,Shoes,0.9986828,OK
4870,Levis Kids Boy's Dawson Red Teens Kidswear,Tshirts,Topwear,4870.jpg,Topwear,Topwear,0.99998426,OK
42276,Vans Men Navy Blue Michoacan Shoes,Casual Shoes,Shoes,42276.jpg,Shoes,Shoes,0.99882954,OK
43328,United Colors of Benetton Women Black T-shirt,Tshirts,Topwear,43328.jpg,Topwear,Topwear,0.9999957,OK
7941,Puma Men's Graphic Optic Grey T-shirt,Tshirts,Topwear,7941.jpg,Topwear,Topwear,0.9999598,OK
43062,Nike Men Charcoal Grey Portugal Football T-shirt,Tshirts,Topwear,43062.jpg,Topwear,Topwear,0.99993336,OK
19448,Quiksilver Men Cream Striped T-shirt,Tshirts,Topwear,19448.jpg,Topwear,Topwear,0.9999987,OK
18468,Reebok Reelive Women Perfumes,Perfume and Body Mist,Fragrance,18468.jpg,Fragrance,Fragrance,0.9999379,OK
26418,Turtle Men Check Purple Shirt,Shirts,Topwear,26418.jpg,Topwear,Topwear,0.9999865,OK
46682,Rasasi Men Emotion Perfume,Perfume and Body Mist,Fragrance,46682.jpg,Fragrance,Fragrance,0.9999893,OK
17700,Vans Men E-Street Blue Casual Shoes,Casual Shoes,Shoes,17700.jpg,Shoes,Shoes,0.9994429,OK
40309,Warner Bros Kids Pink sandals,Sandals,Sandal,40309.jpg,Sandal,Sandal,0.9997178,OK
25651,Fastrack Men Black Dial Watch N9336SL03,Watches,Watches,25651.jpg,Watches,Watches,0.9999999,OK
1635,Newfeel Unisex Red Comfy Shoes,Casual Shoes,Shoes,1635.jpg,Shoes,Shoes,0.99925405,OK
6446,Lotto Men's Calcetto Grey Shoe,Casual Shoes,Shoes,6446.jpg,Shoes,Shoes,0.9994129,OK
20096,Diva Women Printed White Kurta,Kurtas,Topwear,20096.jpg,Topwear,Topwear,0.99999833,OK
8613,Scullers Men Purple Polo T-Shirt,Tshirts,Topwear,8613.jpg,Topwear,Topwear,0.9997681,OK
5004,Gini and Jony Girl's Delma Blue Kidswear,Skirts,Bottomwear,5004.jpg,Bottomwear,Bottomwear,0.9135305,OK
39319,Gini and Jony Boys Beige Shorts,Shorts,Bottomwear,39319.jpg,Bottomwear,Bottomwear,0.99989426,OK
54188,Jockey MC Men Blue Pack of 2 Briefs 8003,Briefs,Innerwear,54188.jpg,Innerwear,Innerwear,0.99998426,OK
15094,Mother Earth Women Printed Orange Kurtas,Kurtas,Topwear,15094.jpg,Topwear,Topwear,0.99997795,OK
48251,The Amazing Spiderman Boys Off White T-Shirt,Tshirts,Topwear,48251.jpg,Topwear,Topwear,0.9999423,OK
3081,Probase Men's Bike Grey T-shirt,Tshirts,Topwear,3081.jpg,Topwear,Topwear,0.99996006,OK
17740,Puma Men Bolt Fass Yellow Sports Shoes,Sports Shoes,Shoes,17740.jpg,Shoes,Shoes,0.99998987,OK
9812,John Miller Men Blue Striped Shirt,Shirts,Topwear,9812.jpg,Topwear,Topwear,0.99994135,OK
17245,U.S. Polo Assn. Men Stripes Yellow Polo Tshirt,Tshirts,Topwear,17245.jpg,Topwear,Topwear,0.99959725,OK
16552,Basics Men Grey Printed Polo T-shirt,Tshirts,Topwear,16552.jpg,Topwear,Topwear,0.99910504,OK
7721,Puma Women Exsis 2 White Blue Shoe,Sports Shoes,Shoes,7721.jpg,Shoes,Shoes,0.9993011,OK
39718,Arrow Woman Beige Top,Tops,Topwear,39718.jpg,Topwear,Topwear,0.9979184,OK
45347,Cobblerz Women Beige Sandals,Heels,Shoes,45347.jpg,Shoes,Shoes,0.9999155,OK
3966,Jealous 21 Women Red Black Long Top,Tops,Topwear,3966.jpg,Topwear,Topwear,0.99941254,OK
31713,Fabindia Women Anusuya Silver Earrings,Earrings,Jewellery,31713.jpg,Jewellery,Jewellery,0.9982913,OK
13307,Gini and Jony Kids Solid Black Trousers,Trousers,Bottomwear,13307.jpg,Bottomwear,Bottomwear,0.9999951,OK
14575,Vans Men Authentic White Casual Shoes,Casual Shoes,Shoes,14575.jpg,Shoes,Shoes,0.9407324,OK
37489,Esprit Women Black Watch,Watches,Watches,37489.jpg,Watches,Watches,1.0,OK
43125,David Beckham Women Intimately Yours Eau De Toilette 75ml,Perfume and Body Mist,Fragrance,43125.jpg,Fragrance,Fragrance,0.884133,OK
14883,United Colors of Benetton Women Solid Purple Handbags,Handbags,Bags,14883.jpg,Bags,Bags,1.0,OK
40493,Femella Women Light Blue Leggings,Leggings,Bottomwear,40493.jpg,Bottomwear,Bottomwear,0.99985325,OK
4634,ADIDAS Men's Adi Ultra Low White Navy Shoe,Sports Shoes,Shoes,4634.jpg,Shoes,Shoes,0.9995159,OK
56301,Biara Women Orange Blush Bra,Bra,Innerwear,56301.jpg,Innerwear,Innerwear,0.99989307,OK
54882,Ivory Tag Women Metal Charmed Turquoise Blue and Red Necklace,Necklace and Chains,Jewellery,54882.jpg,Jewellery,Jewellery,0.99972934,OK
26930,Jealous 21 Women Magenta Top,Tops,Topwear,26930.jpg,Topwear,Topwear,0.9999727,OK
2194,Adidas Men Stripe Polo Shirt,Tshirts,Topwear,2194.jpg,Topwear,Topwear,0.9999409,OK
41761,Remanika Women Printed Green Top,Tops,Topwear,41761.jpg,Topwear,Topwear,0.99279976,OK
23862,ADIDAS Men Green Spider 2 M Sports Shoes,Sports Shoes,Shoes,23862.jpg,Shoes,Shoes,0.9999882,OK
28376,Idee Men Grey Sunglasses,Sunglasses,Eyewear,28376.jpg,Eyewear,Eyewear,0.99998343,OK
34526,Red Tape Men Brown Sandals,Sandals,Sandal,34526.jpg,Sandal,Sandal,0.9979685,OK
20313,Locomotive Men Check White Shirt,Shirts,Topwear,20313.jpg,Topwear,Topwear,0.99999857,OK
46585,Catwalk Women Metallic Flats,Heels,Shoes,46585.jpg,Shoes,Shoes,0.7327318,OK
17003,Rocia Women Blue Heels,Flats,Shoes,17003.jpg,Shoes,Shoes,0.99929965,OK
6379,Numero Uno Men's Navy Blue Shoe,Casual Shoes,Shoes,6379.jpg,Shoes,Shoes,0.9974775,OK
45981,Tokyo Talkies Women Grey Melange Printed Top,Tops,Topwear,45981.jpg,Topwear,Topwear,0.9998845,OK
18488,Puma Men Stetchable Blue Jeans,Jeans,Bottomwear,18488.jpg,Bottomwear,Bottomwear,0.99999535,OK
28351,Idee Men Steel Sunglasses,Sunglasses,Eyewear,28351.jpg,Eyewear,Eyewear,0.99999523,OK
15044,ADIDAS Kids Boys Printed Yellow Tshirts,Tshirts,Topwear,15044.jpg,Topwear,Topwear,0.9999896,OK
39386,Peter England Men Party Blue Jeans,Jeans,Bottomwear,39386.jpg,Bottomwear,Bottomwear,0.99998057,OK
39909,ADIDAS Men Orange F10 Sports Shoes,Sports Shoes,Shoes,39909.jpg,Shoes,Shoes,0.99351066,OK
25385,Levis Men Navy Blue Briefs,Briefs,Innerwear,25385.jpg,Innerwear,Innerwear,0.9998222,OK
22381,Mark Taylor Men Blue Striped White Shirt,Shirts,Topwear,22381.jpg,Topwear,Topwear,0.9990495,OK
39900,ADIDAS Men White Sukoi Sports Shoes,Sports Shoes,Shoes,39900.jpg,Shoes,Shoes,0.99983156,OK
11358,United Colors Of Benetton Women Light Winter Purple Tops,Tops,Topwear,11358.jpg,Topwear,Topwear,0.995761,OK
43061,Nike Men Black Dutch  T-shirt,Tshirts,Topwear,43061.jpg,Topwear,Topwear,0.99998295,OK
40645,Span Women Green Kurta,Kurtas,Topwear,40645.jpg,Topwear,Topwear,0.99998844,OK
26238,Proline Men Blue Polo T-Shirt,Tshirts,Topwear,26238.jpg,Topwear,Topwear,0.9925035,OK
44663,Wills Lifestyle Women Brown Trousers,Trousers,Bottomwear,44663.jpg,Bottomwear,Bottomwear,0.9999931,OK
31655,Indigo Nation Men Black Shirt,Shirts,Topwear,31655.jpg,Topwear,Topwear,0.99990475,OK
45229,CASIO Men Black Dial & Digital Watches AD144,Watches,Watches,45229.jpg,Watches,Watches,1.0,OK
7342,Tantra Men's The Matrix Red T-shirt,Tshirts,Topwear,7342.jpg,Topwear,Topwear,0.9999478,OK
1859,Inkfruit Men Eye Opener T-shirt,Tshirts,Topwear,1859.jpg,Topwear,Topwear,0.99999714,OK
59535,Lucera Silver Earrings,Earrings,Jewellery,59535.jpg,Jewellery,Jewellery,0.99999976,OK
5168,Ed Hardy Men's Brave Hearts Stay True Sage Green T-shirt,Tshirts,Topwear,5168.jpg,Topwear,Topwear,0.99951506,OK
32826,iPanema Women Premium Grey Flats,Heels,Shoes,32826.jpg,Shoes,Shoes,0.55811024,OK
11356,United Colors Of Benetton Women Light Winter Peach Peach T-Shirt,Tshirts,Topwear,11356.jpg,Topwear,Topwear,0.99703,OK
42720,Rocia Women Brown Sandals,Flats,Shoes,42720.jpg,Shoes,Shoes,0.879568,OK
57925,Femella Women Charcoal Leggings,Leggings,Bottomwear,57925.jpg,Bottomwear,Bottomwear,0.9995865,OK
3811,Disney Kids Boy's Pooh And Tiger Red Kidswear,Tshirts,Topwear,3811.jpg,Topwear,Topwear,0.99992514,OK
50349,Aurelia Women Red Kurta,Kurtas,Topwear,50349.jpg,Topwear,Topwear,0.99981827,OK
26067,John Miller Men Striped Purple Shirt,Shirts,Topwear,26067.jpg,Topwear,Topwear,0.999998,OK
40932,Gini and Jony Girls Happy Style Blue Leggings,Leggings,Bottomwear,40932.jpg,Bottomwear,Bottomwear,0.998847,OK
22131,Provogue Men Black Formal Shoes,Formal Shoes,Shoes,22131.jpg,Shoes,Shoes,0.9999914,OK
19093,W Women Solid Sea Green Kurti,Kurtis,Topwear,19093.jpg,Topwear,Topwear,0.9999989,OK
6801,Converse Unisex Canvas Black Shoe,Casual Shoes,Shoes,6801.jpg,Shoes,Shoes,0.9991302,OK
14017,Nike Men Solid Grey Jerseys,Tshirts,Topwear,14017.jpg,Topwear,Topwear,0.9985316,OK
43085,Nike Women Yellow Polo Neck T-shirt,Tshirts,Topwear,43085.jpg,Topwear,Topwear,0.9991812,OK
9598,Scullers Men Scul Purple Shirts,Shirts,Topwear,9598.jpg,Topwear,Topwear,0.99994624,OK
38140,Wildcraft Unisex Black & Grey Backpack,Backpacks,Bags,38140.jpg,Bags,Bags,1.0,OK
37119,Wills Classic Men White Striped Shirt,Shirts,Topwear,37119.jpg,Topwear,Topwear,0.9904289,OK
33717,Pieces Women Turquoise Blue Leggings,Leggings,Bottomwear,33717.jpg,Bottomwear,Bottomwear,0.99189585,OK
6121,Puma Unisex Foundation Black Backpack,Backpacks,Bags,6121.jpg,Bags,Bags,0.9996402,OK
46929,York Men Blue Berry Perfume,Perfume and Body Mist,Fragrance,46929.jpg,Fragrance,Fragrance,0.9999006,OK
26087,John Miller Men Check Purple Shirt,Shirts,Topwear,26087.jpg,Topwear,Topwear,0.9998776,OK
46723,Rasasi Women Unique Perfume,Perfume and Body Mist,Fragrance,46723.jpg,Fragrance,Fragrance,1.0,OK
28248,Wild stone Men Aqua Fresh Deo,Deodorant,Fragrance,28248.jpg,Fragrance,Fragrance,0.9999641,OK
22008,Murcia Women Casual Purple Handbag,Handbags,Bags,22008.jpg,Bags,Bags,1.0,OK
31456,Nike Men Trainning Black T-shirt,Tshirts,Topwear,31456.jpg,Topwear,Topwear,0.9978701,OK
1986,ADIDAS Womens Blue V Neck T-shirt,Tshirts,Topwear,1986.jpg,Topwear,Topwear,0.996021,OK
22678,Wildcraft Unisex Black & Grey Gear for Life Laptop Messenger Bag,Messenger Bag,Bags,22678.jpg,Bags,Bags,0.9999999,OK
9462,John Miller Men White Check Shirt,Shirts,Topwear,9462.jpg,Topwear,Topwear,0.9999311,OK
2701,Disney Kids Girl's Yellow Daisy Kidswear,Tops,Topwear,2701.jpg,Topwear,Topwear,0.99939036,OK
46152,Adrika Women Green & Brown Necklace,Necklace and Chains,Jewellery,46152.jpg,Jewellery,Jewellery,0.9999999,OK
12979,ADIDAS Women Core 50 White Sports Shoes,Sports Shoes,Shoes,12979.jpg,Shoes,Shoes,0.999997,OK
6314,UCB Men's Striper Basic Brown T-shirt,Tshirts,Topwear,6314.jpg,Topwear,Topwear,0.99971086,OK
46814,Gini and Jony Girls Pink Skirt,Skirts,Bottomwear,46814.jpg,Bottomwear,Bottomwear,0.99982435,OK
28277,Fastrack Men Steal Sunglasses,Sunglasses,Eyewear,28277.jpg,Eyewear,Eyewear,0.99999964,OK
34193,Proline Men Striped Navy Blue Polo T-Shirt,Tshirts,Topwear,34193.jpg,Topwear,Topwear,0.9999968,OK
23179,Mark Taylor Men Yellow Printed T-shirt,Tshirts,Topwear,23179.jpg,Topwear,Topwear,0.9999249,OK
50528,Chromozome Men White Pack of 2 Briefs,Briefs,Innerwear,50528.jpg,Innerwear,Innerwear,0.99936074,OK
9441,Nike Unisex Hayward 25m B Black Backpacks,Backpacks,Bags,9441.jpg,Bags,Bags,0.99999976,OK
22958,Reebok Men White Acciomax Sports Shoes,Sports Shoes,Shoes,22958.jpg,Shoes,Shoes,0.9991062,OK
11303,Wrangler Women Blue Sophia Jeans,Jeans,Bottomwear,11303.jpg,Bottomwear,Bottomwear,0.9999931,OK
7281,Batman Men's The Dark Knight Light Grey T-shirt,Tshirts,Topwear,7281.jpg,Topwear,Topwear,0.9999572,OK
22710,Nike Women Purple Lunarlite +2 Sports Shoes,Sports Shoes,Shoes,22710.jpg,Shoes,Shoes,0.99994695,OK
25445,Nike Men Sweet Classic High White Shoes,Sports Shoes,Shoes,25445.jpg,Shoes,Shoes,0.99999344,OK
18898,Arrow Woman Solid White Shirt,Shirts,Topwear,18898.jpg,Topwear,Topwear,0.9983511,OK
12660,Probase Men Stripes Pink Shirts,Shirts,Topwear,12660.jpg,Topwear,Topwear,0.99967444,OK
28251,Wild stone Men Juice Deo,Deodorant,Fragrance,28251.jpg,Fragrance,Fragrance,0.99999607,OK
58941,Tommy Hilfiger Women White Dial Watch TH1780808-D,Watches,Watches,58941.jpg,Watches,Watches,1.0,OK
28455,Urban Yoga Women Black Skirt With Leggings,Skirts,Bottomwear,28455.jpg,Bottomwear,Bottomwear,0.99876595,OK
50623,Chromozome Men Black Briefs,Briefs,Innerwear,50623.jpg,Innerwear,Innerwear,0.99996245,OK
57187,Elle Women Purple Tunic,Tunics,Topwear,57187.jpg,Topwear,Topwear,0.9999726,OK
1997,Puma Men's Grey Sports Shorts,Shorts,Bottomwear,1997.jpg,Bottomwear,Bottomwear,0.9980312,OK
31306,W Women Teal Kurta,Kurtas,Topwear,31306.jpg,Topwear,Topwear,0.98859894,OK
25382,Levis Men White Innerwear Vest,Innerwear Vests,Innerwear,25382.jpg,Innerwear,Innerwear,0.86905456,OK
6164,Lee Men's Stallion Red Jasper T-shirt,Tshirts,Topwear,6164.jpg,Topwear,Topwear,0.9999261,OK
24794,Lino Perros Women Brown Casual Handbag,Handbags,Bags,24794.jpg,Bags,Bags,0.9999994,OK
2288,Nike Women Black T-shirt,Tshirts,Topwear,2288.jpg,Topwear,Topwear,0.99693847,OK
42409,Basics Men White Trunk Brief,Briefs,Innerwear,42409.jpg,Innerwear,Innerwear,0.9939902,OK
54020,Kiara Women Brown Handbag,Handbags,Bags,54020.jpg,Bags,Bags,1.0,OK
45977,Tokyo Talkies Women Yellow Printed Top,Tops,Topwear,45977.jpg,Topwear,Topwear,0.99999547,OK
11036,Jealous 21 Women Solid Black Tops,Tops,Topwear,11036.jpg,Topwear,Topwear,0.9996953,OK
53538,Amante Women Pack of 3 Assorted Briefs PFCP13,Briefs,Innerwear,53538.jpg,Innerwear,Innerwear,0.999998,OK
26310,Proline Black Sports Shorts,Shorts,Bottomwear,26310.jpg,Bottomwear,Bottomwear,0.98260653,OK
12902,Puma Women Cabana Racer SL Black Casual Shoes,Casual Shoes,Shoes,12902.jpg,Shoes,Shoes,0.9999237,OK
19927,ADIDAS Men Receptor Grey Sandals,Sandals,Sandal,19927.jpg,Sandal,Sandal,0.9999833,OK
5500,Mr.Men Men's Mr.Perfect White T-shirt,Tshirts,Topwear,5500.jpg,Topwear,Topwear,0.99996066,OK
10750,Nike Men Remix Crew Blue Tshirts,Tshirts,Topwear,10750.jpg,Topwear,Topwear,0.9999852,OK
18696,Hanes Men Black Ultimate Duo Dry Cotton Stretch Bikini Briefs,Briefs,Innerwear,18696.jpg,Innerwear,Innerwear,0.99999976,OK
32413,ADIDAS Men Peace Black T-shirt,Tshirts,Topwear,32413.jpg,Topwear,Topwear,0.9999783,OK
24845,Wildcraft Men Wind Cheaters Beige Jacket,Jackets,Topwear,24845.jpg,Topwear,Topwear,0.9998847,OK
1910,Nike Men's Classic Patterned T-shirt,Tshirts,Topwear,1910.jpg,Topwear,Topwear,0.998833,OK
47205,Franco Leone Men Brown Formal Shoes,Formal Shoes,Shoes,47205.jpg,Shoes,Shoes,0.9999474,OK
22061,Vishudh Women Brown Printed Kurta,Kurtas,Topwear,22061.jpg,Topwear,Topwear,0.9998841,OK
5252,Wildcraft Unisex Corporate Red Backpack,Backpacks,Bags,5252.jpg,Bags,Bags,1.0,OK
33101,Catwalk Women Black Heels,Heels,Shoes,33101.jpg,Shoes,Shoes,0.9125315,OK
21829,Skybags Unisex Green Printed Duffle Bag,Duffel Bag,Bags,21829.jpg,Bags,Bags,0.9999943,OK
39758,Gini Jony Boys Brown Shorts,Shorts,Bottomwear,39758.jpg,Bottomwear,Bottomwear,0.99999607,OK
38590,Nike Women Printed Pink T-shirt,Tshirts,Topwear,38590.jpg,Topwear,Topwear,0.99999607,OK
49373,Vans Men Black Casual Shoes,Casual Shoes,Shoes,49373.jpg,Shoes,Shoes,0.99997056,OK
51621,FOSSIL Women White Dial Watch ES3069,Watches,Watches,51621.jpg,Watches,Watches,0.9999999,OK
44555,Coolers Men Brown Sandals,Sandals,Sandal,44555.jpg,Sandal,Sandal,0.9978756,OK
4880,Levis Kids Boy's Dustin White Teens Kidswear,Tshirts,Topwear,4880.jpg,Topwear,Topwear,0.9995927,OK
6999,s.Oliver Women Meganta Printed T-Shirt,Tshirts,Topwear,6999.jpg,Topwear,Topwear,0.9998975,OK
12380,Reid & Taylor Men Stripes Blue Shirts,Shirts,Topwear,12380.jpg,Topwear,Topwear,0.9867735,OK
43623,Vero Moda Women Green Top,Tops,Topwear,43623.jpg,Topwear,Topwear,1.0,OK
9945,ADIDAS Men Frnt Str Navy Blue Sweaters,Sweaters,Topwear,9945.jpg,Topwear,Topwear,0.99891424,OK
25122,Lino Perros Women Gems Black Clutch,Clutches,Bags,25122.jpg,Bags,Bags,0.99940324,OK
27550,Scullers Men Olive Shirt,Shirts,Topwear,27550.jpg,Topwear,Topwear,0.9999211,OK
28606,Nike Men Air Twilight Black Shoes,Sports Shoes,Shoes,28606.jpg,Shoes,Shoes,0.998161,OK
14372,Catwalk Women Casual Green Flats,Heels,Shoes,14372.jpg,Shoes,Shoes,0.8969875,OK
3767,Status Quo Men's Blue Polo T-shirt,Tshirts,Topwear,3767.jpg,Topwear,Topwear,0.99997914,OK
21471,Roxy Women Purple Casual Shoes,Casual Shoes,Shoes,21471.jpg,Shoes,Shoes,0.9943868,OK
32729,Fila Unisex Skeletoes Trifit Black & Blue Shoes,Sports Shoes,Shoes,32729.jpg,Shoes,Shoes,0.66699773,OK
7393,Red Tape Men's Brown Semi Formal Shoe,Casual Shoes,Shoes,7393.jpg,Shoes,Shoes,0.999739,OK
32477,Proline Men White T-shirt,Tshirts,Topwear,32477.jpg,Topwear,Topwear,0.98724097,OK
22803,Locomotive Men Green Printed T-shirt,Tshirts,Topwear,22803.jpg,Topwear,Topwear,0.99998796,OK
13736,Belmonte Men Check Red Shirts,Shirts,Topwear,13736.jpg,Topwear,Topwear,0.9999994,OK
11240,Flying Machine Women Low Rise Blue Jeans,Jeans,Bottomwear,11240.jpg,Bottomwear,Bottomwear,0.9999188,OK
42140,Nike Men Free Trainer Grey Sports Shoes,Sports Shoes,Shoes,42140.jpg,Shoes,Shoes,0.99996674,OK
13573,Hanes Men Square Vest Neck White Innerwear Vests,Innerwear Vests,Innerwear,13573.jpg,Innerwear,Innerwear,0.9923443,OK
31448,Nike Boys Running Blue Shorts,Shorts,Bottomwear,31448.jpg,Bottomwear,Bottomwear,0.9999995,OK
17803,Chhota Bheem Kids Girl  I Love to Play Pink Tshirt,Tshirts,Topwear,17803.jpg,Topwear,Topwear,0.9999999,OK
18436,Vital Gear Unisex Red Daypack Backpack,Backpacks,Bags,18436.jpg,Bags,Bags,1.0,OK
1937,Kalenji Women Black Pink Shoe,Sports Shoes,Shoes,1937.jpg,Shoes,Shoes,0.99502075,OK
41458,Lee Cooper Men Grey Sandals,Sandals,Sandal,41458.jpg,Sandal,Sandal,0.99650574,OK
21285,Allen Solly Women Sunglasses AS203-C1,Sunglasses,Eyewear,21285.jpg,Eyewear,Eyewear,0.99999774,OK
49064,Lino Perros Women Red Handbag,Handbags,Bags,49064.jpg,Bags,Bags,0.99999964,OK
57186,Elle Women Multi Coloured Tunic,Tunics,Topwear,57186.jpg,Topwear,Topwear,0.9995697,OK
51694,Van Heusen Unisex Sunglasses VH216-C2,Sunglasses,Eyewear,51694.jpg,Eyewear,Eyewear,0.99999845,OK
24520,Mother Earth Women Orange  Kurta,Kurtas,Topwear,24520.jpg,Topwear,Topwear,0.9999994,OK
59105,Just Natural Men Navy Blue Rain Jacket,Rain Jacket,Topwear,59105.jpg,Topwear,Topwear,0.99996364,OK
33025,Mother Earth Women Printed Green Kurta,Kurtas,Topwear,33025.jpg,Topwear,Topwear,0.9999832,OK
11805,Vishudh Women Cotton Silk Green Kurtas,Kurtas,Topwear,11805.jpg,Topwear,Topwear,0.999998,OK
53935,Kiara Women Brown Handbag,Handbags,Bags,53935.jpg,Bags,Bags,0.9999993,OK
30563,Opium Unisex Black Sunglasses,Sunglasses,Eyewear,30563.jpg,Eyewear,Eyewear,0.9998696,OK
13405,United Colors of Benetton Men Check Green Shirts,Shirts,Topwear,13405.jpg,Topwear,Topwear,0.99935704,OK
50232,Stoln Women Black Sunglasses,Sunglasses,Eyewear,50232.jpg,Eyewear,Eyewear,1.0,OK
50755,Red Chief Men Black Sandals,Sandals,Sandal,50755.jpg,Sandal,Sandal,0.99637234,OK
53107,Fabindia Silver Earrings,Earrings,Jewellery,53107.jpg,Jewellery,Jewellery,0.99999905,OK
45187,CASIO ENTICER Women Black Dial Analogue Watch A635,Watches,Watches,45187.jpg,Watches,Watches,0.9825273,OK
26533,ID Men Green Shoes,Casual Shoes,Shoes,26533.jpg,Shoes,Shoes,0.9570883,OK
32251,Fabindia Women Purple Skirt,Skirts,Bottomwear,32251.jpg,Bottomwear,Bottomwear,0.99628025,OK
17044,Gas Men Aventura Sandal,Sandals,Sandal,17044.jpg,Sandal,Sandal,0.8426546,OK
45924,Maxima Women Blue Dial Watch,Watches,Watches,45924.jpg,Watches,Watches,0.99365556,OK
19819,U.S. Polo Assn. Men Solid Blue Sweatshirt,Sweatshirts,Topwear,19819.jpg,Topwear,Topwear,0.9999981,OK
8700,Fastrack Women Basics Sunglasses P179BR2F,Sunglasses,Eyewear,8700.jpg,Eyewear,Eyewear,0.99996686,OK
3518,Myntra Men's I Have Multiple Personalities Navy Blue T-shirt,Tshirts,Topwear,3518.jpg,Topwear,Topwear,0.99969625,OK
51784,Bwitch Women Caramel Bra,Bra,Innerwear,51784.jpg,Innerwear,Topwear,0.71110255,ONE MODEL DISAGREES
42708,Rocia Women Brown Sandal,Flats,Shoes,42708.jpg,Shoes,Shoes,0.52137476,OK
48037,Nautica Men Black Dial Chronograph Watch,Watches,Watches,48037.jpg,Watches,Watches,1.0,OK
41720,Catwalk Women Green Heels,Heels,Shoes,41720.jpg,Shoes,Shoes,0.9948271,OK
45222,Casio Vintage Collection Analog-Digital Watch AQ-230A-7BMQAD02,Watches,Watches,45222.jpg,Watches,Watches,0.9999999,OK
14765,Arrow Men Stripes Navy Blue Slim Fit Shirt,Shirts,Topwear,14765.jpg,Topwear,Topwear,0.99836034,OK
56914,HM Women Black Heels,Heels,Shoes,56914.jpg,Shoes,Shoes,0.9924595,OK
38675,Nike Women Diffusion White Sports Shoes,Sports Shoes,Shoes,38675.jpg,Shoes,Shoes,0.99854785,OK
14512,Mark Taylor Men Light Blue Thin White & Brown Striped Shirts,Shirts,Topwear,14512.jpg,Topwear,Topwear,0.99988484,OK
48870,Lucera Women Silver Pendant,Pendant,Jewellery,48870.jpg,Jewellery,Jewellery,0.9999864,OK
11764,Lee Women Printed Pink Tshirts,Tshirts,Topwear,11764.jpg,Topwear,Topwear,0.99999905,OK
45770,Lomani Men Allure Sport Deo,Deodorant,Fragrance,45770.jpg,Fragrance,Fragrance,0.999928,OK
54320,Garfield Women Pink String Briefs,Briefs,Innerwear,54320.jpg,Innerwear,Innerwear,0.9999752,OK
15078,Mother Earth Women Printed Blue Kurtis,Kurtis,Topwear,15078.jpg,Topwear,Topwear,0.999752,OK
59561,Revv Men Steel Ring,Ring,Jewellery,59561.jpg,Jewellery,Jewellery,0.9774989,OK
58614,ToniQ Women Bronze Earrings,Earrings,Jewellery,58614.jpg,Jewellery,Jewellery,0.99999094,OK
27261,Arrow Woman Yellow Top,Tops,Topwear,27261.jpg,Topwear,Topwear,0.9997689,OK
13840,ADIDAS Unisex Three Small Dials Black Watches,Watches,Watches,13840.jpg,Watches,Watches,1.0,OK
5099,Wrangler Men's Saddle Up White T-shirt,Tshirts,Topwear,5099.jpg,Topwear,Topwear,0.99931824,OK
25325,Casio Edifice Men Multi-Dial Watch EF-334D-1AVDF(ED420),Watches,Watches,25325.jpg,Watches,Watches,1.0,OK
3120,Probase Men's Freestyler Turquoise T-shirt,Tshirts,Topwear,3120.jpg,Topwear,Topwear,0.9999994,OK
9954,Nike Men White Polo Tshirts,Tshirts,Topwear,9954.jpg,Topwear,Topwear,0.9473467,OK
32639,Nike Men Epaulet UV Crew Red T-shirt,Tshirts,Topwear,32639.jpg,Topwear,Topwear,0.9999778,OK
6725,Puma Unisex Scrunch Grey Shoe,Casual Shoes,Shoes,6725.jpg,Shoes,Shoes,0.99976987,OK
14034,Flying Machine Men Check Blue Shirts,Shirts,Topwear,14034.jpg,Topwear,Topwear,0.99999595,OK
32445,Adidas Men Black Shorts,Shorts,Bottomwear,32445.jpg,Bottomwear,Bottomwear,0.9959608,OK
43077,Nike Womens Grey Capris,Capris,Bottomwear,43077.jpg,Bottomwear,Bottomwear,0.9999945,OK
27207,Doodle Kids Boy  White Shorts,Shorts,Bottomwear,27207.jpg,Bottomwear,Bottomwear,0.9767686,OK
56351,Nike Fragrances Men Out of Control Perfume 150 ml,Perfume and Body Mist,Fragrance,56351.jpg,Fragrance,Fragrance,0.99999404,OK
29171,United Colors of Benetton Kids Girls Washed Blue Skirt,Skirts,Bottomwear,29171.jpg,Bottomwear,Bottomwear,0.9999839,OK
15570,Chhota Bheem Kids Boys Flying High TShirt,Tshirts,Topwear,15570.jpg,Topwear,Topwear,0.9984084,OK
32198,Fabindia Men Printed Grey Kurta,Kurtas,Topwear,32198.jpg,Topwear,Topwear,0.99998677,OK
24920,United Colors of Benetton Women Navy Blue Top,Tops,Topwear,24920.jpg,Topwear,Topwear,0.9598994,OK
17971,Puma Men Rio Black Sandal,Sandals,Sandal,17971.jpg,Sandal,Sandal,0.9998282,OK
17539,Mark Taylor Men Orange & White Striped Shirt,Shirts,Topwear,17539.jpg,Topwear,Topwear,0.98934084,OK
56651,Mumbai Slang Women Beige Top,Tops,Topwear,56651.jpg,Topwear,Topwear,0.9999981,OK
25118,Lino Perros Women Beaded Black Clutch,Clutches,Bags,25118.jpg,Bags,Bags,0.99999154,OK
19162,United Colors of Benetton Men Solid Blue Tshirt,Tshirts,Topwear,19162.jpg,Topwear,Topwear,0.9999114,OK
7980,Fila Men's Crew Neck Black Grey T-shirt,Tshirts,Topwear,7980.jpg,Topwear,Topwear,0.9973207,OK
27081,Catwalk Women Gold Flats,Heels,Shoes,27081.jpg,Shoes,Shoes,0.6936818,OK
28146,Jockey Men Grey Melange Self-Striped Innerwear Vest 9922,Innerwear Vests,Innerwear,28146.jpg,Innerwear,Innerwear,0.98150176,OK
8376,Fastrack Men Black Backpack,Backpacks,Bags,8376.jpg,Bags,Bags,1.0,OK
40275,Scullers Men Beige Trousers,Trousers,Bottomwear,40275.jpg,Bottomwear,Bottomwear,0.9999294,OK
44232,Nike Men Air Max Turbulence+ 18 White Sports Shoes,Sports Shoes,Shoes,44232.jpg,Shoes,Shoes,0.9997142,OK
47626,Portia Women Black Wedges,Heels,Shoes,47626.jpg,Shoes,Shoes,0.99985504,OK
39644,Lotto Men White Shoes,Casual Shoes,Shoes,39644.jpg,Shoes,Shoes,0.9999901,OK
6188,Lee Men's Striper Grey Red T-shirt,Tshirts,Topwear,6188.jpg,Topwear,Topwear,0.9999857,OK
22219,Little Miss Women Sunshine Green T-shirt,Tshirts,Topwear,22219.jpg,Topwear,Topwear,0.9999999,OK
6763,Timberland Men's Eclectic Apple Green T-shirt,Tshirts,Topwear,6763.jpg,Topwear,Topwear,0.9999919,OK
48575,Revv Men Steel Bracelet,Bracelet,Jewellery,48575.jpg,Jewellery,Jewellery,0.99220145,OK
56392,Estee Lauder Women Pleasures 50 ml Perfume,Perfume and Body Mist,Fragrance,56392.jpg,Fragrance,Fragrance,0.99982977,OK
10273,Clarks Men Black Leather Closed Sandals,Sandals,Sandal,10273.jpg,Sandal,Sandal,0.961057,OK
22310,Inc. 5 Women Casual Golden Flats,Heels,Shoes,22310.jpg,Shoes,Shoes,0.9652163,OK
57185,Elle Women Green Tunic,Tunics,Topwear,57185.jpg,Topwear,Topwear,0.999876,OK
36818,Vishudh Women Black Kurta,Kurtas,Topwear,36818.jpg,Topwear,Topwear,0.9998554,OK
4610,Wildcraft Unisex Green & Grey Printed Backpack,Backpacks,Bags,4610.jpg,Bags,Bags,0.9995598,OK
47794,Murcia Women Brown Handbag,Handbags,Bags,47794.jpg,Bags,Bags,0.99999964,OK
28212,Ray-Ban Men Carbon Fibre Copper Sunglasses,Sunglasses,Eyewear,28212.jpg,Eyewear,Eyewear,0.99999785,OK
31291,Puma Women Striped Green T-shirt,Tshirts,Topwear,31291.jpg,Topwear,Topwear,0.9999746,OK
52634,Mod'acc Women Brown Handbag,Handbags,Bags,52634.jpg,Bags,Bags,1.0,OK
6767,Timberland Men's Nautical Stripe Pique Navy T-shirt,Tshirts,Topwear,6767.jpg,Topwear,Topwear,0.9999982,OK
4242,Probase Men's Winner Formula Navy T-shirt,Tshirts,Topwear,4242.jpg,Topwear,Topwear,0.99993396,OK
31118,Gini and Jony Girls Red Top,Tops,Topwear,31118.jpg,Topwear,Topwear,0.9999869,OK
50015,Hanes Men White Duo Dry Body Fit Crew T-shirt,Innerwear Vests,Innerwear,50015.jpg,Innerwear,Innerwear,0.9356607,OK
22673,Wildcraft Unisex Gear for Life Red Backpack,Backpacks,Bags,22673.jpg,Bags,Bags,0.9999993,OK
29486,Indigo Nation Men White Printed T-shirt,Tshirts,Topwear,29486.jpg,Topwear,Topwear,0.9999733,OK
51294,Hop Scotch Boys Black Sunglasses,Sunglasses,Eyewear,51294.jpg,Eyewear,Eyewear,0.9995732,OK
46946,York Women Betty Perfume,Perfume and Body Mist,Fragrance,46946.jpg,Fragrance,Innerwear,0.85690427,ONE MODEL DISAGREES
48768,Miki Pearl Women Ivory Jewellery Set,Jewellery Set,Jewellery,48768.jpg,Jewellery,Jewellery,0.9990079,OK
39657,Lotto Men White Shoes,Casual Shoes,Shoes,39657.jpg,Shoes,Shoes,0.9999652,OK
28605,Nike Men Dunk High Black Shoes,Sports Shoes,Shoes,28605.jpg,Shoes,Shoes,0.99955887,OK
16062,Highlander Men Solid Navy Blue Trouser,Trousers,Bottomwear,16062.jpg,Bottomwear,Bottomwear,0.99999356,OK
7452,Proline Men Grey & Navy Striped Polo T-shirt,Tshirts,Topwear,7452.jpg,Topwear,Topwear,0.99998903,OK
47641,Carlton London Women Cream Shoes,Casual Shoes,Shoes,47641.jpg,Shoes,Shoes,0.9991941,OK
29629,Indigo Nation Men Check Black Shirt,Shirts,Topwear,29629.jpg,Topwear,Topwear,0.99985325,OK
31926,Fabindia Women Blue Silk Purse,Clutches,Bags,31926.jpg,Bags,Bags,0.9894118,OK
9880,Indigo Nation Men Club Poplin Black Shirts,Shirts,Topwear,9880.jpg,Topwear,Topwear,0.9999912,OK
34853,Vans Unisex Authentic Lo Pro Black Shoes,Casual Shoes,Shoes,34853.jpg,Shoes,Shoes,0.99993455,OK
59481,Lucera Silver Chirsty Ring,Ring,Jewellery,59481.jpg,Jewellery,Jewellery,0.99495393,OK
8858,Mark Taylor Men White Striped Shirt,Shirts,Topwear,8858.jpg,Topwear,Topwear,0.9998223,OK
16322,Peter England Men Printed Orange TShirt,Tshirts,Topwear,16322.jpg,Topwear,Topwear,0.999992,OK
15899,Warner Bros Kids Unisex TJ Happy Canvas Orange Casual Shoes,Casual Shoes,Shoes,15899.jpg,Shoes,Shoes,0.874105,OK
37132,Wills Lifestyle Men Blue Dexter Club Shirt,Shirts,Topwear,37132.jpg,Topwear,Topwear,0.99998784,OK
10262,John Miller Men Black Trousers,Trousers,Bottomwear,10262.jpg,Bottomwear,Bottomwear,0.9999968,OK
20015,United Colors of Benetton Women Printed Olive T-shirt,Tshirts,Topwear,20015.jpg,Topwear,Topwear,0.9999876,OK
45420,Rocia Women Bronze & Brown Sandals,Flats,Shoes,45420.jpg,Shoes,Shoes,0.99986184,OK
51419,Myntra Men Blue and Green  Check Shirt,Shirts,Topwear,51419.jpg,Topwear,Topwear,1.0,OK
49622,Catwalk Women Black Flats,Heels,Shoes,49622.jpg,Shoes,Shoes,0.99919015,OK
26816,Arrow Men Blue Check Shirt,Shirts,Topwear,26816.jpg,Topwear,Topwear,0.9985827,OK
16252,United Colors of Benetton Women Solid Brown Stockings,Stockings,Bottomwear,16252.jpg,Bottomwear,Bottomwear,0.99979895,OK
10249,Murcia Women Hahk Brown Handbags,Handbags,Bags,10249.jpg,Bags,Bags,0.99999833,OK
51549,Fastrack Women Black Watch,Watches,Watches,51549.jpg,Watches,Watches,0.99999964,OK
29462,Giordano Men White Dial Watch,Watches,Watches,29462.jpg,Watches,Watches,1.0,OK
6140,ADIDAS Men Black Sports Shoes,Sports Shoes,Shoes,6140.jpg,Shoes,Shoes,0.99988925,OK
5354,Kalenji Ekiden 50 Wht/grey 09,Sports Shoes,Shoes,5354.jpg,Shoes,Shoes,0.9999989,OK
43566,Puma Unisex Red Buddy Backpack,Backpacks,Bags,43566.jpg,Bags,Bags,1.0,OK
43225,United Colors of Benetton Women Beige Capri,Capris,Bottomwear,43225.jpg,Bottomwear,Bottomwear,0.9999865,OK
15191,Arrow Sport Men Stripes Purple Polo Tshirts,Tshirts,Topwear,15191.jpg,Topwear,Topwear,0.9999994,OK
57327,Amante White T-shirt Bra BCMF02,Bra,Innerwear,57327.jpg,Innerwear,Innerwear,0.9965598,OK
18364,Undercolors of Benetton Men White V-Brief,Briefs,Innerwear,18364.jpg,Innerwear,Innerwear,0.99999964,OK
44020,Boss Men In Motion Perfume,Perfume and Body Mist,Fragrance,44020.jpg,Fragrance,Bags,0.51174253,ONE MODEL DISAGREES
22950,Fastrack Unisex Black Dial Watch 9915PP13,Watches,Watches,22950.jpg,Watches,Watches,0.9999963,OK
4586,Wildcraft Unisex Contour Red Backpack,Backpacks,Bags,4586.jpg,Bags,Bags,0.999998,OK
16423,Levi's Men Printed Grey Tshirts,Tshirts,Topwear,16423.jpg,Topwear,Topwear,0.99879265,OK
25680,Fastrack Women Purple Casual Watch,Watches,Watches,25680.jpg,Watches,Watches,1.0,OK
10845,Wrangler Men Falcon Print Red T-Shirts,Tshirts,Topwear,10845.jpg,Topwear,Topwear,0.999853,OK
48023,Helix Women Orange Dial Watch,Watches,Watches,48023.jpg,Watches,Watches,0.9819869,OK
53099,Fabindia Silver Earrings,Earrings,Jewellery,53099.jpg,Jewellery,Jewellery,1.0,OK
5845,Puma Men's Summer Graphic White T-shirt,Tshirts,Topwear,5845.jpg,Topwear,Topwear,0.99360985,OK
45611,Arrow Men Black Formal Shoes,Formal Shoes,Shoes,45611.jpg,Shoes,Shoes,0.9997671,OK
41902,Playboy Men Miami Perfume Buy 1 Get 1 free,Perfume and Body Mist,Fragrance,41902.jpg,Fragrance,Fragrance,0.9999913,OK
44678,Wills Lifestyle Women Pink Top,Tops,Topwear,44678.jpg,Topwear,Topwear,0.9999918,OK
20152,Wrangler Men Willy Rodeo Red Shirt,Shirts,Topwear,20152.jpg,Topwear,Topwear,0.99994683,OK
26084,John Miller Men Check Yellow Shirt,Shirts,Topwear,26084.jpg,Topwear,Topwear,0.9997029,OK
47140,Be For Bag Women Combo pack Tote Bags,Handbags,Bags,47140.jpg,Bags,Bags,0.99999785,OK
19950,Puma Men Solid Olive Sweatshirt,Sweatshirts,Topwear,19950.jpg,Topwear,Topwear,0.99999285,OK
2788,Ediots Men's Chronological Status Yellow T-shirt,Tshirts,Topwear,2788.jpg,Topwear,Topwear,0.9999919,OK
44958,Fogg Women Radiate Deo,Deodorant,Fragrance,44958.jpg,Fragrance,Fragrance,0.9999863,OK
39260,Red Chief Men Khaki Shoes,Casual Shoes,Shoes,39260.jpg,Shoes,Shoes,0.99780375,OK
18859,Puma Men Generation Black Polo Tshirt,Tshirts,Topwear,18859.jpg,Topwear,Topwear,0.9999325,OK
30869,Fabindia Women Printed Beige Kurta,Kurtas,Topwear,30869.jpg,Topwear,Topwear,0.9999819,OK
29970,Cat Men Sheet Sunglasses,Sunglasses,Eyewear,29970.jpg,Eyewear,Eyewear,0.9997745,OK
23540,Classic Polo Men Black Sweatshirt,Sweatshirts,Topwear,23540.jpg,Topwear,Topwear,0.9999957,OK
6744,Nike Men's Lunar Swift 2 Black Shoe,Sports Shoes,Shoes,6744.jpg,Shoes,Shoes,0.9999585,OK
15601,Nike Men Football Soccer Navy Blue Jackets,Jackets,Topwear,15601.jpg,Topwear,Topwear,0.99727315,OK
34109,Doodle Girls Printed Blue Top,Tops,Topwear,34109.jpg,Topwear,Topwear,0.8978965,OK
38610,Nike Men Printed Cruis Black T-shirt,Tshirts,Topwear,38610.jpg,Topwear,Topwear,0.99986494,OK
13516,Palm Tree Kids Girl Washed Blue Skirts,Skirts,Bottomwear,13516.jpg,Bottomwear,Bottomwear,0.99156404,OK
27716,Murcia Women Black Handbag,Handbags,Bags,27716.jpg,Bags,Bags,1.0,OK
5396,Artengo Artengo Bad 414 I Man,Sports Shoes,Shoes,5396.jpg,Shoes,Shoes,0.9989887,OK
59250,Titan Men Black Watch,Watches,Watches,59250.jpg,Watches,Watches,0.9999864,OK
57029,Forever New Women Pink Top,Tops,Topwear,57029.jpg,Topwear,Topwear,0.99994373,OK
21740,Vans Unisex Authentic Lo Pro Brown Casual Shoes,Casual Shoes,Shoes,21740.jpg,Shoes,Shoes,0.9998758,OK
7284,Nirvana Men's Live White Melange T-shirt,Tshirts,Topwear,7284.jpg,Topwear,Topwear,0.99947757,OK
28011,Jockey ZONE Men White Trunks US19,Trunk,Innerwear,28011.jpg,Innerwear,Fragrance,0.80464745,ONE MODEL DISAGREES
48725,Lucera Women Silver Earrings,Earrings,Jewellery,48725.jpg,Jewellery,Jewellery,1.0,OK
31119,Gini and Jony Girls Purple Top,Tops,Topwear,31119.jpg,Topwear,Topwear,0.9971842,OK
17875,Levis Men Comfort Style Black Innerwear Vest,Innerwear Vests,Innerwear,17875.jpg,Innerwear,Innerwear,0.9667986,OK
13907,Nike Men Sweet Classic Leather Grey Casual Shoes,Casual Shoes,Shoes,13907.jpg,Shoes,Shoes,0.99995434,OK
9529,Puma Men's Ess Woven Grey Shorts,Shorts,Bottomwear,9529.jpg,Bottomwear,Bottomwear,0.9999752,OK
48370,French Connection Men Brown & Beige Shirt,Shirts,Topwear,48370.jpg,Topwear,Topwear,0.9927717,OK
24703,Puma Unisex 4M Blur Black Sports Sandals,Sports Sandals,Sandal,24703.jpg,Sandal,Sandal,0.8454788,OK
28530,Nike Women Sprinter Grey T-shirt,Tshirts,Topwear,28530.jpg,Topwear,Topwear,0.9999769,OK
2936,DUSG Women's Red Polo T-shirt,Tshirts,Topwear,2936.jpg,Topwear,Topwear,0.99960774,OK
47579,Portia Women Black & Brown Sandals,Heels,Shoes,47579.jpg,Shoes,Shoes,0.99960226,OK
10499,Flying Machine Women Aspen Yellow Tshirts,Tshirts,Topwear,10499.jpg,Topwear,Topwear,0.9994031,OK
57110,Elle Women Blue Shirt,Shirts,Topwear,57110.jpg,Topwear,Topwear,0.99999833,OK
9174,Locomotive Men Balin Blue Jeans,Jeans,Bottomwear,9174.jpg,Bottomwear,Bottomwear,0.9998834,OK
24908,United Colors of Benetton Kids Boys Yellow Printed T-shirt,Tshirts,Topwear,24908.jpg,Topwear,Topwear,0.9999895,OK
45023,Maxima Women Black Dial Pearl Strap Watch,Watches,Watches,45023.jpg,Watches,Jewellery,0.6582562,ONE MODEL DISAGREES
44379,ADIDAS Men Intense Touch  Perfume,Perfume and Body Mist,Fragrance,44379.jpg,Fragrance,Fragrance,0.9928221,OK
18479,Puma Men Super Elevate White Casual Shoes,Casual Shoes,Shoes,18479.jpg,Shoes,Shoes,0.9999585,OK
9594,Scullers Men Scul Red White Shirts,Shirts,Topwear,9594.jpg,Topwear,Topwear,0.99999523,OK
18162,Puma Unisex Apex Black Backpack,Backpacks,Bags,18162.jpg,Bags,Bags,1.0,OK
18871,Franco Leone Men Formal Brown Shoes,Formal Shoes,Shoes,18871.jpg,Shoes,Shoes,0.9999747,OK
24583,Lee Men Roadie Red T-shirt,Tshirts,Topwear,24583.jpg,Topwear,Topwear,0.99999774,OK
8317,Wildcraft Men Blue Printed T-shirt,Tshirts,Topwear,8317.jpg,Topwear,Topwear,0.9996973,OK
59283,Titan Men White Dial Watch,Watches,Watches,59283.jpg,Watches,Watches,0.9999918,OK
15722,Nike Men Lunarswift+ 3 Shield Grey Sports Shoes,Sports Shoes,Shoes,15722.jpg,Shoes,Shoes,0.9999455,OK
46661,Rasasi Men Instincts Deo,Deodorant,Fragrance,46661.jpg,Fragrance,Fragrance,0.99996257,OK
8184,Locomotive Men Check Laertes Red Shirts,Shirts,Topwear,8184.jpg,Topwear,Topwear,0.9999968,OK
7964,Puma Men's Large Logo Graphic Black T-shirt,Tshirts,Topwear,7964.jpg,Topwear,Topwear,0.99917704,OK
57343,Amante Women Push-Up Pink Bra-BGDI03,Bra,Innerwear,57343.jpg,Innerwear,Innerwear,0.9997143,OK
16823,Little Miss Women Printed Blue T-shirt,Tshirts,Topwear,16823.jpg,Topwear,Topwear,0.9999994,OK
7828,Puma Women Saba Ballet Black Shoe,Casual Shoes,Shoes,7828.jpg,Shoes,Shoes,0.96214616,OK
34735,Puma Men Faas Steady Power Black Sports Shoes,Sports Shoes,Shoes,34735.jpg,Shoes,Shoes,0.99922717,OK
17198,U.S. Polo Assn. Men Solid Black Sweater,Sweaters,Topwear,17198.jpg,Topwear,Topwear,0.99507916,OK
8293,Mr.Men Men's Purple Melange T-shirt,Tshirts,Topwear,8293.jpg,Topwear,Topwear,0.99973065,OK
35420,ADIDAS Unisex Viking White Sports Shoes,Sports Shoes,Shoes,35420.jpg,Shoes,Shoes,0.9999324,OK
9878,Indigo Nation Men Hot Stepper Blue Striped Shirt,Shirts,Topwear,9878.jpg,Topwear,Topwear,0.9998017,OK
4303,Tantra Kid's Unisex Pastime Green Kidswear,Tshirts,Topwear,4303.jpg,Topwear,Topwear,0.99953175,OK
9918,Puma Unisex Ferrari LS Weekender Black Duffle Bags,Duffel Bag,Bags,9918.jpg,Bags,Bags,0.9999924,OK
3871,Wrangler Men's Poster Print Slub Brown T-shirt,Tshirts,Topwear,3871.jpg,Topwear,Topwear,0.9998666,OK
6468,Numero Uno Men's Casual Black Shoe,Casual Shoes,Shoes,6468.jpg,Shoes,Shoes,0.98915637,OK
5617,ADIDAS Men Henrio Black Blue Floater,Sandals,Sandal,5617.jpg,Sandal,Sandal,0.9697104,OK
27370,Tantra Men Singer Blue T-shirt,Tshirts,Topwear,27370.jpg,Topwear,Topwear,0.99999905,OK
21270,Footloose Unisex Polyester Black Backpack,Backpacks,Bags,21270.jpg,Bags,Bags,0.99998355,OK
4327,Tantra Kid's Unisex Cute Mom Turqoise Kidswear,Tshirts,Topwear,4327.jpg,Topwear,Topwear,0.9999988,OK
39307,Red Chief Men Black Shoes,Casual Shoes,Shoes,39307.jpg,Shoes,Shoes,0.99678,OK
4433,Wrangler Men's Hiker Striper Polo White Navy T-shirt,Tshirts,Topwear,4433.jpg,Topwear,Topwear,0.99973005,OK
5762,Jealous 21 Women's White Blue Shorts,Shorts,Bottomwear,5762.jpg,Bottomwear,Bottomwear,0.9911499,OK
20849,Spice Art Women Glass Silver Evening Clutch,Clutches,Bags,20849.jpg,Bags,Bags,0.9999708,OK
46821,Catwalk Women Brown Heels,Heels,Shoes,46821.jpg,Shoes,Shoes,0.9991441,OK
32346,Q&Q Women Black Dial Watch,Watches,Watches,32346.jpg,Watches,Watches,1.0,OK
26820,Highlander Men Navy Blue Trousers,Trousers,Bottomwear,26820.jpg,Bottomwear,Bottomwear,0.999964,OK
26789,Arrow Men Blue Shirt,Shirts,Topwear,26789.jpg,Topwear,Topwear,0.99835664,OK
8558,Basics Men Black T-shirt,Tshirts,Topwear,8558.jpg,Topwear,Topwear,0.9988164,OK
22147,Lee Cooper Men Black Formal Shoes,Formal Shoes,Shoes,22147.jpg,Shoes,Shoes,0.999987,OK
55635,Catwalk Women Gold Heels,Heels,Shoes,55635.jpg,Shoes,Shoes,0.99999833,OK
56413,GAS Men Brown Glade Sandals,Sandals,Sandal,56413.jpg,Sandal,Sandal,0.64050025,OK
23447,Satya Paul Women Lavender Printed Top,Tops,Topwear,23447.jpg,Topwear,Topwear,0.9999994,OK
23589,Nike Fragrances Women Urban Musk Deo and Perfume,Fragrance Gift Set,Fragrance,23589.jpg,Fragrance,Fragrance,0.9999994,OK
4683,ADIDAS ESS Black Unisex Backpack,Backpacks,Bags,4683.jpg,Bags,Bags,1.0,OK
58660,ALayna Women Green Kurta,Kurtas,Topwear,58660.jpg,Topwear,Topwear,0.9999882,OK
3976,Jealous 21 Women Cream Tunic With Mirror Print Top,Tops,Topwear,3976.jpg,Topwear,Topwear,0.99983704,OK
23324,W Women Rust Printed Kurta,Kurtas,Topwear,23324.jpg,Topwear,Topwear,0.99986815,OK
19012,ADIDAS Originals Women Supergirl TT Pink Jacket,Jackets,Topwear,19012.jpg,Topwear,Topwear,0.99999666,OK
11367,United Colors Of Benetton Women Light Winter Purple Tops,Tops,Topwear,11367.jpg,Topwear,Topwear,0.99986625,OK
37941,Mineral Women Floral Green Tunic,Tunics,Topwear,37941.jpg,Topwear,Topwear,0.9999856,OK
33064,U.S. Polo Assn. Denim Co. Men Check Blue Shirt,Shirts,Topwear,33064.jpg,Topwear,Topwear,0.9999995,OK
12251,Genesis Men Stripes Navy Blue Shirts,Shirts,Topwear,12251.jpg,Topwear,Topwear,0.9986136,OK
5188,Linkin Park Men's Linking Black T-shirt,Tshirts,Topwear,5188.jpg,Topwear,Topwear,0.99988055,OK
15366,Red Tape Men Grey Shoes,Casual Shoes,Shoes,15366.jpg,Shoes,Shoes,0.99997497,OK
8231,Fastrack Men Green Laptop Backpack,Backpacks,Bags,8231.jpg,Bags,Bags,0.9999999,OK
54695,Shree Women Pink Printed Kurta,Kurtas,Topwear,54695.jpg,Topwear,Topwear,0.99976224,OK
26634,Puma Men Future Cat Red Casual Shoes,Casual Shoes,Shoes,26634.jpg,Shoes,Shoes,0.9997161,OK
5017,Levis Kids Girl's Alicia Pink Kidswear,Capris,Bottomwear,5017.jpg,Topwear,Bottomwear,0.9999442,ONE MODEL DISAGREES
20011,United Colors of Benetton Women Red Striped Top,Tops,Topwear,20011.jpg,Topwear,Topwear,0.99999344,OK
11101,Indigo Nation Men Stripes Purple Shirts,Shirts,Topwear,11101.jpg,Topwear,Topwear,0.9999455,OK
26921,Jealous 21 Women Black Top,Tops,Topwear,26921.jpg,Topwear,Topwear,0.9998461,OK
36425,Spinn Men Bounce Grey Sports Shoes,Sports Shoes,Shoes,36425.jpg,Shoes,Shoes,0.99971896,OK
54620,Fastrack Men Black Dial Watch,Watches,Watches,54620.jpg,Watches,Watches,0.99999976,OK
12699,Nike Men Lunarglide Black Sports Shoes,Sports Shoes,Shoes,12699.jpg,Shoes,Shoes,0.99993885,OK
9009,Murcia Women Snake Print Bag Brown Handbags,Handbags,Bags,9009.jpg,Bags,Bags,0.9866794,OK
20715,Red Tape Men Black Leather Casual Shoes,Casual Shoes,Shoes,20715.jpg,Shoes,Shoes,0.9945912,OK
59298,U.S. Polo Assn. Men Striped Green Shirt,Shirts,Topwear,59298.jpg,Topwear,Topwear,0.9999683,OK
18709,Hanes Women Pack of Three 100% Cotton Plain Bikini Briefs,Briefs,Innerwear,18709.jpg,Innerwear,Innerwear,0.9958698,OK
13774,Belmonte Men Printed Black Tshirts,Tshirts,Topwear,13774.jpg,Topwear,Topwear,0.99996734,OK
27996,Jockey ZONE Men Black Tanga Brief US18,Briefs,Innerwear,27996.jpg,Innerwear,Innerwear,0.9999263,OK
25656,Fastrack Men Black Dial Watch NA1474SM02,Watches,Watches,25656.jpg,Watches,Watches,0.99999976,OK
31864,Titan Women Raga Silver Dial Watch,Watches,Watches,31864.jpg,Watches,Watches,0.5926586,OK
53542,Amante Women Pack of 3 Assorted Briefs PFPR11,Briefs,Innerwear,53542.jpg,Innerwear,Innerwear,0.9950742,OK
17901,Nike Men Football Soccer Black Jacket,Jackets,Topwear,17901.jpg,Topwear,Topwear,0.9999032,OK
43813,Royal Diadem Purple Earrings,Earrings,Jewellery,43813.jpg,Jewellery,Jewellery,0.99960536,OK
41712,Catwalk Women Teal Wedges,Heels,Shoes,41712.jpg,Shoes,Shoes,0.999938,OK
54064,Fogg Men Marco Deo,Deodorant,Fragrance,54064.jpg,Fragrance,Fragrance,0.99971277,OK
19371,Red Tape Men Federer Black Formal Shoes,Formal Shoes,Shoes,19371.jpg,Shoes,Shoes,0.9999552,OK
26804,Arrow Men Black Striped Slim Fit Shirt,Shirts,Topwear,26804.jpg,Topwear,Topwear,0.9944906,OK
2212,Adidas Men 3 Stripe Green Polo T-shirt,Tshirts,Topwear,2212.jpg,Topwear,Topwear,0.9999994,OK
27176,Mark Taylor Men Striped White Shirt,Shirts,Topwear,27176.jpg,Topwear,Topwear,0.9999089,OK
51550,Fastrack Women Pink Watch,Watches,Watches,51550.jpg,Watches,Watches,0.9999579,OK
4278,Rockport Men Joquelp Black Sandal,Sandals,Sandal,4278.jpg,Sandal,Shoes,0.78061104,ONE MODEL DISAGREES
59559,Lucera Silver Bangle,Bangle,Jewellery,59559.jpg,Jewellery,Jewellery,0.9995472,OK
34455,Rocia Women Black Shoes,Heels,Shoes,34455.jpg,Shoes,Shoes,0.99997425,OK
45112,Casio Enticer Men Black Analogue Multi-Dial Watch MTP-1192E-1ADF(A167),Watches,Watches,45112.jpg,Watches,Watches,1.0,OK
11163,John Miller Men Solid Blue Shirts,Shirts,Topwear,11163.jpg,Topwear,Topwear,0.9999114,OK
23077,Arrow Sport Men White Striped Shirt,Shirts,Topwear,23077.jpg,Topwear,Topwear,0.9999671,OK
26316,Proline Men Navy Track Pants,Track Pants,Bottomwear,26316.jpg,Bottomwear,Bottomwear,0.9999273,OK
26384,Turtle Men Black Trousers,Trousers,Bottomwear,26384.jpg,Bottomwear,Bottomwear,0.99999475,OK
21224,Basics Men Brown Printed T-shirt,Tshirts,Topwear,21224.jpg,Topwear,Topwear,0.99996436,OK
58612,ToniQ Women Orange Earrings,Earrings,Jewellery,58612.jpg,Jewellery,Jewellery,0.9969303,OK
8832,Spykar Men Rts Grey White Pullover Grey Sweaters,Sweaters,Topwear,8832.jpg,Topwear,Topwear,0.9999914,OK
30930,Fabindia Women Printed Beige & Blue Top,Tops,Topwear,30930.jpg,Topwear,Topwear,0.9999924,OK
6810,Timberland Men Earthkeeper Burnsh Medium Brown Shoe,Casual Shoes,Shoes,6810.jpg,Shoes,Shoes,0.9999913,OK
6980,s.Oliver Men Grey White Check Shirt,Shirts,Topwear,6980.jpg,Topwear,Topwear,0.9995327,OK
38943,Gini and Jony Boys Check White Shirt,Shirts,Topwear,38943.jpg,Topwear,Topwear,0.9999373,OK
25844,Diva Women Printed Cream Kurti,Kurtis,Topwear,25844.jpg,Topwear,Topwear,0.99981743,OK
47637,Carlton London Women Yellow Peep Toes,Heels,Shoes,47637.jpg,Shoes,Shoes,0.9997454,OK
2856,Mr.Men Men's Mr.Happy Grey T-shirt,Tshirts,Topwear,2856.jpg,Topwear,Topwear,0.99937135,OK
9335,Puma Women Edition Grey Tops,Tshirts,Topwear,9335.jpg,Topwear,Topwear,0.99999654,OK
9700,Hush Puppies Men Falcon Brown Formal Shoes,Formal Shoes,Shoes,9700.jpg,Shoes,Shoes,0.9979571,OK
29882,Mayhem Men Aviator Sunglasses 1019-201,Sunglasses,Eyewear,29882.jpg,Eyewear,Eyewear,0.9999995,OK
45121,Casio Enticer Men Silver Analogue Multi-Dial Watch MTP-1246D-1AVDF(A220),Watches,Watches,45121.jpg,Watches,Watches,1.0,OK
49475,Vans Men Brown Zapato Del Barco Shoes,Casual Shoes,Shoes,49475.jpg,Shoes,Shoes,0.99875665,OK
24391,Folklore Women Orange Printed Kurta,Kurtas,Topwear,24391.jpg,Topwear,Topwear,0.99988055,OK
34224,Proline Men Green T-shirt,Tshirts,Topwear,34224.jpg,Topwear,Topwear,0.999746,OK
13863,Scullers Men Check Blue Shirts,Shirts,Topwear,13863.jpg,Topwear,Topwear,0.9999796,OK
16076,Belkin Unisex Pace Tall Messenger Black Netbook Bag,Laptop Bag,Bags,16076.jpg,Bags,Bags,0.9996113,OK
41724,Catwalk Women Olive Heels,Heels,Shoes,41724.jpg,Shoes,Sandal,0.93592876,ONE MODEL DISAGREES
15259,ADIDAS Originals Women Top Ten low Sleek White Casual Shoes,Casual Shoes,Shoes,15259.jpg,Shoes,Shoes,0.999954,OK
56284,Biara White Everyday Support Bra,Bra,Innerwear,56284.jpg,Innerwear,Innerwear,0.99766445,OK
27449,Jockey Essence Pink Full-Coverage Slim Fit Bra 1615-0105,Bra,Innerwear,27449.jpg,Innerwear,Innerwear,0.9986242,OK
11625,W Women Printed Red Kurtas,Kurtas,Topwear,11625.jpg,Topwear,Topwear,0.9999151,OK
50502,Chromozome Men Grey & Red Briefs,Briefs,Innerwear,50502.jpg,Innerwear,Innerwear,0.9999379,OK
41442,Lee Cooper Men White Sports Shoes,Sports Shoes,Shoes,41442.jpg,Shoes,Shoes,0.99995625,OK
43660,ONLY Women Purple Tunic,Tunics,Topwear,43660.jpg,Topwear,Topwear,0.9999969,OK
47419,Baggit Women Black Handbag,Handbags,Bags,47419.jpg,Bags,Bags,0.99999976,OK
9069,Mark Taylor Men Solid Blue Shirts,Shirts,Topwear,9069.jpg,Topwear,Topwear,0.999795,OK
28546,Nike Men Basic Navy Blue T-shirt,Tshirts,Topwear,28546.jpg,Topwear,Topwear,0.9984133,OK
47231,Franco Leone Men Black Slippers,Sandals,Sandal,47231.jpg,Sandal,Sandal,0.997198,OK
4296,Tantra Men's Hum Hindustani Choco Brown T-shirt,Tshirts,Topwear,4296.jpg,Topwear,Topwear,0.9943342,OK
41034,Nautica Men Black Dial Watch,Watches,Watches,41034.jpg,Watches,Watches,0.9993098,OK
13458,United Colors of Benetton Women Solid Black Shirts,Shirts,Topwear,13458.jpg,Topwear,Topwear,0.99999654,OK
57856,Catwalk Women Yellow Flats,Heels,Shoes,57856.jpg,Shoes,Shoes,0.9548655,OK
17562,Mark Taylor Men Blue & White Striped Shirt,Shirts,Topwear,17562.jpg,Topwear,Topwear,0.999926,OK
48862,Lucera Women Silver Pendant,Pendant,Jewellery,48862.jpg,Jewellery,Jewellery,0.99999726,OK
11334,United Colors of Benetton Men Washed Navy Blue Jeans,Jeans,Bottomwear,11334.jpg,Bottomwear,Bottomwear,0.9999424,OK
39155,Aneri Women Magenta & Beige Kurta,Kurtas,Topwear,39155.jpg,Topwear,Topwear,0.99999285,OK
25353,Levis Men Pack of 2 Briefs,Briefs,Innerwear,25353.jpg,Innerwear,Innerwear,0.9999964,OK
19563,United Colors of Benetton Men Solid Grey TShirt,Tshirts,Topwear,19563.jpg,Topwear,Topwear,0.9743414,OK
14959,Status Quo Men Solid Grey Jackets,Jackets,Topwear,14959.jpg,Topwear,Topwear,0.9999968,OK
34119,Clarks Men Brown Leather Sandals,Sandals,Sandal,34119.jpg,Sandal,Sandal,0.95118976,OK
58985,Cavallini Women Deo,Deodorant,Fragrance,58985.jpg,Fragrance,Fragrance,0.9999982,OK
30494,Lovable Women Fiona Brown Bra,Bra,Innerwear,30494.jpg,Innerwear,Innerwear,0.9999163,OK
1882,FIFA Mens Code Collection Red T-shirt,Tshirts,Topwear,1882.jpg,Topwear,Topwear,0.99999094,OK
4908,Levis Kids Girl's Darcy Red Teens Kidswear,Tops,Topwear,4908.jpg,Topwear,Topwear,0.9998791,OK
50206,Stoln Women Pink Sunglasses,Sunglasses,Eyewear,50206.jpg,Eyewear,Eyewear,0.9999999,OK
10729,Murcia Women Lorra Black Black Handbags,Handbags,Bags,10729.jpg,Bags,Bags,0.9999982,OK
3949,Jealous 21 Women White Flower Top Purple Stripes Top,Tops,Topwear,3949.jpg,Topwear,Topwear,0.99987257,OK
20398,Baggit Women Golmaal Taj Brown Handbag,Handbags,Bags,20398.jpg,Bags,Bags,0.99999857,OK
27096,Aneri Women Prachi Cream Kurta,Kurtas,Topwear,27096.jpg,Topwear,Topwear,0.99999034,OK
11302,Wrangler Women Blue Michelle Jeans,Jeans,Bottomwear,11302.jpg,Bottomwear,Bottomwear,0.9999974,OK
32264,Enamor Women Black Bra,Bra,Innerwear,32264.jpg,Innerwear,Innerwear,0.9998272,OK
23698,Ray-Ban Men Predator Sunglasses,Sunglasses,Eyewear,23698.jpg,Eyewear,Eyewear,0.99999976,OK
4170,Reebok Women Zig Sonic Yellow and Grey Sports Shoes,Sports Shoes,Shoes,4170.jpg,Shoes,Shoes,0.85485464,OK
16890,Police Unisex Casual Black Sunglasses,Sunglasses,Eyewear,16890.jpg,Eyewear,Eyewear,0.99999714,OK
45331,Cobblerz Women Blue Heels,Heels,Shoes,45331.jpg,Shoes,Shoes,0.8814635,OK
27415,Jockey Women Black Relaxed Capris,Capris,Bottomwear,27415.jpg,Bottomwear,Bottomwear,0.99372345,OK
35128,Allen Solly Woman Purple Bangle,Bracelet,Jewellery,35128.jpg,Jewellery,Jewellery,0.999941,OK
35874,Marvel Boys Comics Grey T-shirt,Tshirts,Topwear,35874.jpg,Topwear,Topwear,0.9999939,OK
47057,Shree Women Navy Blue & Pink Jodhpuri Salwar,Salwar,Bottomwear,47057.jpg,Bottomwear,Bottomwear,0.9718483,OK
5876,Puma Women Heritage Black Handbag,Handbags,Bags,5876.jpg,Bags,Bags,0.99997413,OK
38357,2go Active Gear USA Men Red Bjorn Track Pants,Tracksuits,Bottomwear,38357.jpg,Bottomwear,Bottomwear,0.9999281,OK
16373,Peter England Men Solid Charcoal Trouser,Trousers,Bottomwear,16373.jpg,Bottomwear,Bottomwear,0.9999757,OK
19651,United Colors of Benetton Men Printed Blue Tshirt,Tshirts,Topwear,19651.jpg,Topwear,Topwear,0.9999927,OK
26737,Reebok Men Reesport Deo,Deodorant,Fragrance,26737.jpg,Fragrance,Fragrance,1.0,OK
47182,Ganuchi Men Blue Casual Shoes,Casual Shoes,Shoes,47182.jpg,Shoes,Shoes,0.9999722,OK
13447,United Colors of Benetton Men Stripes Pink Tshirts,Tshirts,Topwear,13447.jpg,Topwear,Topwear,0.99991894,OK
19764,Ice Women Love Pink d ial Watch,Watches,Watches,19764.jpg,Watches,Watches,1.0,OK
18534,Chhota Bheem Chutki Kids-Girls Pink Watch,Watches,Watches,18534.jpg,Watches,Watches,0.9999999,OK
46353,Locomotive Men Blue Striped Shirt,Shirts,Topwear,46353.jpg,Topwear,Topwear,0.99992144,OK
57944,Clarks Men Black Leather Sandals,Sandals,Sandal,57944.jpg,Sandal,Sandal,0.99758506,OK
53706,Kiara Women Grey Handbag,Handbags,Bags,53706.jpg,Bags,Bags,1.0,OK
11868,Franco Leone Men Casual Black Sandals,Sandals,Sandal,11868.jpg,Sandal,Sandal,0.95685095,OK
3498,ADIDAS Women Adi Light Blue White Shoe,Casual Shoes,Shoes,3498.jpg,Shoes,Shoes,0.99935836,OK
34822,ADIDAS Men Monetro White Sports Shoes,Sports Shoes,Shoes,34822.jpg,Shoes,Shoes,0.9993944,OK
34569,Tonga Women Printed Grey Top,Tops,Topwear,34569.jpg,Topwear,Topwear,0.9999963,OK
13339,Gini and Jony Kids Girls Solid Black Skirts,Skirts,Bottomwear,13339.jpg,Bottomwear,Bottomwear,0.9998503,OK
2766,Classic Polo Men's Light Grey T-shirt,Tshirts,Topwear,2766.jpg,Topwear,Topwear,0.9980002,OK
53795,Puma Men Black T-shirt,Tshirts,Topwear,53795.jpg,Topwear,Topwear,0.989647,OK
14440,Enroute Women Casual White Flats,Heels,Shoes,14440.jpg,Shoes,Shoes,0.9998472,OK
22467,Timberland Men Olive Vintage Rugged Shirt,Shirts,Topwear,22467.jpg,Topwear,Topwear,0.99937856,OK
29964,Cat Men Sheet Sunglasses,Sunglasses,Eyewear,29964.jpg,Eyewear,Eyewear,0.9999987,OK
16110,M tv Men My Fab Eyewear Brown Sunglasses,Sunglasses,Eyewear,16110.jpg,Eyewear,Eyewear,0.99999857,OK
24758,Ed Hardy Men Black T-shirt,Tshirts,Topwear,24758.jpg,Topwear,Topwear,0.9999522,OK
36225,Nike Men Chukka Go Suede Green Shoes,Casual Shoes,Shoes,36225.jpg,Shoes,Shoes,0.999979,OK
12845,Ant Kids Boys Arrow Maroon Tshirts,Tshirts,Topwear,12845.jpg,Topwear,Topwear,0.9999852,OK
3429,Myntra Men's If You Don't Like Black T-shirt,Tshirts,Topwear,3429.jpg,Topwear,Topwear,0.9999945,OK
54136,Rocia Women Silver Flats,Heels,Shoes,54136.jpg,Shoes,Shoes,0.664464,OK
4338,Fila Men's Leonard Black Shoe,Sports Shoes,Shoes,4338.jpg,Shoes,Shoes,0.99996936,OK
14326,ADIDAS Women Printed Black Tops,Tops,Topwear,14326.jpg,Topwear,Topwear,0.99997103,OK
11072,Scullers Men Check Black Shirts,Shirts,Topwear,11072.jpg,Topwear,Topwear,0.99985516,OK
13350,Spykar Blue Washed Jeans,Jeans,Bottomwear,13350.jpg,Bottomwear,Bottomwear,0.99999344,OK
35203,Wildcraft Unisex Red & Black Backpack,Backpacks,Bags,35203.jpg,Bags,Bags,1.0,OK
16389,Peter England Men Solid Maroon Shirt,Shirts,Topwear,16389.jpg,Topwear,Topwear,0.99997544,OK
33167,Sepia Women Blue Top,Tops,Topwear,33167.jpg,Topwear,Topwear,0.9955843,OK
57506,Lee Cooper Men Brown Sandals,Sandals,Sandal,57506.jpg,Sandal,Sandal,0.9214744,OK
37590,Madagascar Girls Pink Innerwear Vest,Innerwear Vests,Innerwear,37590.jpg,Innerwear,Topwear,0.9997576,ONE MODEL DISAGREES
46395,ADIDAS Men Blue & White Check Shirt,Shirts,Topwear,46395.jpg,Topwear,Topwear,0.9999988,OK
11462,United Colors of Benetton Men White Polo T-shirt,Tshirts,Topwear,11462.jpg,Topwear,Topwear,0.9060327,OK
9219,Puma Women Abbey Grey Casual Shoes,Casual Shoes,Shoes,9219.jpg,Shoes,Shoes,0.9926926,OK
30138,Flying Machine Women Printed Pink T-shirt,Tshirts,Topwear,30138.jpg,Topwear,Topwear,0.9999876,OK
24612,Ed Hardy Men Red Printed T-Shirt,Tshirts,Topwear,24612.jpg,Topwear,Topwear,0.997995,OK
32268,Vishudh Women Printed Pink Kurta,Kurtas,Topwear,32268.jpg,Topwear,Topwear,0.99999774,OK
5397,Artengo Artengo Bad 650 Man,Sports Shoes,Shoes,5397.jpg,Shoes,Sandal,0.7664859,ONE MODEL DISAGREES
23779,Oakley Men Black Fast Jacket Sunglasses,Sunglasses,Eyewear,23779.jpg,Eyewear,Eyewear,0.9993672,OK
16287,Peter England Men Printed Blue TShirt,Tshirts,Topwear,16287.jpg,Topwear,Topwear,0.99999976,OK
50490,Chromozome Men Grey Trunks,Trunk,Innerwear,50490.jpg,Innerwear,Innerwear,0.99975187,OK
2058,Lee Men's Solo Storm Rider T-shirt,Tshirts,Topwear,2058.jpg,Topwear,Topwear,0.99996996,OK
11410,United Colors of Benetton Men Winter Grey T-shirt,Tshirts,Topwear,11410.jpg,Topwear,Topwear,0.97696245,OK
31050,Arrow Sport Men Check Navy Blue Shirt,Shirts,Topwear,31050.jpg,Topwear,Topwear,0.99999106,OK
43630,Vero Moda Women Red Shirt,Shirts,Topwear,43630.jpg,Topwear,Topwear,0.99999416,OK
59217,Titan Men Brown Watch,Watches,Watches,59217.jpg,Watches,Watches,0.9999994,OK
18366,Undercolors of Benetton Men White Pack of 3 V-Briefs,Briefs,Innerwear,18366.jpg,Innerwear,Innerwear,0.99999857,OK
20109,Diva Women Printed Cream Kurta,Kurtas,Topwear,20109.jpg,Topwear,Topwear,0.99993217,OK
33426,Baggit Women Marsx Baby Orange Handbag,Handbags,Bags,33426.jpg,Bags,Bags,0.9999989,OK
22105,Flying Machine Men Black Casual Shoes,Casual Shoes,Shoes,22105.jpg,Shoes,Shoes,0.999905,OK
6073,UCB Women's Halter Front Black Top,Tops,Topwear,6073.jpg,Topwear,Topwear,0.56502575,OK
31732,Reid & Taylor Men Brown Blazer,Blazers,Topwear,31732.jpg,Topwear,Topwear,0.9959234,OK
50569,Chromozome Men Pack of Two Brown Trunks,Trunk,Innerwear,50569.jpg,Innerwear,Innerwear,0.9999107,OK
48181,Fossil Women Brown Handbag,Handbags,Bags,48181.jpg,Bags,Bags,0.9999999,OK
18306,Wills Lifestyle Men Check White Shirt,Shirts,Topwear,18306.jpg,Topwear,Topwear,0.9996487,OK
4569,Nike Men's Collect White Shoe,Sports Shoes,Shoes,4569.jpg,Shoes,Shoes,0.9990196,OK
9612,Indigo Nation Men Stripes Yellow Shirt,Shirts,Topwear,9612.jpg,Topwear,Topwear,0.99989545,OK
21112,s.Oliver Women White Top,Tops,Topwear,21112.jpg,Topwear,Topwear,0.99986994,OK
45270,CASIO Men Silver-Toned Digital Watch I067,Watches,Watches,45270.jpg,Watches,Watches,1.0,OK
40504,Titan Men White Dial Watch,Watches,Watches,40504.jpg,Watches,Watches,1.0,OK
22241,ID Men Black Casual Shoe,Casual Shoes,Shoes,22241.jpg,Shoes,Shoes,0.99934703,OK
6007,Highlander Men Red Blue White Checked Shirt,Shirts,Topwear,6007.jpg,Topwear,Topwear,0.9999802,OK
35469,Catwalk Women Beads Multi Coloured Flats,Heels,Shoes,35469.jpg,Shoes,Shoes,0.9995691,OK
22949,Fastrack Unisex White Dial Watch 9915PP10,Watches,Watches,22949.jpg,Watches,Watches,0.99998915,OK
6683,UCB Men's Shiny Print Patch Black T-shirt,Tshirts,Topwear,6683.jpg,Topwear,Topwear,0.9999831,OK
12560,Tantra Men Printed Blue Tshirts,Tshirts,Topwear,12560.jpg,Topwear,Topwear,0.99998057,OK
14119,Flying Machine Women Printed Grey Tshirts,Tshirts,Topwear,14119.jpg,Topwear,Topwear,0.9999995,OK
31207,Nike Women Dual Fusion White Sports Shoes,Sports Shoes,Shoes,31207.jpg,Shoes,Shoes,0.999861,OK
19493,Levis Men Jazz Stripes Blue Brief,Briefs,Innerwear,19493.jpg,Innerwear,Innerwear,0.99998176,OK
30928,Fabindia Women Printed Blue Skirt,Skirts,Bottomwear,30928.jpg,Bottomwear,Bottomwear,0.994736,OK
6033,UCB Men's VNeck With Contrast Logo Black T-shirt,Tshirts,Topwear,6033.jpg,Topwear,Topwear,0.9529243,OK
18271,Aneri Women Blue Kurta,Kurtas,Topwear,18271.jpg,Topwear,Topwear,0.999946,OK
40269,Scullers Men White T-shirt,Tshirts,Topwear,40269.jpg,Topwear,Topwear,0.987992,OK
10126,Reebok Men Runtone Action White Sports Shoes,Sports Shoes,Shoes,10126.jpg,Shoes,Shoes,0.99990726,OK
8668,Fastrack Unisex Oval Sunglasses FTML006GLBK1,Sunglasses,Eyewear,8668.jpg,Eyewear,Eyewear,0.999938,OK
19325,Myntra Men Solid Grey Sweatshirt,Sweatshirts,Topwear,19325.jpg,Topwear,Topwear,0.9997458,OK
1794,Newfeel Brown 22L Bag,Backpacks,Bags,1794.jpg,Bags,Bags,1.0,OK
33077,U.S.Polo Assn. Men White Polo T-shirt,Tshirts,Topwear,33077.jpg,Topwear,Topwear,0.99999523,OK
26541,ID Men Black Shoes,Casual Shoes,Shoes,26541.jpg,Shoes,Shoes,0.9996755,OK
42802,Converse Men Black and Blue Shoes,Casual Shoes,Shoes,42802.jpg,Shoes,Shoes,0.94673663,OK
53797,Puma Men Black T-shirt,Tshirts,Topwear,53797.jpg,Topwear,Topwear,0.9996253,OK
48590,Lucera Women Silver Earrings,Earrings,Jewellery,48590.jpg,Jewellery,Jewellery,0.9995371,OK
15832,Visudh Pink Printed Ethnic Kurta,Kurtas,Topwear,15832.jpg,Topwear,Topwear,0.9999896,OK
32263,Fabindia Women Printed Orange Tunic,Tunics,Topwear,32263.jpg,Topwear,Topwear,0.99999714,OK
7223,Rockport Men's Schemerhorn Dark Brown Shoe,Formal Shoes,Shoes,7223.jpg,Shoes,Shoes,0.99998415,OK
32196,Fabindia Men Printed Blue Kurta,Kurtas,Topwear,32196.jpg,Topwear,Topwear,0.99988437,OK
25299,Lino Perros Women Sporty Brown Pouch,Handbags,Bags,25299.jpg,Bags,Bags,0.99996305,OK
4164,Reebok Men's Zigdhoni Silver Shoe,Sports Shoes,Shoes,4164.jpg,Shoes,Shoes,0.99992394,OK
44779,Lotto Men White Skateboard Shoes,Casual Shoes,Shoes,44779.jpg,Shoes,Shoes,0.99413246,OK
6913,Timberland Men Granite Trailway Black Floater,Sandals,Sandal,6913.jpg,Sandal,Sandal,0.99975175,OK
3691,Lotto Men's Honololu White Blue Shoe,Sports Shoes,Shoes,3691.jpg,Shoes,Shoes,0.99944574,OK
8765,Crocs Women Band Wedge Black Floater,Sports Sandals,Sandal,8765.jpg,Sandal,Sandal,0.61966723,OK
33109,Catwalk Women Pink Wedges,Heels,Shoes,33109.jpg,Shoes,Shoes,0.9997919,OK
24387,Folklore Women Brown Printed Kurta,Kurtas,Topwear,24387.jpg,Topwear,Topwear,0.9999387,OK
59006,Brut Men Original Deo,Deodorant,Fragrance,59006.jpg,Fragrance,Fragrance,0.9999888,OK
47520,Facit Men Charcoal Brief,Briefs,Innerwear,47520.jpg,Innerwear,Innerwear,0.9999244,OK
16470,Locomotive Men Check Blue Shirt,Shirts,Topwear,16470.jpg,Topwear,Topwear,0.99999774,OK
41744,Doodle Girls Printed White Top,Tops,Topwear,41744.jpg,Topwear,Topwear,0.9997799,OK
12598,Tantra Unisex Printed Orange Tshirts,Tshirts,Topwear,12598.jpg,Topwear,Topwear,0.9999491,OK
23044,Arrow Woman Brown Jeggings,Leggings,Bottomwear,23044.jpg,Bottomwear,Bottomwear,0.99999905,OK
24424,ADIDAS Men Vanquish 5 White Sports Shoes,Sports Shoes,Shoes,24424.jpg,Shoes,Shoes,0.99995387,OK
19099,Mother Earth Women Salmon Pink Kurta,Kurtas,Topwear,19099.jpg,Topwear,Topwear,0.99999046,OK
59686,Avirate Purple Boyshort Brief,Briefs,Innerwear,59686.jpg,Innerwear,Innerwear,0.99971753,OK
34650,Fila Women Top Fuel Black Sports Shoes,Sports Shoes,Shoes,34650.jpg,Shoes,Shoes,0.91524297,OK
56298,Biara Women Red Blush Bra,Bra,Innerwear,56298.jpg,Innerwear,Innerwear,0.9998466,OK
33646,Lotto Men Ridge Black Sandals,Sandals,Sandal,33646.jpg,Sandal,Sandal,0.9986559,OK
2676,Inkfruit Women Black T-shirt,Tshirts,Topwear,2676.jpg,Topwear,Topwear,0.9851527,OK
4540,Classic Polo Men's White Polo T-shirt,Tshirts,Topwear,4540.jpg,Topwear,Topwear,0.9785299,OK
20181,Wrangler Men Colorado Grey Shirt,Shirts,Topwear,20181.jpg,Topwear,Topwear,0.99983776,OK
11418,United Colors of Benetton Men Light Winter Black Tshirts,Tshirts,Topwear,11418.jpg,Topwear,Topwear,0.998254,OK
33570,Wrangler Men Grey Polo T-shirt,Tshirts,Topwear,33570.jpg,Topwear,Topwear,0.9989536,OK
52661,Mod-acc Women Blue Handbag,Handbags,Bags,52661.jpg,Bags,Bags,1.0,OK
52214,Lencia Sterling Silver Pendant,Pendant,Jewellery,52214.jpg,Jewellery,Jewellery,0.9999988,OK
49940,Hanes Men Navy Blue T-shirt,Tshirts,Topwear,49940.jpg,Topwear,Topwear,0.8321236,OK
59690,Avirate Grey Bra,Bra,Innerwear,59690.jpg,Innerwear,Innerwear,0.9999572,OK
38173,Miami Blues Women Sunglasses,Sunglasses,Eyewear,38173.jpg,Eyewear,Eyewear,0.99999964,OK
39292,Red Chief Men Black Sandals,Sandals,Sandal,39292.jpg,Sandal,Sandal,0.54456776,OK
20283,Basics Men White Checked Shirt,Shirts,Topwear,20283.jpg,Topwear,Topwear,0.9999112,OK
30878,Fabindia Women Printed Pink Kurta,Kurtas,Topwear,30878.jpg,Topwear,Topwear,0.9999925,OK
16772,ADIDAS Originals Unisex Black Dial Chronograph Watch ADH2571,Watches,Watches,16772.jpg,Watches,Watches,1.0,OK
44103,Dunhill Men Custom Perfume,Perfume and Body Mist,Fragrance,44103.jpg,Fragrance,Fragrance,0.9999957,OK
43636,Vero Moda Women Yellow Top,Tops,Topwear,43636.jpg,Topwear,Topwear,0.99996984,OK
45107,CASIO ENTICER Men Black Printed Dial Watch A019 MQ-76-L1AUL,Watches,Watches,45107.jpg,Watches,Watches,0.9999995,OK
12968,ADIDAS Men Allegra White Sports Shoes,Sports Shoes,Shoes,12968.jpg,Shoes,Shoes,0.9989127,OK
34274,Fabindia Women Printed Pink Dupatta,Dupatta,Topwear,34274.jpg,Topwear,Topwear,0.99999785,OK
43996,Police Men Dark Perfume,Perfume and Body Mist,Fragrance,43996.jpg,Fragrance,Fragrance,0.999998,OK
54716,Shree Women Pink and Olive Printed Kurta,Kurtas,Topwear,54716.jpg,Topwear,Topwear,0.9999509,OK
15686,Highlander Men Classic Chinos Khaki Trousers,Trousers,Bottomwear,15686.jpg,Bottomwear,Bottomwear,0.99998546,OK
21654,Enamor Women Smooth White Bra,Bra,Innerwear,21654.jpg,Innerwear,Innerwear,0.99999833,OK
54940,Do u speak green Women Burgundy T-shirt,Tshirts,Topwear,54940.jpg,Topwear,Topwear,0.992261,OK
18261,Aneri Women Anshu Blue Kurta,Kurtas,Topwear,18261.jpg,Topwear,Topwear,0.9999187,OK
37521,Madagascar3 Infant Boys Light Blue Shorts,Shorts,Bottomwear,37521.jpg,Bottomwear,Bottomwear,0.9999517,OK
22982,FILA Men White Volcano Sports Shoes,Sports Shoes,Shoes,22982.jpg,Shoes,Shoes,0.9999764,OK
24020,Locomotive Men Printed Charcoal T-shirt,Tshirts,Topwear,24020.jpg,Topwear,Topwear,0.99073106,OK
47038,Shree Women Red Kurta,Kurtas,Topwear,47038.jpg,Topwear,Topwear,0.99990904,OK
40549,Titan Women Black Watch,Watches,Watches,40549.jpg,Watches,Watches,0.9978649,OK
21743,Vans Unisex Classic Slip-On Black Casual Shoes,Casual Shoes,Shoes,21743.jpg,Shoes,Shoes,0.99794644,OK
8943,Indigo Nation Men Reversible Bling Blue Shirts,Shirts,Topwear,8943.jpg,Topwear,Topwear,0.9998585,OK
46801,Nike Men Grey & White Sports Shoes,Sports Shoes,Shoes,46801.jpg,Shoes,Shoes,0.9999857,OK
5995,Highlander Men Grey Blue Checked Slim Fit Shirt,Shirts,Topwear,5995.jpg,Topwear,Topwear,0.99807334,OK
22073,Vishudh Women Printed Green Kurta,Kurtas,Topwear,22073.jpg,Topwear,Topwear,0.999998,OK
58182,Rocky S Women Yellow Handbag,Handbags,Bags,58182.jpg,Bags,Bags,1.0,OK
40540,Titan Women White Dial Watch,Watches,Watches,40540.jpg,Watches,Watches,0.82460743,OK
52082,Myntra Men Green T-shirt,Tshirts,Topwear,52082.jpg,Topwear,Topwear,0.9992361,OK
27037,Yelloe Women Leather Brown Handbag,Handbags,Bags,27037.jpg,Bags,Bags,1.0,OK
13800,Proline Mens Grey Sweatshirt,Sweatshirts,Topwear,13800.jpg,Topwear,Topwear,0.9999746,OK
34072,Clarks Women Country Music Combi Leather Black Pumps,Heels,Shoes,34072.jpg,Shoes,Shoes,0.99993694,OK
57922,Femella Women Purple Leggings,Leggings,Bottomwear,57922.jpg,Bottomwear,Bottomwear,0.99993813,OK
18245,Manchester United Men Printed White Tshirt,Tshirts,Topwear,18245.jpg,Topwear,Topwear,0.9999993,OK
6351,Crocs Kids Red Clogs,Sandals,Sandal,6351.jpg,Sandal,Bags,0.57008946,ONE MODEL DISAGREES
59932,Diva Women White Kurta,Kurtas,Topwear,59932.jpg,Topwear,Topwear,0.99999917,OK
45935,Maxima Men White Dial Watch,Watches,Watches,45935.jpg,Watches,Watches,0.99998593,OK
34538,Red Tape Men Dark Brown Formal Shoes,Formal Shoes,Shoes,34538.jpg,Shoes,Shoes,0.99940526,OK
53779,Puma Women Black T-shirt,Tops,Topwear,53779.jpg,Topwear,Topwear,0.99999285,OK
53404,Alma Women Blue Printed Kurta,Kurtas,Topwear,53404.jpg,Topwear,Topwear,0.99997246,OK
5136,Wrangler Women Yoke Tucks Checks Pink White Top,Tops,Topwear,5136.jpg,Topwear,Topwear,0.9999976,OK
5158,Inkfruit Men's Hell Raiser Brown T-shirt,Tshirts,Topwear,5158.jpg,Topwear,Topwear,0.99980766,OK
4458,Nike Men's Graphic White Blue T-shirt,Tshirts,Topwear,4458.jpg,Topwear,Topwear,0.9998839,OK
57345,Amante Lavender Bra-BGEC01,Bra,Innerwear,57345.jpg,Innerwear,Innerwear,0.9999366,OK
22227,Little Miss Women Sunshine Pink T-shirt,Tshirts,Topwear,22227.jpg,Topwear,Topwear,0.99999845,OK
47564,Portia Women Brown Sandals,Heels,Shoes,47564.jpg,Shoes,Shoes,0.99410784,OK
34081,Clarks Men Brown Nature Three Mahogany Leather Casual Shoes,Casual Shoes,Shoes,34081.jpg,Shoes,Shoes,0.99919647,OK
24167,Aurelia Women Red Striped Kurti,Kurtis,Topwear,24167.jpg,Topwear,Topwear,0.9999982,OK
1885,FIFA Mens 1904 Heritage Shorts,Shorts,Bottomwear,1885.jpg,Bottomwear,Bottomwear,0.9974807,OK
48429,French Connection Men Beige & Black Striped T-shirt,Tshirts,Topwear,48429.jpg,Topwear,Topwear,0.9999802,OK
7574,Nike Men's Blue Polo T-shirt,Tshirts,Topwear,7574.jpg,Topwear,Topwear,0.9999355,OK
35183,Wildcraft Unisex Black Backpack,Backpacks,Bags,35183.jpg,Bags,Bags,0.99999905,OK
53609,Q&Q Men Black Digital Watch M051J007Y,Watches,Watches,53609.jpg,Watches,Watches,1.0,OK
34068,Clarks Women Cash Box Leather Black Heeled Shoes,Heels,Shoes,34068.jpg,Shoes,Shoes,0.9998155,OK
50484,Chromozome Men Dark Red Briefs,Briefs,Innerwear,50484.jpg,Innerwear,Innerwear,0.99997723,OK
18845,Puma Men Graphic Print Red Tshirt,Tshirts,Topwear,18845.jpg,Topwear,Topwear,0.9999975,OK
15530,Puma Men Jersey Polo Blue Tshirts,Tshirts,Topwear,15530.jpg,Topwear,Topwear,0.98006815,OK
21611,Enamor Women Smooth Pink Bra,Bra,Innerwear,21611.jpg,Innerwear,Innerwear,0.99979943,OK
52183,Lencia Sterling Silver Earrings,Earrings,Jewellery,52183.jpg,Jewellery,Jewellery,0.9999975,OK
43990,Police Men B-cool Perfume,Perfume and Body Mist,Fragrance,43990.jpg,Fragrance,Fragrance,0.99959487,OK
18690,Hanes Women Pack of Three 100% Cotton Plain Bikini Briefs,Briefs,Innerwear,18690.jpg,Innerwear,Innerwear,0.9958698,OK
46318,Fossil Men Brown Dial Chronograph Watch FS4702,Watches,Watches,46318.jpg,Watches,Watches,0.99999654,OK
29943,Police Men Black Dual Dial Watch PL13076JPCL-04,Watches,Watches,29943.jpg,Watches,Watches,1.0,OK
41012,Gini and Jony Boys Pack Of Two White T-shirt,Tshirts,Topwear,41012.jpg,Topwear,Topwear,0.9999862,OK
20557,Baggit Women Sawari Rose Brown Mobile Pouch,Mobile Pouch,Bags,20557.jpg,Bags,Bags,0.9975635,OK
18499,Puma Men Striped Navy Blue Sweater,Sweaters,Topwear,18499.jpg,Topwear,Topwear,0.99954623,OK
10673,Doodle Girl Ballet School Black Tops,Tops,Topwear,10673.jpg,Topwear,Topwear,0.99972075,OK
27193,Catwalk Women Blue Flats,Heels,Shoes,27193.jpg,Shoes,Shoes,0.9977545,OK
4543,Nike Womens Air Rele Purple Shoe,Sports Shoes,Shoes,4543.jpg,Shoes,Shoes,0.99993074,OK
7784,Proline Men Black Polo T-shirt,Tshirts,Topwear,7784.jpg,Topwear,Topwear,0.9999745,OK
28155,Ray-Ban Men New Wayfarer White Sunglasses,Sunglasses,Eyewear,28155.jpg,Eyewear,Eyewear,0.999998,OK
45835,Vishudh Women Blue Kurta,Kurtas,Topwear,45835.jpg,Topwear,Topwear,0.99999464,OK
36704,Burberry London Men Special Edition Perfume,Perfume and Body Mist,Fragrance,36704.jpg,Fragrance,Fragrance,0.9999968,OK
8690,Fastrack Unisex Sunglasses P089BR2,Sunglasses,Eyewear,8690.jpg,Eyewear,Eyewear,0.99999607,OK
14924,Mr. Men Green Sweatshirt,Sweatshirts,Topwear,14924.jpg,Topwear,Topwear,0.9998087,OK
34471,Puma Women Grey Sandals,Sports Sandals,Sandal,34471.jpg,Sandal,Sandal,0.9921515,OK
29711,John Miller Men Check Blue Shirt,Shirts,Topwear,29711.jpg,Topwear,Topwear,0.99994445,OK
39948,GAS Men White Casual Shoes,Casual Shoes,Shoes,39948.jpg,Shoes,Shoes,0.95694375,OK
5378,Quechua Arpenaz 50 Lady 10 Light,Sports Shoes,Shoes,5378.jpg,Shoes,Shoes,0.996391,OK
42530,Mother Earth Women Orange Kurta,Kurtas,Topwear,42530.jpg,Topwear,Topwear,0.99999666,OK
1913,Nike Mens Seize Victory Black T-shirt,Tshirts,Topwear,1913.jpg,Topwear,Topwear,0.9997181,OK
15888,Warner Bros Kids Girls TW Big Facelog Green Sandals,Sandals,Sandal,15888.jpg,Sandal,Sandal,0.9545276,OK
6830,Nike Men's Zoom Vomero Black Shoe,Sports Shoes,Shoes,6830.jpg,Shoes,Shoes,0.999967,OK
4044,ADIDAS Men's Snova Glide 3M White Silver Shoe,Sports Shoes,Shoes,4044.jpg,Shoes,Shoes,0.99983764,OK
2293,Nike Women Accuracy Pink T-shirt,Tshirts,Topwear,2293.jpg,Topwear,Topwear,0.99898905,OK
46182,Adrika Purple Teracotta  Jewellery Set,Jewellery Set,Jewellery,46182.jpg,Jewellery,Jewellery,0.99999213,OK
23631,Batman Men Off White Printed T-shirt,Tshirts,Topwear,23631.jpg,Topwear,Topwear,0.9977355,OK
54708,Shree Women Multicoloured Printed Kurta,Kurtas,Topwear,54708.jpg,Topwear,Topwear,0.9999893,OK
48361,French Connection Men Blue Shirt,Shirts,Topwear,48361.jpg,Topwear,Topwear,0.99991715,OK
29692,John Miller Men White Shirt,Shirts,Topwear,29692.jpg,Topwear,Topwear,0.99974674,OK
20166,Wrangler Men Biker Brown Shirt,Shirts,Topwear,20166.jpg,Topwear,Topwear,0.99997914,OK
33193,Sepia Women Printed Grey Top,Tops,Topwear,33193.jpg,Topwear,Topwear,0.9999869,OK
36508,United Colors of Benetton Women Cream Handbag,Handbags,Bags,36508.jpg,Bags,Bags,1.0,OK
32410,ADIDAS Women Blue Leggings,Leggings,Bottomwear,32410.jpg,Bottomwear,Bottomwear,0.99996316,OK
54942,Do u speak green Men Green T-shirt,Tshirts,Topwear,54942.jpg,Topwear,Topwear,0.9999987,OK
38344,Superman Boys Red Printed T-shirt,Tshirts,Topwear,38344.jpg,Topwear,Topwear,0.99951863,OK
6509,Red Tape Men Black Shoes,Formal Shoes,Shoes,6509.jpg,Shoes,Shoes,0.9983719,OK
4024,ADIDAS Unisex High Can Blue Shoe,Casual Shoes,Shoes,4024.jpg,Shoes,Shoes,0.9999715,OK
8100,Fastrack Women Steel Watch,Watches,Watches,8100.jpg,Watches,Watches,0.9999074,OK
22459,Myntra Women Purple Leggings,Leggings,Bottomwear,22459.jpg,Bottomwear,Bottomwear,0.9992279,OK
12823,Lotto Men Dynamo Yellow Casual Shoes,Casual Shoes,Shoes,12823.jpg,Shoes,Shoes,0.99894243,OK
18037,Lino Perros Women Solid Tan Handbag,Handbags,Bags,18037.jpg,Bags,Bags,1.0,OK
45788,Senorita Women Brown Sandals,Heels,Shoes,45788.jpg,Shoes,Shoes,0.877661,OK
8792,Indigo Nation Men Price catch Black White Shirts,Shirts,Topwear,8792.jpg,Topwear,Topwear,0.9996885,OK
41590,Basics Men Green Striped Shirt,Shirts,Topwear,41590.jpg,Topwear,Topwear,0.9999989,OK
52679,Morellato Women Silver Dial Watch,Watches,Watches,52679.jpg,Watches,Watches,0.9999981,OK
6648,Nike Men's Air 180 White Shoe,Casual Shoes,Shoes,6648.jpg,Shoes,Shoes,0.9999926,OK
26683,Puma Men Silly Point White Sports Shoes,Sports Shoes,Shoes,26683.jpg,Shoes,Shoes,0.99999607,OK
32422,ADIDAS Men One Love Black T-shirt,Tshirts,Topwear,32422.jpg,Topwear,Topwear,0.9998124,OK
25472,Nike Men Liteforce Navy Blue Casual Shoes,Casual Shoes,Shoes,25472.jpg,Shoes,Shoes,0.9999951,OK
28786,Denizen Men Striped Grey Shirt,Shirts,Topwear,28786.jpg,Topwear,Topwear,0.99888057,OK
33973,Femella Women Printed Blue Tunic,Tunics,Topwear,33973.jpg,Topwear,Topwear,0.99963593,OK
22093,Numero Uno Men Casual Brown Shoes,Casual Shoes,Shoes,22093.jpg,Shoes,Shoes,0.99961036,OK
13565,Hanes Men Racer Back White Innerwear Vests,Innerwear Vests,Innerwear,13565.jpg,Innerwear,Innerwear,0.9986713,OK
17568,Mark Taylor Men Blue & White Striped Shirt,Shirts,Topwear,17568.jpg,Topwear,Topwear,0.9997645,OK
12740,Timberland Unisex Solid Black Backpacks,Backpacks,Bags,12740.jpg,Bags,Bags,0.9992107,OK
5222,Wildcraft Unisex Black Cruiser Backpack,Backpacks,Bags,5222.jpg,Bags,Bags,1.0,OK
2740,Disney Kids Girl's Blue Kidswear,Tops,Topwear,2740.jpg,Topwear,Topwear,0.7467002,OK
8688,Fastrack Men Basics Black Sunglasses,Sunglasses,Eyewear,8688.jpg,Eyewear,Eyewear,0.9999627,OK
43875,Puma Men Black Shoes,Casual Shoes,Shoes,43875.jpg,Shoes,Shoes,0.9985304,OK
1624,Reebok Silver-Black Laptop Backpack,Backpacks,Bags,1624.jpg,Bags,Bags,0.99999905,OK
57521,Provogue Men Brown Casual Shoes,Casual Shoes,Shoes,57521.jpg,Shoes,Shoes,0.9996947,OK
46513,Timex Women White Dial Watch,Watches,Watches,46513.jpg,Watches,Watches,0.99999976,OK
42981,FCUK White & Blue Boxers,Boxers,Innerwear,42981.jpg,Innerwear,Innerwear,0.9631773,OK
16406,Levis Men Check Maroon Shirts,Shirts,Topwear,16406.jpg,Topwear,Topwear,0.999969,OK
19792,U.S. Polo Assn. Men Striped Purple Tshirt,Tshirts,Topwear,19792.jpg,Topwear,Topwear,0.999982,OK
43784,Royal Diadem Maroon Earrings,Earrings,Jewellery,43784.jpg,Jewellery,Jewellery,0.9999999,OK
